pair,cp_id,change_idx,change_date
dlog_SOLVPN__dlog_COPPER,1,410.0,2025-01-06
dlog_SOLVPN__dlog_COPPER,2,470.0,2025-04-28
dlog_SOLVPN__dlog_COPPER,3,525.0,2025-08-05
dlog_SOLVPN__dlog_GOLD,1,455.0,2025-03-31
dlog_SOLVPN__dlog_SILVER,1,555.0,2025-09-29
dlog_SOLVPN__dlog_DXY,1,415.0,2025-01-15
dlog_SOLVPN__dlog_DXY,2,480.0,2025-05-14
dlog_SOLVPN__dlog_GAS,1,40.0,2023-02-15
dlog_SOLVPN__dlog_GAS,2,180.0,2023-10-31
dlog_SOLVPN__dlog_GAS,3,225.0,2024-01-24
dlog_SOLVPN__dlog_GAS,4,380.0,2024-11-04
dlog_SOLVPN__dlog_GAS,5,435.0,2025-02-24
dlog_SOLVPN__d_UST10Y,1,495.0,2025-06-11
dlog_SOLVPN__d_VIX,1,60.0,2023-03-23
dlog_SOLVPN__d_VIX,2,320.0,2024-07-17
dlog_SOLVPN__d_VIX,3,470.0,2025-04-28
dlog_SOLVPN__d_PJM_LMP,1,40.0,2023-02-15
dlog_SOLVPN__d_PJM_LMP,2,125.0,2023-07-24
dlog_SOLVPN__d_PJM_LMP,3,225.0,2024-01-24
dlog_SOLVPN__d_PJM_LMP,4,310.0,2024-06-27
dlog_SOLVPN__d_PJM_LMP,5,350.0,2024-09-10
dlog_SOLVPN__d_PJM_LMP,6,410.0,2025-01-06
dlog_SOLVPN__d_PJM_LMP,7,450.0,2025-03-20
dlog_SOLVPN__d_PJM_LMP,8,500.0,2025-06-23
