pair,model,min_size,penalty,n_cp,min_segment_length,max_segment_length,segment_lengths,score,change_idx,change_dates,error_msg
dlog_SOLVPN__dlog_COPPER,rbf,40,10,0,606,606,606,100.0,,,
dlog_SOLVPN__dlog_COPPER,rbf,40,15,0,606,606,606,100.0,,,
dlog_SOLVPN__dlog_COPPER,rbf,40,20,0,606,606,606,100.0,,,
dlog_SOLVPN__dlog_COPPER,rbf,40,30,0,606,606,606,100.0,,,
dlog_SOLVPN__dlog_COPPER,rbf,40,50,0,606,606,606,100.0,,,
dlog_SOLVPN__dlog_COPPER,rbf,60,10,0,606,606,606,100.0,,,
dlog_SOLVPN__dlog_COPPER,rbf,60,15,0,606,606,606,100.0,,,
dlog_SOLVPN__dlog_COPPER,rbf,60,20,0,606,606,606,100.0,,,
dlog_SOLVPN__dlog_COPPER,rbf,60,30,0,606,606,606,100.0,,,
dlog_SOLVPN__dlog_COPPER,rbf,60,50,0,606,606,606,100.0,,,
dlog_SOLVPN__dlog_COPPER,rbf,80,10,0,606,606,606,100.0,,,
dlog_SOLVPN__dlog_COPPER,rbf,80,15,0,606,606,606,100.0,,,
dlog_SOLVPN__dlog_COPPER,rbf,80,20,0,606,606,606,100.0,,,
dlog_SOLVPN__dlog_COPPER,rbf,80,30,0,606,606,606,100.0,,,
dlog_SOLVPN__dlog_COPPER,rbf,80,50,0,606,606,606,100.0,,,
dlog_SOLVPN__dlog_COPPER,rbf,120,10,0,606,606,606,100.0,,,
dlog_SOLVPN__dlog_COPPER,rbf,120,15,0,606,606,606,100.0,,,
dlog_SOLVPN__dlog_COPPER,rbf,120,20,0,606,606,606,100.0,,,
dlog_SOLVPN__dlog_COPPER,rbf,120,30,0,606,606,606,100.0,,,
dlog_SOLVPN__dlog_COPPER,rbf,120,50,0,606,606,606,100.0,,,
dlog_SOLVPN__dlog_COPPER,normal,40,10,8,40,110,60|105|110|110|40|45|55|40|41,61.48623312064053,60|165|275|385|425|470|525|565,2023-03-23|2023-10-03|2024-04-24|2024-11-13|2025-02-04|2025-04-28|2025-08-05|2025-10-16,
dlog_SOLVPN__dlog_COPPER,normal,40,15,6,55,160,60|105|85|160|60|55|81,31.708561872882978,60|165|250|410|470|525,2023-03-23|2023-10-03|2024-03-11|2025-01-06|2025-04-28|2025-08-05,
dlog_SOLVPN__dlog_COPPER,normal,40,20,3,55,410,410|60|55|81,7.478176582563425,410|470|525,2025-01-06|2025-04-28|2025-08-05,
dlog_SOLVPN__dlog_COPPER,normal,40,30,3,55,410,410|60|55|81,7.478176582563425,410|470|525,2025-01-06|2025-04-28|2025-08-05,
dlog_SOLVPN__dlog_COPPER,normal,40,50,2,55,470,470|55|81,9.490082542668777,470|525,2025-04-28|2025-08-05,
dlog_SOLVPN__dlog_COPPER,normal,60,10,7,60,105,60|105|85|70|90|60|60|76,45.77489918699144,60|165|250|320|410|470|530,2023-03-23|2023-10-03|2024-03-11|2024-07-17|2025-01-06|2025-04-28|2025-08-13,
dlog_SOLVPN__dlog_COPPER,normal,60,15,6,60,160,60|105|85|160|60|60|76,31.68647077456723,60|165|250|410|470|530,2023-03-23|2023-10-03|2024-03-11|2025-01-06|2025-04-28|2025-08-13,
dlog_SOLVPN__dlog_COPPER,normal,60,20,3,60,410,410|60|60|76,7.46939589257391,410|470|530,2025-01-06|2025-04-28|2025-08-13,
dlog_SOLVPN__dlog_COPPER,normal,60,30,3,60,410,410|60|60|76,7.46939589257391,410|470|530,2025-01-06|2025-04-28|2025-08-13,
dlog_SOLVPN__dlog_COPPER,normal,60,50,2,60,470,470|60|76,9.480857907735283,470|530,2025-04-28|2025-08-13,
dlog_SOLVPN__dlog_COPPER,normal,80,10,6,80,115,80|85|85|80|115|80|81,30.58970764115858,80|165|250|330|445|525,2023-05-01|2023-10-03|2024-03-11|2024-08-05|2025-03-12|2025-08-05,
dlog_SOLVPN__dlog_COPPER,normal,80,15,2,81,440,440|85|81,8.414966825048491,440|525,2025-03-04|2025-08-05,
dlog_SOLVPN__dlog_COPPER,normal,80,20,2,81,440,440|85|81,8.414966825048491,440|525,2025-03-04|2025-08-05,
dlog_SOLVPN__dlog_COPPER,normal,80,30,2,81,440,440|85|81,8.414966825048491,440|525,2025-03-04|2025-08-05,
dlog_SOLVPN__dlog_COPPER,normal,80,50,1,101,505,505|101,10.100000000000001,505,2025-07-01,
dlog_SOLVPN__dlog_COPPER,normal,120,10,3,125,210,135|125|210|136,1.702388028623322,135|260|470,2023-08-09|2024-03-27|2025-04-28,
dlog_SOLVPN__dlog_COPPER,normal,120,15,2,136,320,320|150|136,4.181706190858782,320|470,2024-07-17|2025-04-28,
dlog_SOLVPN__dlog_COPPER,normal,120,20,1,151,455,455|151,7.6000000000000005,455,2025-03-31,
dlog_SOLVPN__dlog_COPPER,normal,120,30,1,151,455,455|151,7.6000000000000005,455,2025-03-31,
dlog_SOLVPN__dlog_COPPER,normal,120,50,1,151,455,455|151,7.6000000000000005,455,2025-03-31,
dlog_SOLVPN__dlog_GOLD,rbf,40,10,0,606,606,606,100.0,,,
dlog_SOLVPN__dlog_GOLD,rbf,40,15,0,606,606,606,100.0,,,
dlog_SOLVPN__dlog_GOLD,rbf,40,20,0,606,606,606,100.0,,,
dlog_SOLVPN__dlog_GOLD,rbf,40,30,0,606,606,606,100.0,,,
dlog_SOLVPN__dlog_GOLD,rbf,40,50,0,606,606,606,100.0,,,
dlog_SOLVPN__dlog_GOLD,rbf,60,10,0,606,606,606,100.0,,,
dlog_SOLVPN__dlog_GOLD,rbf,60,15,0,606,606,606,100.0,,,
dlog_SOLVPN__dlog_GOLD,rbf,60,20,0,606,606,606,100.0,,,
dlog_SOLVPN__dlog_GOLD,rbf,60,30,0,606,606,606,100.0,,,
dlog_SOLVPN__dlog_GOLD,rbf,60,50,0,606,606,606,100.0,,,
dlog_SOLVPN__dlog_GOLD,rbf,80,10,0,606,606,606,100.0,,,
dlog_SOLVPN__dlog_GOLD,rbf,80,15,0,606,606,606,100.0,,,
dlog_SOLVPN__dlog_GOLD,rbf,80,20,0,606,606,606,100.0,,,
dlog_SOLVPN__dlog_GOLD,rbf,80,30,0,606,606,606,100.0,,,
dlog_SOLVPN__dlog_GOLD,rbf,80,50,0,606,606,606,100.0,,,
dlog_SOLVPN__dlog_GOLD,rbf,120,10,0,606,606,606,100.0,,,
dlog_SOLVPN__dlog_GOLD,rbf,120,15,0,606,606,606,100.0,,,
dlog_SOLVPN__dlog_GOLD,rbf,120,20,0,606,606,606,100.0,,,
dlog_SOLVPN__dlog_GOLD,rbf,120,30,0,606,606,606,100.0,,,
dlog_SOLVPN__dlog_GOLD,rbf,120,50,0,606,606,606,100.0,,,
dlog_SOLVPN__dlog_GOLD,normal,40,10,7,40,165,105|50|90|165|40|40|60|56,47.00635708436958,105|155|245|410|450|490|550,2023-06-14|2023-09-14|2024-02-29|2025-01-06|2025-03-20|2025-06-03|2025-09-18,
dlog_SOLVPN__dlog_GOLD,normal,40,15,5,41,260,105|50|260|50|100|41,18.76939429263288,105|155|415|465|565,2023-06-14|2023-09-14|2025-01-15|2025-04-16|2025-10-16,
dlog_SOLVPN__dlog_GOLD,normal,40,20,1,151,455,455|151,7.6000000000000005,455,2025-03-31,
dlog_SOLVPN__dlog_GOLD,normal,40,30,1,151,455,455|151,7.6000000000000005,455,2025-03-31,
dlog_SOLVPN__dlog_GOLD,normal,40,50,1,151,455,455|151,7.6000000000000005,455,2025-03-31,
dlog_SOLVPN__dlog_GOLD,normal,60,10,6,60,155,105|60|80|155|65|80|61,31.573634814883125,105|165|245|400|465|545,2023-06-14|2023-10-03|2024-02-29|2024-12-11|2025-04-16|2025-09-10,
dlog_SOLVPN__dlog_GOLD,normal,60,15,5,61,230,105|65|230|65|80|61,17.97839442205584,105|170|400|465|545,2023-06-14|2023-10-12|2024-12-11|2025-04-16|2025-09-10,
dlog_SOLVPN__dlog_GOLD,normal,60,20,1,151,455,455|151,7.6000000000000005,455,2025-03-31,
dlog_SOLVPN__dlog_GOLD,normal,60,30,1,151,455,455|151,7.6000000000000005,455,2025-03-31,
dlog_SOLVPN__dlog_GOLD,normal,60,50,1,151,455,455|151,7.6000000000000005,455,2025-03-31,
dlog_SOLVPN__dlog_GOLD,normal,80,10,5,80,141,85|80|80|135|85|141,16.31497781983829,85|165|245|380|465,2023-05-09|2023-10-03|2024-02-29|2024-11-04|2025-04-16,
dlog_SOLVPN__dlog_GOLD,normal,80,15,3,85,285,85|85|285|151,4.0825084200770485,85|170|455,2023-05-09|2023-10-12|2025-03-31,
dlog_SOLVPN__dlog_GOLD,normal,80,20,1,151,455,455|151,7.6000000000000005,455,2025-03-31,
dlog_SOLVPN__dlog_GOLD,normal,80,30,1,151,455,455|151,7.6000000000000005,455,2025-03-31,
dlog_SOLVPN__dlog_GOLD,normal,80,50,1,151,455,455|151,7.6000000000000005,455,2025-03-31,
dlog_SOLVPN__dlog_GOLD,normal,120,10,1,151,455,455|151,7.6000000000000005,455,2025-03-31,
dlog_SOLVPN__dlog_GOLD,normal,120,15,1,151,455,455|151,7.6000000000000005,455,2025-03-31,
dlog_SOLVPN__dlog_GOLD,normal,120,20,1,151,455,455|151,7.6000000000000005,455,2025-03-31,
dlog_SOLVPN__dlog_GOLD,normal,120,30,1,151,455,455|151,7.6000000000000005,455,2025-03-31,
dlog_SOLVPN__dlog_GOLD,normal,120,50,1,151,455,455|151,7.6000000000000005,455,2025-03-31,
dlog_SOLVPN__dlog_SILVER,rbf,40,10,0,606,606,606,100.0,,,
dlog_SOLVPN__dlog_SILVER,rbf,40,15,0,606,606,606,100.0,,,
dlog_SOLVPN__dlog_SILVER,rbf,40,20,0,606,606,606,100.0,,,
dlog_SOLVPN__dlog_SILVER,rbf,40,30,0,606,606,606,100.0,,,
dlog_SOLVPN__dlog_SILVER,rbf,40,50,0,606,606,606,100.0,,,
dlog_SOLVPN__dlog_SILVER,rbf,60,10,0,606,606,606,100.0,,,
dlog_SOLVPN__dlog_SILVER,rbf,60,15,0,606,606,606,100.0,,,
dlog_SOLVPN__dlog_SILVER,rbf,60,20,0,606,606,606,100.0,,,
dlog_SOLVPN__dlog_SILVER,rbf,60,30,0,606,606,606,100.0,,,
dlog_SOLVPN__dlog_SILVER,rbf,60,50,0,606,606,606,100.0,,,
dlog_SOLVPN__dlog_SILVER,rbf,80,10,0,606,606,606,100.0,,,
dlog_SOLVPN__dlog_SILVER,rbf,80,15,0,606,606,606,100.0,,,
dlog_SOLVPN__dlog_SILVER,rbf,80,20,0,606,606,606,100.0,,,
dlog_SOLVPN__dlog_SILVER,rbf,80,30,0,606,606,606,100.0,,,
dlog_SOLVPN__dlog_SILVER,rbf,80,50,0,606,606,606,100.0,,,
dlog_SOLVPN__dlog_SILVER,rbf,120,10,0,606,606,606,100.0,,,
dlog_SOLVPN__dlog_SILVER,rbf,120,15,0,606,606,606,100.0,,,
dlog_SOLVPN__dlog_SILVER,rbf,120,20,0,606,606,606,100.0,,,
dlog_SOLVPN__dlog_SILVER,rbf,120,30,0,606,606,606,100.0,,,
dlog_SOLVPN__dlog_SILVER,rbf,120,50,0,606,606,606,100.0,,,
dlog_SOLVPN__dlog_SILVER,normal,40,10,4,51,285,285|90|95|85|51,4.16706131464369,285|375|470|555,2024-05-13|2024-10-24|2025-04-28|2025-09-29,
dlog_SOLVPN__dlog_SILVER,normal,40,15,4,51,285,285|90|95|85|51,4.16706131464369,285|375|470|555,2024-05-13|2024-10-24|2025-04-28|2025-09-29,
dlog_SOLVPN__dlog_SILVER,normal,40,20,3,50,415,415|50|90|51,7.649223816832659,415|465|555,2025-01-15|2025-04-16|2025-09-29,
dlog_SOLVPN__dlog_SILVER,normal,40,30,1,51,555,555|51,12.600000000000001,555,2025-09-29,
dlog_SOLVPN__dlog_SILVER,normal,40,50,1,51,555,555|51,12.600000000000001,555,2025-09-29,
dlog_SOLVPN__dlog_SILVER,normal,60,10,4,61,285,285|90|95|75|61,4.138163844025512,285|375|470|545,2024-05-13|2024-10-24|2025-04-28|2025-09-10,
dlog_SOLVPN__dlog_SILVER,normal,60,15,4,61,285,285|90|95|75|61,4.138163844025512,285|375|470|545,2024-05-13|2024-10-24|2025-04-28|2025-09-10,
dlog_SOLVPN__dlog_SILVER,normal,60,20,3,60,410,410|60|75|61,7.468140665520434,410|470|545,2025-01-06|2025-04-28|2025-09-10,
dlog_SOLVPN__dlog_SILVER,normal,60,30,1,61,545,545|61,12.100000000000001,545,2025-09-10,
dlog_SOLVPN__dlog_SILVER,normal,60,50,0,606,606,606,100.0,,,
dlog_SOLVPN__dlog_SILVER,normal,80,10,3,90,285,285|90|95|136,3.955771100556755,285|375|470,2024-05-13|2024-10-24|2025-04-28,
dlog_SOLVPN__dlog_SILVER,normal,80,15,1,81,525,525|81,11.100000000000001,525,2025-08-05,
dlog_SOLVPN__dlog_SILVER,normal,80,20,1,81,525,525|81,11.100000000000001,525,2025-08-05,
dlog_SOLVPN__dlog_SILVER,normal,80,30,1,81,525,525|81,11.100000000000001,525,2025-08-05,
dlog_SOLVPN__dlog_SILVER,normal,80,50,0,606,606,606,100.0,,,
dlog_SOLVPN__dlog_SILVER,normal,120,10,2,136,285,285|185|136,3.1002688055500394,285|470,2024-05-13|2025-04-28,
dlog_SOLVPN__dlog_SILVER,normal,120,15,1,285,321,285|321,0.9,285,2024-05-13,
dlog_SOLVPN__dlog_SILVER,normal,120,20,1,285,321,285|321,0.9,285,2024-05-13,
dlog_SOLVPN__dlog_SILVER,normal,120,30,0,606,606,606,100.0,,,
dlog_SOLVPN__dlog_SILVER,normal,120,50,0,606,606,606,100.0,,,
dlog_SOLVPN__dlog_DXY,rbf,40,10,0,606,606,606,100.0,,,
dlog_SOLVPN__dlog_DXY,rbf,40,15,0,606,606,606,100.0,,,
dlog_SOLVPN__dlog_DXY,rbf,40,20,0,606,606,606,100.0,,,
dlog_SOLVPN__dlog_DXY,rbf,40,30,0,606,606,606,100.0,,,
dlog_SOLVPN__dlog_DXY,rbf,40,50,0,606,606,606,100.0,,,
dlog_SOLVPN__dlog_DXY,rbf,60,10,0,606,606,606,100.0,,,
dlog_SOLVPN__dlog_DXY,rbf,60,15,0,606,606,606,100.0,,,
dlog_SOLVPN__dlog_DXY,rbf,60,20,0,606,606,606,100.0,,,
dlog_SOLVPN__dlog_DXY,rbf,60,30,0,606,606,606,100.0,,,
dlog_SOLVPN__dlog_DXY,rbf,60,50,0,606,606,606,100.0,,,
dlog_SOLVPN__dlog_DXY,rbf,80,10,0,606,606,606,100.0,,,
dlog_SOLVPN__dlog_DXY,rbf,80,15,0,606,606,606,100.0,,,
dlog_SOLVPN__dlog_DXY,rbf,80,20,0,606,606,606,100.0,,,
dlog_SOLVPN__dlog_DXY,rbf,80,30,0,606,606,606,100.0,,,
dlog_SOLVPN__dlog_DXY,rbf,80,50,0,606,606,606,100.0,,,
dlog_SOLVPN__dlog_DXY,rbf,120,10,0,606,606,606,100.0,,,
dlog_SOLVPN__dlog_DXY,rbf,120,15,0,606,606,606,100.0,,,
dlog_SOLVPN__dlog_DXY,rbf,120,20,0,606,606,606,100.0,,,
dlog_SOLVPN__dlog_DXY,rbf,120,30,0,606,606,606,100.0,,,
dlog_SOLVPN__dlog_DXY,rbf,120,50,0,606,606,606,100.0,,,
dlog_SOLVPN__dlog_DXY,normal,40,10,5,40,215,215|165|40|50|95|41,18.35720617974728,215|380|420|470|565,2024-01-04|2024-11-04|2025-01-27|2025-04-28|2025-10-16,
dlog_SOLVPN__dlog_DXY,normal,40,15,5,40,215,215|165|40|50|95|41,18.35720617974728,215|380|420|470|565,2024-01-04|2024-11-04|2025-01-27|2025-04-28|2025-10-16,
dlog_SOLVPN__dlog_DXY,normal,40,20,3,41,415,415|55|95|41,7.670845781268191,415|470|565,2025-01-15|2025-04-28|2025-10-16,
dlog_SOLVPN__dlog_DXY,normal,40,30,2,65,415,415|65|126,7.632933031716359,415|480,2025-01-15|2025-05-14,
dlog_SOLVPN__dlog_DXY,normal,40,50,0,606,606,606,100.0,,,
dlog_SOLVPN__dlog_DXY,normal,60,10,4,60,325,85|325|60|70|66,5.11169247901319,85|410|470|540,2023-05-09|2025-01-06|2025-04-28|2025-09-02,
dlog_SOLVPN__dlog_DXY,normal,60,15,4,60,325,85|325|60|70|66,5.11169247901319,85|410|470|540,2023-05-09|2025-01-06|2025-04-28|2025-09-02,
dlog_SOLVPN__dlog_DXY,normal,60,20,3,60,410,410|60|70|66,7.4643737178680984,410|470|540,2025-01-06|2025-04-28|2025-09-02,
dlog_SOLVPN__dlog_DXY,normal,60,30,2,65,415,415|65|126,7.632933031716359,415|480,2025-01-15|2025-05-14,
dlog_SOLVPN__dlog_DXY,normal,60,50,0,606,606,606,100.0,,,
dlog_SOLVPN__dlog_DXY,normal,80,10,3,85,325,85|325|95|101,5.016659745288692,85|410|505,2023-05-09|2025-01-06|2025-07-01,
dlog_SOLVPN__dlog_DXY,normal,80,15,3,85,325,85|325|95|101,5.016659745288692,85|410|505,2023-05-09|2025-01-06|2025-07-01,
dlog_SOLVPN__dlog_DXY,normal,80,20,2,90,415,415|90|101,7.534033890729898,415|505,2025-01-15|2025-07-01,
dlog_SOLVPN__dlog_DXY,normal,80,30,2,90,415,415|90|101,7.534033890729898,415|505,2025-01-15|2025-07-01,
dlog_SOLVPN__dlog_DXY,normal,80,50,0,606,606,606,100.0,,,
dlog_SOLVPN__dlog_DXY,normal,120,10,3,120,215,215|145|120|126,1.8902711445715932,215|360|480,2024-01-04|2024-09-26|2025-05-14,
dlog_SOLVPN__dlog_DXY,normal,120,15,2,165,226,215|165|226,1.3272779161376365,215|380,2024-01-04|2024-11-04,
dlog_SOLVPN__dlog_DXY,normal,120,20,1,191,415,415|191,5.6000000000000005,415,2025-01-15,
dlog_SOLVPN__dlog_DXY,normal,120,30,1,191,415,415|191,5.6000000000000005,415,2025-01-15,
dlog_SOLVPN__dlog_DXY,normal,120,50,0,606,606,606,100.0,,,
dlog_SOLVPN__dlog_OIL,rbf,40,10,0,606,606,606,100.0,,,
dlog_SOLVPN__dlog_OIL,rbf,40,15,0,606,606,606,100.0,,,
dlog_SOLVPN__dlog_OIL,rbf,40,20,0,606,606,606,100.0,,,
dlog_SOLVPN__dlog_OIL,rbf,40,30,0,606,606,606,100.0,,,
dlog_SOLVPN__dlog_OIL,rbf,40,50,0,606,606,606,100.0,,,
dlog_SOLVPN__dlog_OIL,rbf,60,10,0,606,606,606,100.0,,,
dlog_SOLVPN__dlog_OIL,rbf,60,15,0,606,606,606,100.0,,,
dlog_SOLVPN__dlog_OIL,rbf,60,20,0,606,606,606,100.0,,,
dlog_SOLVPN__dlog_OIL,rbf,60,30,0,606,606,606,100.0,,,
dlog_SOLVPN__dlog_OIL,rbf,60,50,0,606,606,606,100.0,,,
dlog_SOLVPN__dlog_OIL,rbf,80,10,0,606,606,606,100.0,,,
dlog_SOLVPN__dlog_OIL,rbf,80,15,0,606,606,606,100.0,,,
dlog_SOLVPN__dlog_OIL,rbf,80,20,0,606,606,606,100.0,,,
dlog_SOLVPN__dlog_OIL,rbf,80,30,0,606,606,606,100.0,,,
dlog_SOLVPN__dlog_OIL,rbf,80,50,0,606,606,606,100.0,,,
dlog_SOLVPN__dlog_OIL,rbf,120,10,0,606,606,606,100.0,,,
dlog_SOLVPN__dlog_OIL,rbf,120,15,0,606,606,606,100.0,,,
dlog_SOLVPN__dlog_OIL,rbf,120,20,0,606,606,606,100.0,,,
dlog_SOLVPN__dlog_OIL,rbf,120,30,0,606,606,606,100.0,,,
dlog_SOLVPN__dlog_OIL,rbf,120,50,0,606,606,606,100.0,,,
dlog_SOLVPN__dlog_OIL,normal,40,10,7,45,110,110|45|65|100|60|90|70|66,46.031003758480054,110|155|220|320|380|470|540,2023-06-26|2023-09-14|2024-01-16|2024-07-17|2024-11-04|2025-04-28|2025-09-02,
dlog_SOLVPN__dlog_OIL,normal,40,15,5,60,220,220|100|60|90|70|66,17.75,220|320|380|470|540,2024-01-16|2024-07-17|2024-11-04|2025-04-28|2025-09-02,
dlog_SOLVPN__dlog_OIL,normal,40,20,3,50,420,420|50|70|66,7.759953285941869,420|470|540,2025-01-27|2025-04-28|2025-09-02,
dlog_SOLVPN__dlog_OIL,normal,40,30,0,606,606,606,100.0,,,
dlog_SOLVPN__dlog_OIL,normal,40,50,0,606,606,606,100.0,,,
dlog_SOLVPN__dlog_OIL,normal,60,10,5,60,220,220|100|60|90|70|66,17.75,220|320|380|470|540,2024-01-16|2024-07-17|2024-11-04|2025-04-28|2025-09-02,
dlog_SOLVPN__dlog_OIL,normal,60,15,5,60,220,220|100|60|90|70|66,17.75,220|320|380|470|540,2024-01-16|2024-07-17|2024-11-04|2025-04-28|2025-09-02,
dlog_SOLVPN__dlog_OIL,normal,60,20,3,66,380,380|90|70|66,6.611873788874075,380|470|540,2024-11-04|2025-04-28|2025-09-02,
dlog_SOLVPN__dlog_OIL,normal,60,30,0,606,606,606,100.0,,,
dlog_SOLVPN__dlog_OIL,normal,60,50,0,606,606,606,100.0,,,
dlog_SOLVPN__dlog_OIL,normal,80,10,3,100,220,220|100|185|101,2.6240474462173893,220|320|505,2024-01-16|2024-07-17|2025-07-01,
dlog_SOLVPN__dlog_OIL,normal,80,15,2,90,380,380|90|136,6.362913378843583,380|470,2024-11-04|2025-04-28,
dlog_SOLVPN__dlog_OIL,normal,80,20,0,606,606,606,100.0,,,
dlog_SOLVPN__dlog_OIL,normal,80,30,0,606,606,606,100.0,,,
dlog_SOLVPN__dlog_OIL,normal,80,50,0,606,606,606,100.0,,,
dlog_SOLVPN__dlog_OIL,normal,120,10,3,120,205,205|120|145|136,1.6079878730886001,205|325|470,2023-12-14|2024-07-25|2025-04-28,
dlog_SOLVPN__dlog_OIL,normal,120,15,0,606,606,606,100.0,,,
dlog_SOLVPN__dlog_OIL,normal,120,20,0,606,606,606,100.0,,,
dlog_SOLVPN__dlog_OIL,normal,120,30,0,606,606,606,100.0,,,
dlog_SOLVPN__dlog_OIL,normal,120,50,0,606,606,606,100.0,,,
dlog_SOLVPN__dlog_GAS,rbf,40,10,0,606,606,606,100.0,,,
dlog_SOLVPN__dlog_GAS,rbf,40,15,0,606,606,606,100.0,,,
dlog_SOLVPN__dlog_GAS,rbf,40,20,0,606,606,606,100.0,,,
dlog_SOLVPN__dlog_GAS,rbf,40,30,0,606,606,606,100.0,,,
dlog_SOLVPN__dlog_GAS,rbf,40,50,0,606,606,606,100.0,,,
dlog_SOLVPN__dlog_GAS,rbf,60,10,0,606,606,606,100.0,,,
dlog_SOLVPN__dlog_GAS,rbf,60,15,0,606,606,606,100.0,,,
dlog_SOLVPN__dlog_GAS,rbf,60,20,0,606,606,606,100.0,,,
dlog_SOLVPN__dlog_GAS,rbf,60,30,0,606,606,606,100.0,,,
dlog_SOLVPN__dlog_GAS,rbf,60,50,0,606,606,606,100.0,,,
dlog_SOLVPN__dlog_GAS,rbf,80,10,0,606,606,606,100.0,,,
dlog_SOLVPN__dlog_GAS,rbf,80,15,0,606,606,606,100.0,,,
dlog_SOLVPN__dlog_GAS,rbf,80,20,0,606,606,606,100.0,,,
dlog_SOLVPN__dlog_GAS,rbf,80,30,0,606,606,606,100.0,,,
dlog_SOLVPN__dlog_GAS,rbf,80,50,0,606,606,606,100.0,,,
dlog_SOLVPN__dlog_GAS,rbf,120,10,0,606,606,606,100.0,,,
dlog_SOLVPN__dlog_GAS,rbf,120,15,0,606,606,606,100.0,,,
dlog_SOLVPN__dlog_GAS,rbf,120,20,0,606,606,606,100.0,,,
dlog_SOLVPN__dlog_GAS,rbf,120,30,0,606,606,606,100.0,,,
dlog_SOLVPN__dlog_GAS,rbf,120,50,0,606,606,606,100.0,,,
dlog_SOLVPN__dlog_GAS,normal,40,10,10,40,75,40|75|65|45|75|75|45|45|40|60|41,90.71841193091383,40|115|180|225|300|375|420|465|505|565,2023-02-15|2023-07-05|2023-10-31|2024-01-24|2024-06-10|2024-10-24|2025-01-27|2025-04-16|2025-07-01|2025-10-16,
dlog_SOLVPN__dlog_GAS,normal,40,15,7,40,155,40|140|45|155|55|70|60|41,47.13245017526788,40|180|225|380|435|505|565,2023-02-15|2023-10-31|2024-01-24|2024-11-04|2025-02-24|2025-07-01|2025-10-16,
dlog_SOLVPN__dlog_GAS,normal,40,20,7,40,155,40|140|45|155|55|70|60|41,47.13245017526788,40|180|225|380|435|505|565,2023-02-15|2023-10-31|2024-01-24|2024-11-04|2025-02-24|2025-07-01|2025-10-16,
dlog_SOLVPN__dlog_GAS,normal,40,30,5,40,171,40|140|45|155|55|171,17.762094615806394,40|180|225|380|435,2023-02-15|2023-10-31|2024-01-24|2024-11-04|2025-02-24,
dlog_SOLVPN__dlog_GAS,normal,40,50,4,40,215,215|40|125|55|171,3.3368248380758616,215|255|380|435,2024-01-04|2024-03-19|2024-11-04|2025-02-24,
dlog_SOLVPN__dlog_GAS,normal,60,10,8,60,110,60|60|60|60|60|75|60|110|61,60.78916270678345,60|120|180|240|300|375|435|545,2023-03-23|2023-07-13|2023-10-31|2024-02-21|2024-06-10|2024-10-24|2025-02-24|2025-09-10,
dlog_SOLVPN__dlog_GAS,normal,60,15,5,60,161,60|120|60|140|65|161,17.05548047910945,60|180|240|380|445,2023-03-23|2023-10-31|2024-02-21|2024-11-04|2025-03-12,
dlog_SOLVPN__dlog_GAS,normal,60,20,5,60,171,60|120|60|135|60|171,17.185177338341216,60|180|240|375|435,2023-03-23|2023-10-31|2024-02-21|2024-10-24|2025-02-24,
dlog_SOLVPN__dlog_GAS,normal,60,30,5,60,171,60|120|60|135|60|171,17.185177338341216,60|180|240|375|435,2023-03-23|2023-10-31|2024-02-21|2024-10-24|2025-02-24,
dlog_SOLVPN__dlog_GAS,normal,60,50,4,60,180,180|60|135|60|171,2.609482707357916,180|240|375|435,2023-10-31|2024-02-21|2024-10-24|2025-02-24,
dlog_SOLVPN__dlog_GAS,normal,80,10,5,80,141,100|80|80|120|85|141,16.136515141415487,100|180|260|380|465,2023-06-06|2023-10-31|2024-03-27|2024-11-04|2025-04-16,
dlog_SOLVPN__dlog_GAS,normal,80,15,5,80,141,100|80|80|120|85|141,16.136515141415487,100|180|260|380|465,2023-06-06|2023-10-31|2024-03-27|2024-11-04|2025-04-16,
dlog_SOLVPN__dlog_GAS,normal,80,20,4,80,220,220|80|80|85|141,2.725692572540051,220|300|380|465,2024-01-16|2024-06-10|2024-11-04|2025-04-16,
dlog_SOLVPN__dlog_GAS,normal,80,30,4,80,220,220|80|80|85|141,2.725692572540051,220|300|380|465,2024-01-16|2024-06-10|2024-11-04|2025-04-16,
dlog_SOLVPN__dlog_GAS,normal,80,50,2,171,220,220|215|171,1.1007573150638912,220|435,2024-01-16|2025-02-24,
dlog_SOLVPN__dlog_GAS,normal,120,10,3,120,180,180|120|135|171,1.239203373139373,180|300|435,2023-10-31|2024-06-10|2025-02-24,
dlog_SOLVPN__dlog_GAS,normal,120,15,2,171,220,220|215|171,1.1007573150638912,220|435,2024-01-16|2025-02-24,
dlog_SOLVPN__dlog_GAS,normal,120,20,2,171,220,220|215|171,1.1007573150638912,220|435,2024-01-16|2025-02-24,
dlog_SOLVPN__dlog_GAS,normal,120,30,2,171,220,220|215|171,1.1007573150638912,220|435,2024-01-16|2025-02-24,
dlog_SOLVPN__dlog_GAS,normal,120,50,2,171,220,220|215|171,1.1007573150638912,220|435,2024-01-16|2025-02-24,
dlog_SOLVPN__d_UST10Y,rbf,40,10,0,606,606,606,100.0,,,
dlog_SOLVPN__d_UST10Y,rbf,40,15,0,606,606,606,100.0,,,
dlog_SOLVPN__d_UST10Y,rbf,40,20,0,606,606,606,100.0,,,
dlog_SOLVPN__d_UST10Y,rbf,40,30,0,606,606,606,100.0,,,
dlog_SOLVPN__d_UST10Y,rbf,40,50,0,606,606,606,100.0,,,
dlog_SOLVPN__d_UST10Y,rbf,60,10,0,606,606,606,100.0,,,
dlog_SOLVPN__d_UST10Y,rbf,60,15,0,606,606,606,100.0,,,
dlog_SOLVPN__d_UST10Y,rbf,60,20,0,606,606,606,100.0,,,
dlog_SOLVPN__d_UST10Y,rbf,60,30,0,606,606,606,100.0,,,
dlog_SOLVPN__d_UST10Y,rbf,60,50,0,606,606,606,100.0,,,
dlog_SOLVPN__d_UST10Y,rbf,80,10,0,606,606,606,100.0,,,
dlog_SOLVPN__d_UST10Y,rbf,80,15,0,606,606,606,100.0,,,
dlog_SOLVPN__d_UST10Y,rbf,80,20,0,606,606,606,100.0,,,
dlog_SOLVPN__d_UST10Y,rbf,80,30,0,606,606,606,100.0,,,
dlog_SOLVPN__d_UST10Y,rbf,80,50,0,606,606,606,100.0,,,
dlog_SOLVPN__d_UST10Y,rbf,120,10,0,606,606,606,100.0,,,
dlog_SOLVPN__d_UST10Y,rbf,120,15,0,606,606,606,100.0,,,
dlog_SOLVPN__d_UST10Y,rbf,120,20,0,606,606,606,100.0,,,
dlog_SOLVPN__d_UST10Y,rbf,120,30,0,606,606,606,100.0,,,
dlog_SOLVPN__d_UST10Y,rbf,120,50,0,606,606,606,100.0,,,
dlog_SOLVPN__d_UST10Y,normal,40,10,7,40,195,65|50|60|40|195|60|70|66,47.29819902314834,65|115|175|215|410|470|540,2023-04-03|2023-07-05|2023-10-23|2024-01-04|2025-01-06|2025-04-28|2025-09-02,
dlog_SOLVPN__d_UST10Y,normal,40,15,4,60,295,115|295|60|70|66,4.453021446164391,115|410|470|540,2023-07-05|2025-01-06|2025-04-28|2025-09-02,
dlog_SOLVPN__d_UST10Y,normal,40,20,4,60,295,115|295|60|70|66,4.453021446164391,115|410|470|540,2023-07-05|2025-01-06|2025-04-28|2025-09-02,
dlog_SOLVPN__d_UST10Y,normal,40,30,1,111,495,495|111,9.600000000000001,495,2025-06-11,
dlog_SOLVPN__d_UST10Y,normal,40,50,1,111,495,495|111,9.600000000000001,495,2025-06-11,
dlog_SOLVPN__d_UST10Y,normal,60,10,6,60,160,115|60|75|160|60|70|66,31.736551826148002,115|175|250|410|470|540,2023-07-05|2023-10-23|2024-03-11|2025-01-06|2025-04-28|2025-09-02,
dlog_SOLVPN__d_UST10Y,normal,60,15,4,60,295,115|295|60|70|66,4.453021446164391,115|410|470|540,2023-07-05|2025-01-06|2025-04-28|2025-09-02,
dlog_SOLVPN__d_UST10Y,normal,60,20,4,60,295,115|295|60|70|66,4.453021446164391,115|410|470|540,2023-07-05|2025-01-06|2025-04-28|2025-09-02,
dlog_SOLVPN__d_UST10Y,normal,60,30,1,111,495,495|111,9.600000000000001,495,2025-06-11,
dlog_SOLVPN__d_UST10Y,normal,60,50,1,111,495,495|111,9.600000000000001,495,2025-06-11,
dlog_SOLVPN__d_UST10Y,normal,80,10,4,80,205,115|90|205|80|116,2.2089363956438404,115|205|410|490,2023-07-05|2023-12-14|2025-01-06|2025-06-03,
dlog_SOLVPN__d_UST10Y,normal,80,15,3,80,295,115|295|80|116,4.20542804004539,115|410|490,2023-07-05|2025-01-06|2025-06-03,
dlog_SOLVPN__d_UST10Y,normal,80,20,3,80,295,115|295|80|116,4.20542804004539,115|410|490,2023-07-05|2025-01-06|2025-06-03,
dlog_SOLVPN__d_UST10Y,normal,80,30,1,111,495,495|111,9.600000000000001,495,2025-06-11,
dlog_SOLVPN__d_UST10Y,normal,80,50,1,111,495,495|111,9.600000000000001,495,2025-06-11,
dlog_SOLVPN__d_UST10Y,normal,120,10,3,120,200,120|200|165|121,1.6690191730474517,120|320|485,2023-07-13|2024-07-17|2025-05-22,
dlog_SOLVPN__d_UST10Y,normal,120,15,3,120,200,120|200|165|121,1.6690191730474517,120|320|485,2023-07-13|2024-07-17|2025-05-22,
dlog_SOLVPN__d_UST10Y,normal,120,20,3,120,200,120|200|165|121,1.6690191730474517,120|320|485,2023-07-13|2024-07-17|2025-05-22,
dlog_SOLVPN__d_UST10Y,normal,120,30,1,121,485,485|121,9.1,485,2025-05-22,
dlog_SOLVPN__d_UST10Y,normal,120,50,1,121,485,485|121,9.1,485,2025-05-22,
dlog_SOLVPN__d_VIX,rbf,40,10,0,606,606,606,100.0,,,
dlog_SOLVPN__d_VIX,rbf,40,15,0,606,606,606,100.0,,,
dlog_SOLVPN__d_VIX,rbf,40,20,0,606,606,606,100.0,,,
dlog_SOLVPN__d_VIX,rbf,40,30,0,606,606,606,100.0,,,
dlog_SOLVPN__d_VIX,rbf,40,50,0,606,606,606,100.0,,,
dlog_SOLVPN__d_VIX,rbf,60,10,0,606,606,606,100.0,,,
dlog_SOLVPN__d_VIX,rbf,60,15,0,606,606,606,100.0,,,
dlog_SOLVPN__d_VIX,rbf,60,20,0,606,606,606,100.0,,,
dlog_SOLVPN__d_VIX,rbf,60,30,0,606,606,606,100.0,,,
dlog_SOLVPN__d_VIX,rbf,60,50,0,606,606,606,100.0,,,
dlog_SOLVPN__d_VIX,rbf,80,10,0,606,606,606,100.0,,,
dlog_SOLVPN__d_VIX,rbf,80,15,0,606,606,606,100.0,,,
dlog_SOLVPN__d_VIX,rbf,80,20,0,606,606,606,100.0,,,
dlog_SOLVPN__d_VIX,rbf,80,30,0,606,606,606,100.0,,,
dlog_SOLVPN__d_VIX,rbf,80,50,0,606,606,606,100.0,,,
dlog_SOLVPN__d_VIX,rbf,120,10,0,606,606,606,100.0,,,
dlog_SOLVPN__d_VIX,rbf,120,15,0,606,606,606,100.0,,,
dlog_SOLVPN__d_VIX,rbf,120,20,0,606,606,606,100.0,,,
dlog_SOLVPN__d_VIX,rbf,120,30,0,606,606,606,100.0,,,
dlog_SOLVPN__d_VIX,rbf,120,50,0,606,606,606,100.0,,,
dlog_SOLVPN__d_VIX,normal,40,10,11,40,85,60|85|40|50|45|40|40|40|70|55|40|41,105.70014879370983,60|145|185|235|280|320|360|400|470|525|565,2023-03-23|2023-08-28|2023-11-08|2024-02-12|2024-05-02|2024-07-17|2024-09-26|2024-12-11|2025-04-28|2025-08-05|2025-10-16,
dlog_SOLVPN__d_VIX,normal,40,15,7,40,135,60|125|135|40|40|70|95|41,46.798567138029604,60|185|320|360|400|470|565,2023-03-23|2023-11-08|2024-07-17|2024-09-26|2024-12-11|2025-04-28|2025-10-16,
dlog_SOLVPN__d_VIX,normal,40,20,7,40,135,60|125|135|40|40|70|95|41,46.798567138029604,60|185|320|360|400|470|565,2023-03-23|2023-11-08|2024-07-17|2024-09-26|2024-12-11|2025-04-28|2025-10-16,
dlog_SOLVPN__d_VIX,normal,40,30,3,60,260,60|260|150|136,3.569576305389759,60|320|470,2023-03-23|2024-07-17|2025-04-28,
dlog_SOLVPN__d_VIX,normal,40,50,3,60,260,60|260|150|136,3.569576305389759,60|320|470,2023-03-23|2024-07-17|2025-04-28,
dlog_SOLVPN__d_VIX,normal,60,10,6,60,135,60|125|135|60|90|70|66,31.456967776596592,60|185|320|380|470|540,2023-03-23|2023-11-08|2024-07-17|2024-11-04|2025-04-28|2025-09-02,
dlog_SOLVPN__d_VIX,normal,60,15,5,60,150,60|125|135|150|70|66,16.825741858350554,60|185|320|470|540,2023-03-23|2023-11-08|2024-07-17|2025-04-28|2025-09-02,
dlog_SOLVPN__d_VIX,normal,60,20,4,60,150,60|125|135|150|136,1.5809490820390137,60|185|320|470,2023-03-23|2023-11-08|2024-07-17|2025-04-28,
dlog_SOLVPN__d_VIX,normal,60,30,3,60,260,60|260|150|136,3.569576305389759,60|320|470,2023-03-23|2024-07-17|2025-04-28,
dlog_SOLVPN__d_VIX,normal,60,50,3,60,260,60|260|150|136,3.569576305389759,60|320|470,2023-03-23|2024-07-17|2025-04-28,
dlog_SOLVPN__d_VIX,normal,80,10,4,85,150,85|100|135|150|136,1.2244998979175132,85|185|320|470,2023-05-09|2023-11-08|2024-07-17|2025-04-28,
dlog_SOLVPN__d_VIX,normal,80,15,4,85,150,85|100|135|150|136,1.2244998979175132,85|185|320|470,2023-05-09|2023-11-08|2024-07-17|2025-04-28,
dlog_SOLVPN__d_VIX,normal,80,20,3,135,185,185|135|150|136,1.0114964162071955,185|320|470,2023-11-08|2024-07-17|2025-04-28,
dlog_SOLVPN__d_VIX,normal,80,30,3,135,185,185|135|150|136,1.0114964162071955,185|320|470,2023-11-08|2024-07-17|2025-04-28,
dlog_SOLVPN__d_VIX,normal,80,50,3,135,185,185|135|150|136,1.0114964162071955,185|320|470,2023-11-08|2024-07-17|2025-04-28,
dlog_SOLVPN__d_VIX,normal,120,10,3,135,185,185|135|150|136,1.0114964162071955,185|320|470,2023-11-08|2024-07-17|2025-04-28,
dlog_SOLVPN__d_VIX,normal,120,15,3,135,185,185|135|150|136,1.0114964162071955,185|320|470,2023-11-08|2024-07-17|2025-04-28,
dlog_SOLVPN__d_VIX,normal,120,20,3,135,185,185|135|150|136,1.0114964162071955,185|320|470,2023-11-08|2024-07-17|2025-04-28,
dlog_SOLVPN__d_VIX,normal,120,30,3,135,185,185|135|150|136,1.0114964162071955,185|320|470,2023-11-08|2024-07-17|2025-04-28,
dlog_SOLVPN__d_VIX,normal,120,50,3,135,185,185|135|150|136,1.0114964162071955,185|320|470,2023-11-08|2024-07-17|2025-04-28,
dlog_SOLVPN__d_PJM_LMP,rbf,40,10,0,606,606,606,100.0,,,
dlog_SOLVPN__d_PJM_LMP,rbf,40,15,0,606,606,606,100.0,,,
dlog_SOLVPN__d_PJM_LMP,rbf,40,20,0,606,606,606,100.0,,,
dlog_SOLVPN__d_PJM_LMP,rbf,40,30,0,606,606,606,100.0,,,
dlog_SOLVPN__d_PJM_LMP,rbf,40,50,0,606,606,606,100.0,,,
dlog_SOLVPN__d_PJM_LMP,rbf,60,10,0,606,606,606,100.0,,,
dlog_SOLVPN__d_PJM_LMP,rbf,60,15,0,606,606,606,100.0,,,
dlog_SOLVPN__d_PJM_LMP,rbf,60,20,0,606,606,606,100.0,,,
dlog_SOLVPN__d_PJM_LMP,rbf,60,30,0,606,606,606,100.0,,,
dlog_SOLVPN__d_PJM_LMP,rbf,60,50,0,606,606,606,100.0,,,
dlog_SOLVPN__d_PJM_LMP,rbf,80,10,0,606,606,606,100.0,,,
dlog_SOLVPN__d_PJM_LMP,rbf,80,15,0,606,606,606,100.0,,,
dlog_SOLVPN__d_PJM_LMP,rbf,80,20,0,606,606,606,100.0,,,
dlog_SOLVPN__d_PJM_LMP,rbf,80,30,0,606,606,606,100.0,,,
dlog_SOLVPN__d_PJM_LMP,rbf,80,50,0,606,606,606,100.0,,,
dlog_SOLVPN__d_PJM_LMP,rbf,120,10,0,606,606,606,100.0,,,
dlog_SOLVPN__d_PJM_LMP,rbf,120,15,0,606,606,606,100.0,,,
dlog_SOLVPN__d_PJM_LMP,rbf,120,20,0,606,606,606,100.0,,,
dlog_SOLVPN__d_PJM_LMP,rbf,120,30,0,606,606,606,100.0,,,
dlog_SOLVPN__d_PJM_LMP,rbf,120,50,0,606,606,606,100.0,,,
dlog_SOLVPN__d_PJM_LMP,normal,40,10,10,40,85,40|85|65|40|80|40|60|40|50|40|66,90.81476559525217,40|125|190|230|310|350|410|450|500|540,2023-02-15|2023-07-24|2023-11-16|2024-02-01|2024-06-27|2024-09-10|2025-01-06|2025-03-20|2025-06-23|2025-09-02,
dlog_SOLVPN__d_PJM_LMP,normal,40,15,9,40,100,40|85|100|85|40|60|40|50|40|66,76.07032705282077,40|125|225|310|350|410|450|500|540,2023-02-15|2023-07-24|2024-01-24|2024-06-27|2024-09-10|2025-01-06|2025-03-20|2025-06-23|2025-09-02,
dlog_SOLVPN__d_PJM_LMP,normal,40,20,8,40,106,40|85|100|85|40|60|40|50|106,61.26732439064003,40|125|225|310|350|410|450|500,2023-02-15|2023-07-24|2024-01-24|2024-06-27|2024-09-10|2025-01-06|2025-03-20|2025-06-23,
dlog_SOLVPN__d_PJM_LMP,normal,40,30,8,40,106,40|85|100|85|40|60|40|50|106,61.26732439064003,40|125|225|310|350|410|450|500,2023-02-15|2023-07-24|2024-01-24|2024-06-27|2024-09-10|2025-01-06|2025-03-20|2025-06-23,
dlog_SOLVPN__d_PJM_LMP,normal,40,50,3,40,290,40|85|290|191,4.847486462074959,40|125|415,2023-02-15|2023-07-24|2025-01-15,
dlog_SOLVPN__d_PJM_LMP,normal,60,10,8,60,100,60|65|100|65|60|60|60|70|66,60.601387285088954,60|125|225|290|350|410|470|540,2023-03-23|2023-07-24|2024-01-24|2024-05-21|2024-09-10|2025-01-06|2025-04-28|2025-09-02,
dlog_SOLVPN__d_PJM_LMP,normal,60,15,8,60,100,60|65|100|65|60|60|60|70|66,60.601387285088954,60|125|225|290|350|410|470|540,2023-03-23|2023-07-24|2024-01-24|2024-05-21|2024-09-10|2025-01-06|2025-04-28|2025-09-02,
dlog_SOLVPN__d_PJM_LMP,normal,60,20,7,60,136,60|65|100|65|60|60|60|136,46.304020226070136,60|125|225|290|350|410|470,2023-03-23|2023-07-24|2024-01-24|2024-05-21|2024-09-10|2025-01-06|2025-04-28,
dlog_SOLVPN__d_PJM_LMP,normal,60,30,6,60,125,60|65|100|85|125|65|106,31.14544350202292,60|125|225|310|435|500,2023-03-23|2023-07-24|2024-01-24|2024-06-27|2025-02-24|2025-06-23,
dlog_SOLVPN__d_PJM_LMP,normal,60,50,3,60,290,60|65|290|191,4.782585597770311,60|125|415,2023-03-23|2023-07-24|2025-01-15,
dlog_SOLVPN__d_PJM_LMP,normal,80,10,5,80,145,80|145|90|105|80|106,16.114300976696452,80|225|315|420|500,2023-05-01|2024-01-24|2024-07-09|2025-01-27|2025-06-23,
dlog_SOLVPN__d_PJM_LMP,normal,80,15,5,80,145,80|145|90|105|80|106,16.114300976696452,80|225|315|420|500,2023-05-01|2024-01-24|2024-07-09|2025-01-27|2025-06-23,
dlog_SOLVPN__d_PJM_LMP,normal,80,20,5,80,145,80|145|90|105|80|106,16.114300976696452,80|225|315|420|500,2023-05-01|2024-01-24|2024-07-09|2025-01-27|2025-06-23,
dlog_SOLVPN__d_PJM_LMP,normal,80,30,2,80,335,80|335|191,5.219674319342157,80|415,2023-05-01|2025-01-15,
dlog_SOLVPN__d_PJM_LMP,normal,80,50,1,191,415,415|191,5.6000000000000005,415,2025-01-15,
dlog_SOLVPN__d_PJM_LMP,normal,120,10,3,125,191,130|160|125|191,1.3221667822177352,130|290|415,2023-08-01|2024-05-21|2025-01-15,
dlog_SOLVPN__d_PJM_LMP,normal,120,15,2,130,285,130|285|191,3.187736919299751,130|415,2023-08-01|2025-01-15,
dlog_SOLVPN__d_PJM_LMP,normal,120,20,2,130,285,130|285|191,3.187736919299751,130|415,2023-08-01|2025-01-15,
dlog_SOLVPN__d_PJM_LMP,normal,120,30,1,191,415,415|191,5.6000000000000005,415,2025-01-15,
dlog_SOLVPN__d_PJM_LMP,normal,120,50,1,191,415,415|191,5.6000000000000005,415,2025-01-15,
