pair,model,min_size,penalty,n_cp,n_segments,min_segment_length,max_segment_length,mean_segment_length,gaussian_nll,n_params,bic_score,too_many_cp_flag,change_idx,change_dates,error_msg
dlog_SOLVPN__dlog_COPPER,normal,40,5,10,11,40,105,55.09090909090909,406.1827074807692,55,1164.7438141953508,1,60|165|250|290|330|385|425|470|525|565,2023-03-23|2023-10-03|2024-03-11|2024-05-21|2024-08-05|2024-11-13|2025-02-04|2025-04-28|2025-08-05|2025-10-16,
dlog_SOLVPN__dlog_COPPER,normal,40,7,9,10,40,105,60.6,410.68785521525984,50,1141.7197097339854,1,60|165|250|320|385|425|470|525|565,2023-03-23|2023-10-03|2024-03-11|2024-07-17|2024-11-13|2025-02-04|2025-04-28|2025-08-05|2025-10-16,
dlog_SOLVPN__dlog_COPPER,normal,40,10,8,9,40,110,67.33333333333333,416.4687406644503,45,1121.2470807020197,1,60|165|275|385|425|470|525|565,2023-03-23|2023-10-03|2024-04-24|2024-11-13|2025-02-04|2025-04-28|2025-08-05|2025-10-16,
dlog_SOLVPN__dlog_COPPER,normal,40,15,6,7,55,160,86.57142857142857,431.8310194599778,35,1087.9028384323817,0,60|165|250|410|470|525,2023-03-23|2023-10-03|2024-03-11|2025-01-06|2025-04-28|2025-08-05,
dlog_SOLVPN__dlog_COPPER,normal,40,20,3,4,55,410,151.5,460.0313520179528,20,1048.200303757292,0,410|470|525,2025-01-06|2025-04-28|2025-08-05,
dlog_SOLVPN__dlog_COPPER,normal,40,30,3,4,55,410,151.5,460.0313520179528,20,1048.200303757292,0,410|470|525,2025-01-06|2025-04-28|2025-08-05,
dlog_SOLVPN__dlog_COPPER,normal,40,50,2,3,55,470,202.0,477.0860034186389,15,1050.2752066283174,0,470|525,2025-04-28|2025-08-05,
dlog_SOLVPN__dlog_COPPER,normal,60,5,7,8,60,105,75.75,428.12978301198666,40,1112.534765466746,1,60|165|250|320|410|470|530,2023-03-23|2023-10-03|2024-03-11|2024-07-17|2025-01-06|2025-04-28|2025-08-13,
dlog_SOLVPN__dlog_COPPER,normal,60,7,7,8,60,105,75.75,428.12978301198666,40,1112.534765466746,1,60|165|250|320|410|470|530,2023-03-23|2023-10-03|2024-03-11|2024-07-17|2025-01-06|2025-04-28|2025-08-13,
dlog_SOLVPN__dlog_COPPER,normal,60,10,7,8,60,105,75.75,428.12978301198666,40,1112.534765466746,1,60|165|250|320|410|470|530,2023-03-23|2023-10-03|2024-03-11|2024-07-17|2025-01-06|2025-04-28|2025-08-13,
dlog_SOLVPN__dlog_COPPER,normal,60,15,6,7,60,160,86.57142857142857,434.4506197500856,35,1093.1420390125973,0,60|165|250|410|470|530,2023-03-23|2023-10-03|2024-03-11|2025-01-06|2025-04-28|2025-08-13,
dlog_SOLVPN__dlog_COPPER,normal,60,20,3,4,60,410,151.5,462.6509523080606,20,1053.4395043375075,0,410|470|530,2025-01-06|2025-04-28|2025-08-13,
dlog_SOLVPN__dlog_COPPER,normal,60,30,3,4,60,410,151.5,462.6509523080606,20,1053.4395043375075,0,410|470|530,2025-01-06|2025-04-28|2025-08-13,
dlog_SOLVPN__dlog_COPPER,normal,60,50,2,3,60,470,202.0,479.7056037087466,15,1055.514407208533,0,470|530,2025-04-28|2025-08-13,
dlog_SOLVPN__dlog_COPPER,normal,80,5,6,7,80,115,86.57142857142857,458.4931606352179,35,1141.227120782862,0,80|165|250|330|445|525,2023-05-01|2023-10-03|2024-03-11|2024-08-05|2025-03-12|2025-08-05,
dlog_SOLVPN__dlog_COPPER,normal,80,7,6,7,80,115,86.57142857142857,458.4931606352179,35,1141.227120782862,0,80|165|250|330|445|525,2023-05-01|2023-10-03|2024-03-11|2024-08-05|2025-03-12|2025-08-05,
dlog_SOLVPN__dlog_COPPER,normal,80,10,6,7,80,115,86.57142857142857,458.4931606352179,35,1141.227120782862,0,80|165|250|330|445|525,2023-05-01|2023-10-03|2024-03-11|2024-08-05|2025-03-12|2025-08-05,
dlog_SOLVPN__dlog_COPPER,normal,80,15,2,3,81,440,202.0,487.0053404544389,15,1070.1138806999174,0,440|525,2025-03-04|2025-08-05,
dlog_SOLVPN__dlog_COPPER,normal,80,20,2,3,81,440,202.0,487.0053404544389,15,1070.1138806999174,0,440|525,2025-03-04|2025-08-05,
dlog_SOLVPN__dlog_COPPER,normal,80,30,2,3,81,440,202.0,487.0053404544389,15,1070.1138806999174,0,440|525,2025-03-04|2025-08-05,
dlog_SOLVPN__dlog_COPPER,normal,80,50,1,2,101,505,303.0,509.10008266932687,10,1082.268965199347,0,505,2025-07-01,
dlog_SOLVPN__dlog_COPPER,normal,120,5,3,4,125,210,151.5,494.7633416477089,20,1117.6642830168041,0,135|260|470,2023-08-09|2024-03-27|2025-04-28,
dlog_SOLVPN__dlog_COPPER,normal,120,7,3,4,125,210,151.5,494.7633416477089,20,1117.6642830168041,0,135|260|470,2023-08-09|2024-03-27|2025-04-28,
dlog_SOLVPN__dlog_COPPER,normal,120,10,3,4,125,210,151.5,494.7633416477089,20,1117.6642830168041,0,135|260|470,2023-08-09|2024-03-27|2025-04-28,
dlog_SOLVPN__dlog_COPPER,normal,120,15,2,3,136,320,202.0,500.7960801195766,15,1097.695360030193,0,320|470,2024-07-17|2025-04-28,
dlog_SOLVPN__dlog_COPPER,normal,120,20,1,2,151,455,303.0,511.4542845840592,10,1086.9773690288116,0,455,2025-03-31,
dlog_SOLVPN__dlog_COPPER,normal,120,30,1,2,151,455,303.0,511.4542845840592,10,1086.9773690288116,0,455,2025-03-31,
dlog_SOLVPN__dlog_COPPER,normal,120,50,1,2,151,455,303.0,511.4542845840592,10,1086.9773690288116,0,455,2025-03-31,
dlog_SOLVPN__dlog_COPPER,rbf,40,5,0,1,606,606,606.0,591.9225370325821,5,1215.8794739955108,0,,,
dlog_SOLVPN__dlog_COPPER,rbf,40,7,0,1,606,606,606.0,591.9225370325821,5,1215.8794739955108,0,,,
dlog_SOLVPN__dlog_COPPER,rbf,40,10,0,1,606,606,606.0,591.9225370325821,5,1215.8794739955108,0,,,
dlog_SOLVPN__dlog_COPPER,rbf,40,15,0,1,606,606,606.0,591.9225370325821,5,1215.8794739955108,0,,,
dlog_SOLVPN__dlog_COPPER,rbf,40,20,0,1,606,606,606.0,591.9225370325821,5,1215.8794739955108,0,,,
dlog_SOLVPN__dlog_COPPER,rbf,40,30,0,1,606,606,606.0,591.9225370325821,5,1215.8794739955108,0,,,
dlog_SOLVPN__dlog_COPPER,rbf,40,50,0,1,606,606,606.0,591.9225370325821,5,1215.8794739955108,0,,,
dlog_SOLVPN__dlog_COPPER,rbf,60,5,0,1,606,606,606.0,591.9225370325821,5,1215.8794739955108,0,,,
dlog_SOLVPN__dlog_COPPER,rbf,60,7,0,1,606,606,606.0,591.9225370325821,5,1215.8794739955108,0,,,
dlog_SOLVPN__dlog_COPPER,rbf,60,10,0,1,606,606,606.0,591.9225370325821,5,1215.8794739955108,0,,,
dlog_SOLVPN__dlog_COPPER,rbf,60,15,0,1,606,606,606.0,591.9225370325821,5,1215.8794739955108,0,,,
dlog_SOLVPN__dlog_COPPER,rbf,60,20,0,1,606,606,606.0,591.9225370325821,5,1215.8794739955108,0,,,
dlog_SOLVPN__dlog_COPPER,rbf,60,30,0,1,606,606,606.0,591.9225370325821,5,1215.8794739955108,0,,,
dlog_SOLVPN__dlog_COPPER,rbf,60,50,0,1,606,606,606.0,591.9225370325821,5,1215.8794739955108,0,,,
dlog_SOLVPN__dlog_COPPER,rbf,80,5,0,1,606,606,606.0,591.9225370325821,5,1215.8794739955108,0,,,
dlog_SOLVPN__dlog_COPPER,rbf,80,7,0,1,606,606,606.0,591.9225370325821,5,1215.8794739955108,0,,,
dlog_SOLVPN__dlog_COPPER,rbf,80,10,0,1,606,606,606.0,591.9225370325821,5,1215.8794739955108,0,,,
dlog_SOLVPN__dlog_COPPER,rbf,80,15,0,1,606,606,606.0,591.9225370325821,5,1215.8794739955108,0,,,
dlog_SOLVPN__dlog_COPPER,rbf,80,20,0,1,606,606,606.0,591.9225370325821,5,1215.8794739955108,0,,,
dlog_SOLVPN__dlog_COPPER,rbf,80,30,0,1,606,606,606.0,591.9225370325821,5,1215.8794739955108,0,,,
dlog_SOLVPN__dlog_COPPER,rbf,80,50,0,1,606,606,606.0,591.9225370325821,5,1215.8794739955108,0,,,
dlog_SOLVPN__dlog_COPPER,rbf,120,5,0,1,606,606,606.0,591.9225370325821,5,1215.8794739955108,0,,,
dlog_SOLVPN__dlog_COPPER,rbf,120,7,0,1,606,606,606.0,591.9225370325821,5,1215.8794739955108,0,,,
dlog_SOLVPN__dlog_COPPER,rbf,120,10,0,1,606,606,606.0,591.9225370325821,5,1215.8794739955108,0,,,
dlog_SOLVPN__dlog_COPPER,rbf,120,15,0,1,606,606,606.0,591.9225370325821,5,1215.8794739955108,0,,,
dlog_SOLVPN__dlog_COPPER,rbf,120,20,0,1,606,606,606.0,591.9225370325821,5,1215.8794739955108,0,,,
dlog_SOLVPN__dlog_COPPER,rbf,120,30,0,1,606,606,606.0,591.9225370325821,5,1215.8794739955108,0,,,
dlog_SOLVPN__dlog_COPPER,rbf,120,50,0,1,606,606,606.0,591.9225370325821,5,1215.8794739955108,0,,,
dlog_SOLVPN__dlog_GOLD,normal,40,5,9,10,40,165,60.6,494.4545293996563,50,1309.2530581027781,1,65|105|155|195|245|410|450|490|550,2023-04-03|2023-06-14|2023-09-14|2023-11-28|2024-02-29|2025-01-06|2025-03-20|2025-06-03|2025-09-18,
dlog_SOLVPN__dlog_GOLD,normal,40,7,8,9,40,165,67.33333333333333,498.83674888942846,45,1285.983097151976,1,65|105|155|245|410|450|490|550,2023-04-03|2023-06-14|2023-09-14|2024-02-29|2025-01-06|2025-03-20|2025-06-03|2025-09-18,
dlog_SOLVPN__dlog_GOLD,normal,40,10,7,8,40,165,75.75,503.59654494645736,40,1263.4682893356874,1,105|155|245|410|450|490|550,2023-06-14|2023-09-14|2024-02-29|2025-01-06|2025-03-20|2025-06-03|2025-09-18,
dlog_SOLVPN__dlog_GOLD,normal,40,15,5,6,41,260,101.0,517.4389036863994,30,1227.0842069548783,0,105|155|415|465|565,2023-06-14|2023-09-14|2025-01-15|2025-04-16|2025-10-16,
dlog_SOLVPN__dlog_GOLD,normal,40,20,1,2,151,455,303.0,559.2037431985491,10,1182.4762862577913,0,455,2025-03-31,
dlog_SOLVPN__dlog_GOLD,normal,40,30,1,2,151,455,303.0,559.2037431985491,10,1182.4762862577913,0,455,2025-03-31,
dlog_SOLVPN__dlog_GOLD,normal,40,50,1,2,151,455,303.0,559.2037431985491,10,1182.4762862577913,0,455,2025-03-31,
dlog_SOLVPN__dlog_GOLD,normal,60,5,6,7,60,155,86.57142857142857,514.6858397033589,35,1253.6124789191438,0,105|165|245|400|465|545,2023-06-14|2023-10-03|2024-02-29|2024-12-11|2025-04-16|2025-09-10,
dlog_SOLVPN__dlog_GOLD,normal,60,7,6,7,60,155,86.57142857142857,514.6858397033589,35,1253.6124789191438,0,105|165|245|400|465|545,2023-06-14|2023-10-03|2024-02-29|2024-12-11|2025-04-16|2025-09-10,
dlog_SOLVPN__dlog_GOLD,normal,60,10,6,7,60,155,86.57142857142857,514.6858397033589,35,1253.6124789191438,0,105|165|245|400|465|545,2023-06-14|2023-10-03|2024-02-29|2024-12-11|2025-04-16|2025-09-10,
dlog_SOLVPN__dlog_GOLD,normal,60,15,5,6,61,230,101.0,521.4076491273885,30,1235.0216978368564,0,105|170|400|465|545,2023-06-14|2023-10-12|2024-12-11|2025-04-16|2025-09-10,
dlog_SOLVPN__dlog_GOLD,normal,60,20,1,2,151,455,303.0,559.2037431985491,10,1182.4762862577913,0,455,2025-03-31,
dlog_SOLVPN__dlog_GOLD,normal,60,30,1,2,151,455,303.0,559.2037431985491,10,1182.4762862577913,0,455,2025-03-31,
dlog_SOLVPN__dlog_GOLD,normal,60,50,1,2,151,455,303.0,559.2037431985491,10,1182.4762862577913,0,455,2025-03-31,
dlog_SOLVPN__dlog_GOLD,normal,80,5,5,6,80,141,101.0,527.3479480780817,30,1246.9022957382429,0,85|165|245|380|465,2023-05-09|2023-10-03|2024-02-29|2024-11-04|2025-04-16,
dlog_SOLVPN__dlog_GOLD,normal,80,7,5,6,80,141,101.0,527.3479480780817,30,1246.9022957382429,0,85|165|245|380|465,2023-05-09|2023-10-03|2024-02-29|2024-11-04|2025-04-16,
dlog_SOLVPN__dlog_GOLD,normal,80,10,5,6,80,141,101.0,527.3479480780817,30,1246.9022957382429,0,85|165|245|380|465,2023-05-09|2023-10-03|2024-02-29|2024-11-04|2025-04-16,
dlog_SOLVPN__dlog_GOLD,normal,80,15,3,4,85,285,151.5,540.5584570793983,20,1209.254513880183,0,85|170|455,2023-05-09|2023-10-12|2025-03-31,
dlog_SOLVPN__dlog_GOLD,normal,80,20,1,2,151,455,303.0,559.2037431985491,10,1182.4762862577913,0,455,2025-03-31,
dlog_SOLVPN__dlog_GOLD,normal,80,30,1,2,151,455,303.0,559.2037431985491,10,1182.4762862577913,0,455,2025-03-31,
dlog_SOLVPN__dlog_GOLD,normal,80,50,1,2,151,455,303.0,559.2037431985491,10,1182.4762862577913,0,455,2025-03-31,
dlog_SOLVPN__dlog_GOLD,normal,120,5,3,4,120,210,151.5,549.0948464616715,20,1226.3272926447294,0,120|245|455,2023-07-13|2024-02-29|2025-03-31,
dlog_SOLVPN__dlog_GOLD,normal,120,7,3,4,120,210,151.5,549.0948464616715,20,1226.3272926447294,0,120|245|455,2023-07-13|2024-02-29|2025-03-31,
dlog_SOLVPN__dlog_GOLD,normal,120,10,1,2,151,455,303.0,559.2037431985491,10,1182.4762862577913,0,455,2025-03-31,
dlog_SOLVPN__dlog_GOLD,normal,120,15,1,2,151,455,303.0,559.2037431985491,10,1182.4762862577913,0,455,2025-03-31,
dlog_SOLVPN__dlog_GOLD,normal,120,20,1,2,151,455,303.0,559.2037431985491,10,1182.4762862577913,0,455,2025-03-31,
dlog_SOLVPN__dlog_GOLD,normal,120,30,1,2,151,455,303.0,559.2037431985491,10,1182.4762862577913,0,455,2025-03-31,
dlog_SOLVPN__dlog_GOLD,normal,120,50,1,2,151,455,303.0,559.2037431985491,10,1182.4762862577913,0,455,2025-03-31,
dlog_SOLVPN__dlog_GOLD,rbf,40,5,0,1,606,606,606.0,590.4477792648428,5,1212.9299584600321,0,,,
dlog_SOLVPN__dlog_GOLD,rbf,40,7,0,1,606,606,606.0,590.4477792648428,5,1212.9299584600321,0,,,
dlog_SOLVPN__dlog_GOLD,rbf,40,10,0,1,606,606,606.0,590.4477792648428,5,1212.9299584600321,0,,,
dlog_SOLVPN__dlog_GOLD,rbf,40,15,0,1,606,606,606.0,590.4477792648428,5,1212.9299584600321,0,,,
dlog_SOLVPN__dlog_GOLD,rbf,40,20,0,1,606,606,606.0,590.4477792648428,5,1212.9299584600321,0,,,
dlog_SOLVPN__dlog_GOLD,rbf,40,30,0,1,606,606,606.0,590.4477792648428,5,1212.9299584600321,0,,,
dlog_SOLVPN__dlog_GOLD,rbf,40,50,0,1,606,606,606.0,590.4477792648428,5,1212.9299584600321,0,,,
dlog_SOLVPN__dlog_GOLD,rbf,60,5,0,1,606,606,606.0,590.4477792648428,5,1212.9299584600321,0,,,
dlog_SOLVPN__dlog_GOLD,rbf,60,7,0,1,606,606,606.0,590.4477792648428,5,1212.9299584600321,0,,,
dlog_SOLVPN__dlog_GOLD,rbf,60,10,0,1,606,606,606.0,590.4477792648428,5,1212.9299584600321,0,,,
dlog_SOLVPN__dlog_GOLD,rbf,60,15,0,1,606,606,606.0,590.4477792648428,5,1212.9299584600321,0,,,
dlog_SOLVPN__dlog_GOLD,rbf,60,20,0,1,606,606,606.0,590.4477792648428,5,1212.9299584600321,0,,,
dlog_SOLVPN__dlog_GOLD,rbf,60,30,0,1,606,606,606.0,590.4477792648428,5,1212.9299584600321,0,,,
dlog_SOLVPN__dlog_GOLD,rbf,60,50,0,1,606,606,606.0,590.4477792648428,5,1212.9299584600321,0,,,
dlog_SOLVPN__dlog_GOLD,rbf,80,5,0,1,606,606,606.0,590.4477792648428,5,1212.9299584600321,0,,,
dlog_SOLVPN__dlog_GOLD,rbf,80,7,0,1,606,606,606.0,590.4477792648428,5,1212.9299584600321,0,,,
dlog_SOLVPN__dlog_GOLD,rbf,80,10,0,1,606,606,606.0,590.4477792648428,5,1212.9299584600321,0,,,
dlog_SOLVPN__dlog_GOLD,rbf,80,15,0,1,606,606,606.0,590.4477792648428,5,1212.9299584600321,0,,,
dlog_SOLVPN__dlog_GOLD,rbf,80,20,0,1,606,606,606.0,590.4477792648428,5,1212.9299584600321,0,,,
dlog_SOLVPN__dlog_GOLD,rbf,80,30,0,1,606,606,606.0,590.4477792648428,5,1212.9299584600321,0,,,
dlog_SOLVPN__dlog_GOLD,rbf,80,50,0,1,606,606,606.0,590.4477792648428,5,1212.9299584600321,0,,,
dlog_SOLVPN__dlog_GOLD,rbf,120,5,0,1,606,606,606.0,590.4477792648428,5,1212.9299584600321,0,,,
dlog_SOLVPN__dlog_GOLD,rbf,120,7,0,1,606,606,606.0,590.4477792648428,5,1212.9299584600321,0,,,
dlog_SOLVPN__dlog_GOLD,rbf,120,10,0,1,606,606,606.0,590.4477792648428,5,1212.9299584600321,0,,,
dlog_SOLVPN__dlog_GOLD,rbf,120,15,0,1,606,606,606.0,590.4477792648428,5,1212.9299584600321,0,,,
dlog_SOLVPN__dlog_GOLD,rbf,120,20,0,1,606,606,606.0,590.4477792648428,5,1212.9299584600321,0,,,
dlog_SOLVPN__dlog_GOLD,rbf,120,30,0,1,606,606,606.0,590.4477792648428,5,1212.9299584600321,0,,,
dlog_SOLVPN__dlog_GOLD,rbf,120,50,0,1,606,606,606.0,590.4477792648428,5,1212.9299584600321,0,,,
dlog_SOLVPN__dlog_SILVER,normal,40,5,9,10,40,105,60.6,498.58163271054394,50,1317.5072647245536,1,105|155|195|240|280|320|410|465|555,2023-06-14|2023-09-14|2023-11-28|2024-02-21|2024-05-02|2024-07-17|2025-01-06|2025-04-16|2025-09-29,
dlog_SOLVPN__dlog_SILVER,normal,40,7,7,8,50,150,75.75,507.13497654898225,40,1270.545152540737,1,105|155|210|260|410|465|555,2023-06-14|2023-09-14|2023-12-26|2024-03-27|2025-01-06|2025-04-16|2025-09-29,
dlog_SOLVPN__dlog_SILVER,normal,40,10,4,5,51,285,121.2,523.510611055668,25,1207.193221763069,0,285|375|470|555,2024-05-13|2024-10-24|2025-04-28|2025-09-29,
dlog_SOLVPN__dlog_SILVER,normal,40,15,4,5,51,285,121.2,523.510611055668,25,1207.193221763069,0,285|375|470|555,2024-05-13|2024-10-24|2025-04-28|2025-09-29,
dlog_SOLVPN__dlog_SILVER,normal,40,20,3,4,50,415,151.5,533.3699453774807,20,1194.8774904763477,0,415|465|555,2025-01-15|2025-04-16|2025-09-29,
dlog_SOLVPN__dlog_SILVER,normal,40,30,1,2,51,555,303.0,559.2190466526207,10,1182.5068931659346,0,555,2025-09-29,
dlog_SOLVPN__dlog_SILVER,normal,40,50,1,2,51,555,303.0,559.2190466526207,10,1182.5068931659346,0,555,2025-09-29,
dlog_SOLVPN__dlog_SILVER,normal,60,5,6,7,61,130,86.57142857142857,516.9935630725909,35,1258.2279256576078,0,85|155|285|375|470|545,2023-05-09|2023-09-14|2024-05-13|2024-10-24|2025-04-28|2025-09-10,
dlog_SOLVPN__dlog_SILVER,normal,60,7,4,5,61,285,121.2,525.8511340035982,25,1211.8742676589293,0,285|375|470|545,2024-05-13|2024-10-24|2025-04-28|2025-09-10,
dlog_SOLVPN__dlog_SILVER,normal,60,10,4,5,61,285,121.2,525.8511340035982,25,1211.8742676589293,0,285|375|470|545,2024-05-13|2024-10-24|2025-04-28|2025-09-10,
dlog_SOLVPN__dlog_SILVER,normal,60,15,4,5,61,285,121.2,525.8511340035982,25,1211.8742676589293,0,285|375|470|545,2024-05-13|2024-10-24|2025-04-28|2025-09-10,
dlog_SOLVPN__dlog_SILVER,normal,60,20,3,4,60,410,151.5,535.8456612199061,20,1199.8289221611985,0,410|470|545,2025-01-06|2025-04-28|2025-09-10,
dlog_SOLVPN__dlog_SILVER,normal,60,30,1,2,61,545,303.0,562.3210538832733,10,1188.7109076272397,0,545,2025-09-10,
dlog_SOLVPN__dlog_SILVER,normal,60,50,0,1,606,606,606.0,585.7143238099237,5,1203.463047550194,0,,,
dlog_SOLVPN__dlog_SILVER,normal,80,5,5,6,80,136,101.0,544.2998959649985,30,1280.8061915120766,0,85|165|285|375|470,2023-05-09|2023-10-03|2024-05-13|2024-10-24|2025-04-28,
dlog_SOLVPN__dlog_SILVER,normal,80,7,3,4,90,285,151.5,551.7848092073,20,1231.7072181359863,0,285|375|470,2024-05-13|2024-10-24|2025-04-28,
dlog_SOLVPN__dlog_SILVER,normal,80,10,3,4,90,285,151.5,551.7848092073,20,1231.7072181359863,0,285|375|470,2024-05-13|2024-10-24|2025-04-28,
dlog_SOLVPN__dlog_SILVER,normal,80,15,1,2,81,525,303.0,568.2901898021673,10,1200.6491794650278,0,525,2025-08-05,
dlog_SOLVPN__dlog_SILVER,normal,80,20,1,2,81,525,303.0,568.2901898021673,10,1200.6491794650278,0,525,2025-08-05,
dlog_SOLVPN__dlog_SILVER,normal,80,30,1,2,81,525,303.0,568.2901898021673,10,1200.6491794650278,0,525,2025-08-05,
dlog_SOLVPN__dlog_SILVER,normal,80,50,0,1,606,606,606.0,585.7143238099237,5,1203.463047550194,0,,,
dlog_SOLVPN__dlog_SILVER,normal,120,5,3,4,120,245,151.5,560.9635255000509,20,1250.064650721488,0,245|365|485,2024-02-29|2024-10-07|2025-05-22,
dlog_SOLVPN__dlog_SILVER,normal,120,7,2,3,136,285,202.0,564.6524265171324,15,1225.4080528253046,0,285|470,2024-05-13|2025-04-28,
dlog_SOLVPN__dlog_SILVER,normal,120,10,2,3,136,285,202.0,564.6524265171324,15,1225.4080528253046,0,285|470,2024-05-13|2025-04-28,
dlog_SOLVPN__dlog_SILVER,normal,120,15,1,2,285,321,303.0,572.3877480256435,10,1208.8442959119802,0,285,2024-05-13,
dlog_SOLVPN__dlog_SILVER,normal,120,20,1,2,285,321,303.0,572.3877480256435,10,1208.8442959119802,0,285,2024-05-13,
dlog_SOLVPN__dlog_SILVER,normal,120,30,0,1,606,606,606.0,585.7143238099237,5,1203.463047550194,0,,,
dlog_SOLVPN__dlog_SILVER,normal,120,50,0,1,606,606,606.0,585.7143238099237,5,1203.463047550194,0,,,
dlog_SOLVPN__dlog_SILVER,rbf,40,5,0,1,606,606,606.0,585.7143238099237,5,1203.463047550194,0,,,
dlog_SOLVPN__dlog_SILVER,rbf,40,7,0,1,606,606,606.0,585.7143238099237,5,1203.463047550194,0,,,
dlog_SOLVPN__dlog_SILVER,rbf,40,10,0,1,606,606,606.0,585.7143238099237,5,1203.463047550194,0,,,
dlog_SOLVPN__dlog_SILVER,rbf,40,15,0,1,606,606,606.0,585.7143238099237,5,1203.463047550194,0,,,
dlog_SOLVPN__dlog_SILVER,rbf,40,20,0,1,606,606,606.0,585.7143238099237,5,1203.463047550194,0,,,
dlog_SOLVPN__dlog_SILVER,rbf,40,30,0,1,606,606,606.0,585.7143238099237,5,1203.463047550194,0,,,
dlog_SOLVPN__dlog_SILVER,rbf,40,50,0,1,606,606,606.0,585.7143238099237,5,1203.463047550194,0,,,
dlog_SOLVPN__dlog_SILVER,rbf,60,5,0,1,606,606,606.0,585.7143238099237,5,1203.463047550194,0,,,
dlog_SOLVPN__dlog_SILVER,rbf,60,7,0,1,606,606,606.0,585.7143238099237,5,1203.463047550194,0,,,
dlog_SOLVPN__dlog_SILVER,rbf,60,10,0,1,606,606,606.0,585.7143238099237,5,1203.463047550194,0,,,
dlog_SOLVPN__dlog_SILVER,rbf,60,15,0,1,606,606,606.0,585.7143238099237,5,1203.463047550194,0,,,
dlog_SOLVPN__dlog_SILVER,rbf,60,20,0,1,606,606,606.0,585.7143238099237,5,1203.463047550194,0,,,
dlog_SOLVPN__dlog_SILVER,rbf,60,30,0,1,606,606,606.0,585.7143238099237,5,1203.463047550194,0,,,
dlog_SOLVPN__dlog_SILVER,rbf,60,50,0,1,606,606,606.0,585.7143238099237,5,1203.463047550194,0,,,
dlog_SOLVPN__dlog_SILVER,rbf,80,5,0,1,606,606,606.0,585.7143238099237,5,1203.463047550194,0,,,
dlog_SOLVPN__dlog_SILVER,rbf,80,7,0,1,606,606,606.0,585.7143238099237,5,1203.463047550194,0,,,
dlog_SOLVPN__dlog_SILVER,rbf,80,10,0,1,606,606,606.0,585.7143238099237,5,1203.463047550194,0,,,
dlog_SOLVPN__dlog_SILVER,rbf,80,15,0,1,606,606,606.0,585.7143238099237,5,1203.463047550194,0,,,
dlog_SOLVPN__dlog_SILVER,rbf,80,20,0,1,606,606,606.0,585.7143238099237,5,1203.463047550194,0,,,
dlog_SOLVPN__dlog_SILVER,rbf,80,30,0,1,606,606,606.0,585.7143238099237,5,1203.463047550194,0,,,
dlog_SOLVPN__dlog_SILVER,rbf,80,50,0,1,606,606,606.0,585.7143238099237,5,1203.463047550194,0,,,
dlog_SOLVPN__dlog_SILVER,rbf,120,5,0,1,606,606,606.0,585.7143238099237,5,1203.463047550194,0,,,
dlog_SOLVPN__dlog_SILVER,rbf,120,7,0,1,606,606,606.0,585.7143238099237,5,1203.463047550194,0,,,
dlog_SOLVPN__dlog_SILVER,rbf,120,10,0,1,606,606,606.0,585.7143238099237,5,1203.463047550194,0,,,
dlog_SOLVPN__dlog_SILVER,rbf,120,15,0,1,606,606,606.0,585.7143238099237,5,1203.463047550194,0,,,
dlog_SOLVPN__dlog_SILVER,rbf,120,20,0,1,606,606,606.0,585.7143238099237,5,1203.463047550194,0,,,
dlog_SOLVPN__dlog_SILVER,rbf,120,30,0,1,606,606,606.0,585.7143238099237,5,1203.463047550194,0,,,
dlog_SOLVPN__dlog_SILVER,rbf,120,50,0,1,606,606,606.0,585.7143238099237,5,1203.463047550194,0,,,
dlog_SOLVPN__dlog_DXY,normal,40,5,10,11,40,95,55.09090909090909,496.9822652440938,55,1346.342929722,1,55|130|175|215|280|320|380|420|470|565,2023-03-15|2023-08-01|2023-10-23|2024-01-04|2024-05-02|2024-07-17|2024-11-04|2025-01-27|2025-04-28|2025-10-16,
dlog_SOLVPN__dlog_DXY,normal,40,7,8,9,40,165,67.33333333333333,505.270161530938,45,1298.8499224349953,1,55|130|175|215|380|420|470|565,2023-03-15|2023-08-01|2023-10-23|2024-01-04|2024-11-04|2025-01-27|2025-04-28|2025-10-16,
dlog_SOLVPN__dlog_DXY,normal,40,10,5,6,40,215,101.0,520.7505437190861,30,1233.7074870202516,0,215|380|420|470|565,2024-01-04|2024-11-04|2025-01-27|2025-04-28|2025-10-16,
dlog_SOLVPN__dlog_DXY,normal,40,15,5,6,40,215,101.0,520.7505437190861,30,1233.7074870202516,0,215|380|420|470|565,2024-01-04|2024-11-04|2025-01-27|2025-04-28|2025-10-16,
dlog_SOLVPN__dlog_DXY,normal,40,20,3,4,41,415,151.5,538.8066793820544,20,1205.7509584854952,0,415|470|565,2025-01-15|2025-04-28|2025-10-16,
dlog_SOLVPN__dlog_DXY,normal,40,30,2,3,65,415,202.0,554.1835397878618,15,1204.4702793667634,0,415|480,2025-01-15|2025-05-14,
dlog_SOLVPN__dlog_DXY,normal,40,50,0,1,606,606,606.0,590.4780451572454,5,1212.9904902448375,0,,,
dlog_SOLVPN__dlog_DXY,normal,60,5,8,9,60,95,67.33333333333333,515.5070519851683,45,1319.3237033434557,1,60|120|180|240|335|410|470|540,2023-03-23|2023-07-13|2023-10-31|2024-02-21|2024-08-13|2025-01-06|2025-04-28|2025-09-02,
dlog_SOLVPN__dlog_DXY,normal,60,7,7,8,60,120,75.75,519.2093473480768,40,1294.6938941389262,1,60|180|240|335|410|470|540,2023-03-23|2023-10-31|2024-02-21|2024-08-13|2025-01-06|2025-04-28|2025-09-02,
dlog_SOLVPN__dlog_DXY,normal,60,10,4,5,60,325,121.2,533.7416206719931,25,1227.6552409957192,0,85|410|470|540,2023-05-09|2025-01-06|2025-04-28|2025-09-02,
dlog_SOLVPN__dlog_DXY,normal,60,15,4,5,60,325,121.2,533.7416206719931,25,1227.6552409957192,0,85|410|470|540,2023-05-09|2025-01-06|2025-04-28|2025-09-02,
dlog_SOLVPN__dlog_DXY,normal,60,20,3,4,60,410,151.5,542.8049884639003,20,1213.7475766491868,0,410|470|540,2025-01-06|2025-04-28|2025-09-02,
dlog_SOLVPN__dlog_DXY,normal,60,30,2,3,65,415,202.0,554.1835397878618,15,1204.4702793667634,0,415|480,2025-01-15|2025-05-14,
dlog_SOLVPN__dlog_DXY,normal,60,50,0,1,606,606,606.0,590.4780451572454,5,1212.9904902448375,0,,,
dlog_SOLVPN__dlog_DXY,normal,80,5,5,6,80,140,101.0,539.8094127752214,30,1271.8252251325223,0,85|225|335|415|505,2023-05-09|2024-01-24|2024-08-13|2025-01-15|2025-07-01,
dlog_SOLVPN__dlog_DXY,normal,80,7,3,4,85,325,151.5,548.2841174077874,20,1224.7058345369612,0,85|410|505,2023-05-09|2025-01-06|2025-07-01,
dlog_SOLVPN__dlog_DXY,normal,80,10,3,4,85,325,151.5,548.2841174077874,20,1224.7058345369612,0,85|410|505,2023-05-09|2025-01-06|2025-07-01,
dlog_SOLVPN__dlog_DXY,normal,80,15,3,4,85,325,151.5,548.2841174077874,20,1224.7058345369612,0,85|410|505,2023-05-09|2025-01-06|2025-07-01,
dlog_SOLVPN__dlog_DXY,normal,80,20,2,3,90,415,202.0,557.2232215499292,15,1210.5496428908982,0,415|505,2025-01-15|2025-07-01,
dlog_SOLVPN__dlog_DXY,normal,80,30,2,3,90,415,202.0,557.2232215499292,15,1210.5496428908982,0,415|505,2025-01-15|2025-07-01,
dlog_SOLVPN__dlog_DXY,normal,80,50,0,1,606,606,606.0,590.4780451572454,5,1212.9904902448375,0,,,
dlog_SOLVPN__dlog_DXY,normal,120,5,3,4,120,215,151.5,557.6668759424072,20,1243.4713516062006,0,215|360|480,2024-01-04|2024-09-26|2025-05-14,
dlog_SOLVPN__dlog_DXY,normal,120,7,3,4,120,215,151.5,557.6668759424072,20,1243.4713516062006,0,215|360|480,2024-01-04|2024-09-26|2025-05-14,
dlog_SOLVPN__dlog_DXY,normal,120,10,3,4,120,215,151.5,557.6668759424072,20,1243.4713516062006,0,215|360|480,2024-01-04|2024-09-26|2025-05-14,
dlog_SOLVPN__dlog_DXY,normal,120,15,2,3,165,226,202.0,564.9727233960027,15,1226.0486465830452,0,215|380,2024-01-04|2024-11-04,
dlog_SOLVPN__dlog_DXY,normal,120,20,1,2,191,415,303.0,573.8399392880413,10,1211.7486784367757,0,415,2025-01-15,
dlog_SOLVPN__dlog_DXY,normal,120,30,1,2,191,415,303.0,573.8399392880413,10,1211.7486784367757,0,415,2025-01-15,
dlog_SOLVPN__dlog_DXY,normal,120,50,0,1,606,606,606.0,590.4780451572454,5,1212.9904902448375,0,,,
dlog_SOLVPN__dlog_DXY,rbf,40,5,0,1,606,606,606.0,590.4780451572454,5,1212.9904902448375,0,,,
dlog_SOLVPN__dlog_DXY,rbf,40,7,0,1,606,606,606.0,590.4780451572454,5,1212.9904902448375,0,,,
dlog_SOLVPN__dlog_DXY,rbf,40,10,0,1,606,606,606.0,590.4780451572454,5,1212.9904902448375,0,,,
dlog_SOLVPN__dlog_DXY,rbf,40,15,0,1,606,606,606.0,590.4780451572454,5,1212.9904902448375,0,,,
dlog_SOLVPN__dlog_DXY,rbf,40,20,0,1,606,606,606.0,590.4780451572454,5,1212.9904902448375,0,,,
dlog_SOLVPN__dlog_DXY,rbf,40,30,0,1,606,606,606.0,590.4780451572454,5,1212.9904902448375,0,,,
dlog_SOLVPN__dlog_DXY,rbf,40,50,0,1,606,606,606.0,590.4780451572454,5,1212.9904902448375,0,,,
dlog_SOLVPN__dlog_DXY,rbf,60,5,0,1,606,606,606.0,590.4780451572454,5,1212.9904902448375,0,,,
dlog_SOLVPN__dlog_DXY,rbf,60,7,0,1,606,606,606.0,590.4780451572454,5,1212.9904902448375,0,,,
dlog_SOLVPN__dlog_DXY,rbf,60,10,0,1,606,606,606.0,590.4780451572454,5,1212.9904902448375,0,,,
dlog_SOLVPN__dlog_DXY,rbf,60,15,0,1,606,606,606.0,590.4780451572454,5,1212.9904902448375,0,,,
dlog_SOLVPN__dlog_DXY,rbf,60,20,0,1,606,606,606.0,590.4780451572454,5,1212.9904902448375,0,,,
dlog_SOLVPN__dlog_DXY,rbf,60,30,0,1,606,606,606.0,590.4780451572454,5,1212.9904902448375,0,,,
dlog_SOLVPN__dlog_DXY,rbf,60,50,0,1,606,606,606.0,590.4780451572454,5,1212.9904902448375,0,,,
dlog_SOLVPN__dlog_DXY,rbf,80,5,0,1,606,606,606.0,590.4780451572454,5,1212.9904902448375,0,,,
dlog_SOLVPN__dlog_DXY,rbf,80,7,0,1,606,606,606.0,590.4780451572454,5,1212.9904902448375,0,,,
dlog_SOLVPN__dlog_DXY,rbf,80,10,0,1,606,606,606.0,590.4780451572454,5,1212.9904902448375,0,,,
dlog_SOLVPN__dlog_DXY,rbf,80,15,0,1,606,606,606.0,590.4780451572454,5,1212.9904902448375,0,,,
dlog_SOLVPN__dlog_DXY,rbf,80,20,0,1,606,606,606.0,590.4780451572454,5,1212.9904902448375,0,,,
dlog_SOLVPN__dlog_DXY,rbf,80,30,0,1,606,606,606.0,590.4780451572454,5,1212.9904902448375,0,,,
dlog_SOLVPN__dlog_DXY,rbf,80,50,0,1,606,606,606.0,590.4780451572454,5,1212.9904902448375,0,,,
dlog_SOLVPN__dlog_DXY,rbf,120,5,0,1,606,606,606.0,590.4780451572454,5,1212.9904902448375,0,,,
dlog_SOLVPN__dlog_DXY,rbf,120,7,0,1,606,606,606.0,590.4780451572454,5,1212.9904902448375,0,,,
dlog_SOLVPN__dlog_DXY,rbf,120,10,0,1,606,606,606.0,590.4780451572454,5,1212.9904902448375,0,,,
dlog_SOLVPN__dlog_DXY,rbf,120,15,0,1,606,606,606.0,590.4780451572454,5,1212.9904902448375,0,,,
dlog_SOLVPN__dlog_DXY,rbf,120,20,0,1,606,606,606.0,590.4780451572454,5,1212.9904902448375,0,,,
dlog_SOLVPN__dlog_DXY,rbf,120,30,0,1,606,606,606.0,590.4780451572454,5,1212.9904902448375,0,,,
dlog_SOLVPN__dlog_DXY,rbf,120,50,0,1,606,606,606.0,590.4780451572454,5,1212.9904902448375,0,,,
dlog_SOLVPN__dlog_OIL,normal,40,5,10,11,40,110,55.09090909090909,526.1837355257993,55,1404.745870285411,1,110|155|195|235|280|320|380|420|470|540,2023-06-26|2023-09-14|2023-11-28|2024-02-12|2024-05-02|2024-07-17|2024-11-04|2025-01-27|2025-04-28|2025-09-02,
dlog_SOLVPN__dlog_OIL,normal,40,7,9,10,40,110,60.6,530.0462970779301,50,1380.436593459326,1,110|155|195|235|280|320|380|470|540,2023-06-26|2023-09-14|2023-11-28|2024-02-12|2024-05-02|2024-07-17|2024-11-04|2025-04-28|2025-09-02,
dlog_SOLVPN__dlog_OIL,normal,40,10,7,8,45,110,75.75,540.329062801797,40,1336.9333250463667,1,110|155|220|320|380|470|540,2023-06-26|2023-09-14|2024-01-16|2024-07-17|2024-11-04|2025-04-28|2025-09-02,
dlog_SOLVPN__dlog_OIL,normal,40,15,5,6,60,220,101.0,554.6132763556632,30,1301.4329522934058,0,220|320|380|470|540,2024-01-16|2024-07-17|2024-11-04|2025-04-28|2025-09-02,
dlog_SOLVPN__dlog_OIL,normal,40,20,3,4,50,420,151.5,571.7128170465479,20,1271.5632338144821,0,420|470|540,2025-01-27|2025-04-28|2025-09-02,
dlog_SOLVPN__dlog_OIL,normal,40,30,0,1,606,606,606.0,605.9739410825642,5,1243.982282095475,0,,,
dlog_SOLVPN__dlog_OIL,normal,40,50,0,1,606,606,606.0,605.9739410825642,5,1243.982282095475,0,,,
dlog_SOLVPN__dlog_OIL,normal,60,5,7,8,60,100,75.75,545.3259158612483,40,1346.9270311652692,1,100|160|220|320|380|470|540,2023-06-06|2023-09-25|2024-01-16|2024-07-17|2024-11-04|2025-04-28|2025-09-02,
dlog_SOLVPN__dlog_OIL,normal,60,7,7,8,60,100,75.75,545.3259158612483,40,1346.9270311652692,1,100|160|220|320|380|470|540,2023-06-06|2023-09-25|2024-01-16|2024-07-17|2024-11-04|2025-04-28|2025-09-02,
dlog_SOLVPN__dlog_OIL,normal,60,10,5,6,60,220,101.0,554.6132763556632,30,1301.4329522934058,0,220|320|380|470|540,2024-01-16|2024-07-17|2024-11-04|2025-04-28|2025-09-02,
dlog_SOLVPN__dlog_OIL,normal,60,15,5,6,60,220,101.0,554.6132763556632,30,1301.4329522934058,0,220|320|380|470|540,2024-01-16|2024-07-17|2024-11-04|2025-04-28|2025-09-02,
dlog_SOLVPN__dlog_OIL,normal,60,20,3,4,66,380,151.5,572.29608241759,20,1272.7297645565664,0,380|470|540,2024-11-04|2025-04-28|2025-09-02,
dlog_SOLVPN__dlog_OIL,normal,60,30,0,1,606,606,606.0,605.9739410825642,5,1243.982282095475,0,,,
dlog_SOLVPN__dlog_OIL,normal,60,50,0,1,606,606,606.0,605.9739410825642,5,1243.982282095475,0,,,
dlog_SOLVPN__dlog_OIL,normal,80,5,4,5,80,220,121.2,576.4147672882602,25,1313.0015342282534,0,220|320|400|480,2024-01-16|2024-07-17|2024-12-11|2025-05-14,
dlog_SOLVPN__dlog_OIL,normal,80,7,4,5,80,220,121.2,576.4147672882602,25,1313.0015342282534,0,220|320|400|480,2024-01-16|2024-07-17|2024-12-11|2025-05-14,
dlog_SOLVPN__dlog_OIL,normal,80,10,3,4,100,220,151.5,581.0142247321729,20,1290.1660491857322,0,220|320|505,2024-01-16|2024-07-17|2025-07-01,
dlog_SOLVPN__dlog_OIL,normal,80,15,2,3,90,380,202.0,588.1827427717013,15,1272.4686853344424,0,380|470,2024-11-04|2025-04-28,
dlog_SOLVPN__dlog_OIL,normal,80,20,0,1,606,606,606.0,605.9739410825642,5,1243.982282095475,0,,,
dlog_SOLVPN__dlog_OIL,normal,80,30,0,1,606,606,606.0,605.9739410825642,5,1243.982282095475,0,,,
dlog_SOLVPN__dlog_OIL,normal,80,50,0,1,606,606,606.0,605.9739410825642,5,1243.982282095475,0,,,
dlog_SOLVPN__dlog_OIL,normal,120,5,3,4,120,205,151.5,584.8000493201682,20,1297.7376983617228,0,205|325|470,2023-12-14|2024-07-25|2025-04-28,
dlog_SOLVPN__dlog_OIL,normal,120,7,3,4,120,205,151.5,584.8000493201682,20,1297.7376983617228,0,205|325|470,2023-12-14|2024-07-25|2025-04-28,
dlog_SOLVPN__dlog_OIL,normal,120,10,3,4,120,205,151.5,584.8000493201682,20,1297.7376983617228,0,205|325|470,2023-12-14|2024-07-25|2025-04-28,
dlog_SOLVPN__dlog_OIL,normal,120,15,0,1,606,606,606.0,605.9739410825642,5,1243.982282095475,0,,,
dlog_SOLVPN__dlog_OIL,normal,120,20,0,1,606,606,606.0,605.9739410825642,5,1243.982282095475,0,,,
dlog_SOLVPN__dlog_OIL,normal,120,30,0,1,606,606,606.0,605.9739410825642,5,1243.982282095475,0,,,
dlog_SOLVPN__dlog_OIL,normal,120,50,0,1,606,606,606.0,605.9739410825642,5,1243.982282095475,0,,,
dlog_SOLVPN__dlog_OIL,rbf,40,5,0,1,606,606,606.0,605.9739410825642,5,1243.982282095475,0,,,
dlog_SOLVPN__dlog_OIL,rbf,40,7,0,1,606,606,606.0,605.9739410825642,5,1243.982282095475,0,,,
dlog_SOLVPN__dlog_OIL,rbf,40,10,0,1,606,606,606.0,605.9739410825642,5,1243.982282095475,0,,,
dlog_SOLVPN__dlog_OIL,rbf,40,15,0,1,606,606,606.0,605.9739410825642,5,1243.982282095475,0,,,
dlog_SOLVPN__dlog_OIL,rbf,40,20,0,1,606,606,606.0,605.9739410825642,5,1243.982282095475,0,,,
dlog_SOLVPN__dlog_OIL,rbf,40,30,0,1,606,606,606.0,605.9739410825642,5,1243.982282095475,0,,,
dlog_SOLVPN__dlog_OIL,rbf,40,50,0,1,606,606,606.0,605.9739410825642,5,1243.982282095475,0,,,
dlog_SOLVPN__dlog_OIL,rbf,60,5,0,1,606,606,606.0,605.9739410825642,5,1243.982282095475,0,,,
dlog_SOLVPN__dlog_OIL,rbf,60,7,0,1,606,606,606.0,605.9739410825642,5,1243.982282095475,0,,,
dlog_SOLVPN__dlog_OIL,rbf,60,10,0,1,606,606,606.0,605.9739410825642,5,1243.982282095475,0,,,
dlog_SOLVPN__dlog_OIL,rbf,60,15,0,1,606,606,606.0,605.9739410825642,5,1243.982282095475,0,,,
dlog_SOLVPN__dlog_OIL,rbf,60,20,0,1,606,606,606.0,605.9739410825642,5,1243.982282095475,0,,,
dlog_SOLVPN__dlog_OIL,rbf,60,30,0,1,606,606,606.0,605.9739410825642,5,1243.982282095475,0,,,
dlog_SOLVPN__dlog_OIL,rbf,60,50,0,1,606,606,606.0,605.9739410825642,5,1243.982282095475,0,,,
dlog_SOLVPN__dlog_OIL,rbf,80,5,0,1,606,606,606.0,605.9739410825642,5,1243.982282095475,0,,,
dlog_SOLVPN__dlog_OIL,rbf,80,7,0,1,606,606,606.0,605.9739410825642,5,1243.982282095475,0,,,
dlog_SOLVPN__dlog_OIL,rbf,80,10,0,1,606,606,606.0,605.9739410825642,5,1243.982282095475,0,,,
dlog_SOLVPN__dlog_OIL,rbf,80,15,0,1,606,606,606.0,605.9739410825642,5,1243.982282095475,0,,,
dlog_SOLVPN__dlog_OIL,rbf,80,20,0,1,606,606,606.0,605.9739410825642,5,1243.982282095475,0,,,
dlog_SOLVPN__dlog_OIL,rbf,80,30,0,1,606,606,606.0,605.9739410825642,5,1243.982282095475,0,,,
dlog_SOLVPN__dlog_OIL,rbf,80,50,0,1,606,606,606.0,605.9739410825642,5,1243.982282095475,0,,,
dlog_SOLVPN__dlog_OIL,rbf,120,5,0,1,606,606,606.0,605.9739410825642,5,1243.982282095475,0,,,
dlog_SOLVPN__dlog_OIL,rbf,120,7,0,1,606,606,606.0,605.9739410825642,5,1243.982282095475,0,,,
dlog_SOLVPN__dlog_OIL,rbf,120,10,0,1,606,606,606.0,605.9739410825642,5,1243.982282095475,0,,,
dlog_SOLVPN__dlog_OIL,rbf,120,15,0,1,606,606,606.0,605.9739410825642,5,1243.982282095475,0,,,
dlog_SOLVPN__dlog_OIL,rbf,120,20,0,1,606,606,606.0,605.9739410825642,5,1243.982282095475,0,,,
dlog_SOLVPN__dlog_OIL,rbf,120,30,0,1,606,606,606.0,605.9739410825642,5,1243.982282095475,0,,,
dlog_SOLVPN__dlog_OIL,rbf,120,50,0,1,606,606,606.0,605.9739410825642,5,1243.982282095475,0,,,
dlog_SOLVPN__dlog_GAS,normal,40,5,10,11,40,75,55.09090909090909,383.96684643520945,55,1120.3120921042312,1,40|115|180|225|300|375|420|465|505|565,2023-02-15|2023-07-05|2023-10-31|2024-01-24|2024-06-10|2024-10-24|2025-01-27|2025-04-16|2025-07-01|2025-10-16,
dlog_SOLVPN__dlog_GAS,normal,40,7,10,11,40,75,55.09090909090909,383.96684643520945,55,1120.3120921042312,1,40|115|180|225|300|375|420|465|505|565,2023-02-15|2023-07-05|2023-10-31|2024-01-24|2024-06-10|2024-10-24|2025-01-27|2025-04-16|2025-07-01|2025-10-16,
dlog_SOLVPN__dlog_GAS,normal,40,10,10,11,40,75,55.09090909090909,383.96684643520945,55,1120.3120921042312,1,40|115|180|225|300|375|420|465|505|565,2023-02-15|2023-07-05|2023-10-31|2024-01-24|2024-06-10|2024-10-24|2025-01-27|2025-04-16|2025-07-01|2025-10-16,
dlog_SOLVPN__dlog_GAS,normal,40,15,7,8,40,155,75.75,403.38993940419164,40,1063.055078251156,1,40|180|225|380|435|505|565,2023-02-15|2023-10-31|2024-01-24|2024-11-04|2025-02-24|2025-07-01|2025-10-16,
dlog_SOLVPN__dlog_GAS,normal,40,20,7,8,40,155,75.75,403.38993940419164,40,1063.055078251156,1,40|180|225|380|435|505|565,2023-02-15|2023-10-31|2024-01-24|2024-11-04|2025-02-24|2025-07-01|2025-10-16,
dlog_SOLVPN__dlog_GAS,normal,40,30,5,6,40,171,101.0,431.98170885394256,30,1056.1698172899646,0,40|180|225|380|435,2023-02-15|2023-10-31|2024-01-24|2024-11-04|2025-02-24,
dlog_SOLVPN__dlog_GAS,normal,40,50,4,5,40,215,121.2,454.6657897687443,25,1069.5035791892215,0,215|255|380|435,2024-01-04|2024-03-19|2024-11-04|2025-02-24,
dlog_SOLVPN__dlog_GAS,normal,60,5,8,9,60,110,67.33333333333333,426.6194946332581,45,1141.5485886396355,1,60|120|180|240|300|375|435|545,2023-03-23|2023-07-13|2023-10-31|2024-02-21|2024-06-10|2024-10-24|2025-02-24|2025-09-10,
dlog_SOLVPN__dlog_GAS,normal,60,7,8,9,60,110,67.33333333333333,426.6194946332581,45,1141.5485886396355,1,60|120|180|240|300|375|435|545,2023-03-23|2023-07-13|2023-10-31|2024-02-21|2024-06-10|2024-10-24|2025-02-24|2025-09-10,
dlog_SOLVPN__dlog_GAS,normal,60,10,8,9,60,110,67.33333333333333,426.6194946332581,45,1141.5485886396355,1,60|120|180|240|300|375|435|545,2023-03-23|2023-07-13|2023-10-31|2024-02-21|2024-06-10|2024-10-24|2025-02-24|2025-09-10,
dlog_SOLVPN__dlog_GAS,normal,60,15,5,6,60,161,101.0,448.1078259314578,30,1088.422051444995,0,60|180|240|380|445,2023-03-23|2023-10-31|2024-02-21|2024-11-04|2025-03-12,
dlog_SOLVPN__dlog_GAS,normal,60,20,5,6,60,171,101.0,447.26966759887046,30,1086.7457347798204,0,60|180|240|375|435,2023-03-23|2023-10-31|2024-02-21|2024-10-24|2025-02-24,
dlog_SOLVPN__dlog_GAS,normal,60,30,5,6,60,171,101.0,447.26966759887046,30,1086.7457347798204,0,60|180|240|375|435,2023-03-23|2023-10-31|2024-02-21|2024-10-24|2025-02-24,
dlog_SOLVPN__dlog_GAS,normal,60,50,4,5,60,180,121.2,467.19564866157134,25,1094.5632969748756,0,180|240|375|435,2023-10-31|2024-02-21|2024-10-24|2025-02-24,
dlog_SOLVPN__dlog_GAS,normal,80,5,5,6,80,141,101.0,467.09755495694264,30,1126.4015094959648,0,100|180|260|380|465,2023-06-06|2023-10-31|2024-03-27|2024-11-04|2025-04-16,
dlog_SOLVPN__dlog_GAS,normal,80,7,5,6,80,141,101.0,467.09755495694264,30,1126.4015094959648,0,100|180|260|380|465,2023-06-06|2023-10-31|2024-03-27|2024-11-04|2025-04-16,
dlog_SOLVPN__dlog_GAS,normal,80,10,5,6,80,141,101.0,467.09755495694264,30,1126.4015094959648,0,100|180|260|380|465,2023-06-06|2023-10-31|2024-03-27|2024-11-04|2025-04-16,
dlog_SOLVPN__dlog_GAS,normal,80,15,5,6,80,141,101.0,467.09755495694264,30,1126.4015094959648,0,100|180|260|380|465,2023-06-06|2023-10-31|2024-03-27|2024-11-04|2025-04-16,
dlog_SOLVPN__dlog_GAS,normal,80,20,4,5,80,220,121.2,476.52124048083766,25,1113.214480613408,0,220|300|380|465,2024-01-16|2024-06-10|2024-11-04|2025-04-16,
dlog_SOLVPN__dlog_GAS,normal,80,30,4,5,80,220,121.2,476.52124048083766,25,1113.214480613408,0,220|300|380|465,2024-01-16|2024-06-10|2024-11-04|2025-04-16,
dlog_SOLVPN__dlog_GAS,normal,80,50,2,3,171,220,202.0,521.8083991339183,15,1139.7199980588764,0,220|435,2024-01-16|2025-02-24,
dlog_SOLVPN__dlog_GAS,normal,120,5,3,4,120,180,151.5,521.7842405226254,20,1171.7060807666371,0,180|300|435,2023-10-31|2024-06-10|2025-02-24,
dlog_SOLVPN__dlog_GAS,normal,120,7,3,4,120,180,151.5,521.7842405226254,20,1171.7060807666371,0,180|300|435,2023-10-31|2024-06-10|2025-02-24,
dlog_SOLVPN__dlog_GAS,normal,120,10,3,4,120,180,151.5,521.7842405226254,20,1171.7060807666371,0,180|300|435,2023-10-31|2024-06-10|2025-02-24,
dlog_SOLVPN__dlog_GAS,normal,120,15,2,3,171,220,202.0,521.8083991339183,15,1139.7199980588764,0,220|435,2024-01-16|2025-02-24,
dlog_SOLVPN__dlog_GAS,normal,120,20,2,3,171,220,202.0,521.8083991339183,15,1139.7199980588764,0,220|435,2024-01-16|2025-02-24,
dlog_SOLVPN__dlog_GAS,normal,120,30,2,3,171,220,202.0,521.8083991339183,15,1139.7199980588764,0,220|435,2024-01-16|2025-02-24,
dlog_SOLVPN__dlog_GAS,normal,120,50,2,3,171,220,202.0,521.8083991339183,15,1139.7199980588764,0,220|435,2024-01-16|2025-02-24,
dlog_SOLVPN__dlog_GAS,rbf,40,5,0,1,606,606,606.0,605.4667925970515,5,1242.9679851244496,0,,,
dlog_SOLVPN__dlog_GAS,rbf,40,7,0,1,606,606,606.0,605.4667925970515,5,1242.9679851244496,0,,,
dlog_SOLVPN__dlog_GAS,rbf,40,10,0,1,606,606,606.0,605.4667925970515,5,1242.9679851244496,0,,,
dlog_SOLVPN__dlog_GAS,rbf,40,15,0,1,606,606,606.0,605.4667925970515,5,1242.9679851244496,0,,,
dlog_SOLVPN__dlog_GAS,rbf,40,20,0,1,606,606,606.0,605.4667925970515,5,1242.9679851244496,0,,,
dlog_SOLVPN__dlog_GAS,rbf,40,30,0,1,606,606,606.0,605.4667925970515,5,1242.9679851244496,0,,,
dlog_SOLVPN__dlog_GAS,rbf,40,50,0,1,606,606,606.0,605.4667925970515,5,1242.9679851244496,0,,,
dlog_SOLVPN__dlog_GAS,rbf,60,5,0,1,606,606,606.0,605.4667925970515,5,1242.9679851244496,0,,,
dlog_SOLVPN__dlog_GAS,rbf,60,7,0,1,606,606,606.0,605.4667925970515,5,1242.9679851244496,0,,,
dlog_SOLVPN__dlog_GAS,rbf,60,10,0,1,606,606,606.0,605.4667925970515,5,1242.9679851244496,0,,,
dlog_SOLVPN__dlog_GAS,rbf,60,15,0,1,606,606,606.0,605.4667925970515,5,1242.9679851244496,0,,,
dlog_SOLVPN__dlog_GAS,rbf,60,20,0,1,606,606,606.0,605.4667925970515,5,1242.9679851244496,0,,,
dlog_SOLVPN__dlog_GAS,rbf,60,30,0,1,606,606,606.0,605.4667925970515,5,1242.9679851244496,0,,,
dlog_SOLVPN__dlog_GAS,rbf,60,50,0,1,606,606,606.0,605.4667925970515,5,1242.9679851244496,0,,,
dlog_SOLVPN__dlog_GAS,rbf,80,5,0,1,606,606,606.0,605.4667925970515,5,1242.9679851244496,0,,,
dlog_SOLVPN__dlog_GAS,rbf,80,7,0,1,606,606,606.0,605.4667925970515,5,1242.9679851244496,0,,,
dlog_SOLVPN__dlog_GAS,rbf,80,10,0,1,606,606,606.0,605.4667925970515,5,1242.9679851244496,0,,,
dlog_SOLVPN__dlog_GAS,rbf,80,15,0,1,606,606,606.0,605.4667925970515,5,1242.9679851244496,0,,,
dlog_SOLVPN__dlog_GAS,rbf,80,20,0,1,606,606,606.0,605.4667925970515,5,1242.9679851244496,0,,,
dlog_SOLVPN__dlog_GAS,rbf,80,30,0,1,606,606,606.0,605.4667925970515,5,1242.9679851244496,0,,,
dlog_SOLVPN__dlog_GAS,rbf,80,50,0,1,606,606,606.0,605.4667925970515,5,1242.9679851244496,0,,,
dlog_SOLVPN__dlog_GAS,rbf,120,5,0,1,606,606,606.0,605.4667925970515,5,1242.9679851244496,0,,,
dlog_SOLVPN__dlog_GAS,rbf,120,7,0,1,606,606,606.0,605.4667925970515,5,1242.9679851244496,0,,,
dlog_SOLVPN__dlog_GAS,rbf,120,10,0,1,606,606,606.0,605.4667925970515,5,1242.9679851244496,0,,,
dlog_SOLVPN__dlog_GAS,rbf,120,15,0,1,606,606,606.0,605.4667925970515,5,1242.9679851244496,0,,,
dlog_SOLVPN__dlog_GAS,rbf,120,20,0,1,606,606,606.0,605.4667925970515,5,1242.9679851244496,0,,,
dlog_SOLVPN__dlog_GAS,rbf,120,30,0,1,606,606,606.0,605.4667925970515,5,1242.9679851244496,0,,,
dlog_SOLVPN__dlog_GAS,rbf,120,50,0,1,606,606,606.0,605.4667925970515,5,1242.9679851244496,0,,,
dlog_SOLVPN__d_UST10Y,normal,40,5,11,12,40,70,50.5,472.68828386737613,60,1329.789366898911,1,65|115|155|195|235|280|320|360|410|470|540,2023-04-03|2023-07-05|2023-09-14|2023-11-28|2024-02-12|2024-05-02|2024-07-17|2024-09-26|2025-01-06|2025-04-28|2025-09-02,
dlog_SOLVPN__d_UST10Y,normal,40,7,10,11,40,70,55.09090909090909,477.06065875402203,55,1306.4997167418564,1,65|115|175|215|280|320|360|410|470|540,2023-04-03|2023-07-05|2023-10-23|2024-01-04|2024-05-02|2024-07-17|2024-09-26|2025-01-06|2025-04-28|2025-09-02,
dlog_SOLVPN__d_UST10Y,normal,40,10,7,8,40,195,75.75,492.4678503652167,40,1241.210900173206,1,65|115|175|215|410|470|540,2023-04-03|2023-07-05|2023-10-23|2024-01-04|2025-01-06|2025-04-28|2025-09-02,
dlog_SOLVPN__d_UST10Y,normal,40,15,4,5,60,295,121.2,515.9913745400844,25,1192.1547487319017,0,115|410|470|540,2023-07-05|2025-01-06|2025-04-28|2025-09-02,
dlog_SOLVPN__d_UST10Y,normal,40,20,4,5,60,295,121.2,515.9913745400844,25,1192.1547487319017,0,115|410|470|540,2023-07-05|2025-01-06|2025-04-28|2025-09-02,
dlog_SOLVPN__d_UST10Y,normal,40,30,1,2,111,495,303.0,559.4104943889348,10,1182.8897886385628,0,495,2025-06-11,
dlog_SOLVPN__d_UST10Y,normal,40,50,1,2,111,495,303.0,559.4104943889348,10,1182.8897886385628,0,495,2025-06-11,
dlog_SOLVPN__d_UST10Y,normal,60,5,8,9,60,110,67.33333333333333,492.25595866163326,45,1272.8215166963855,1,60|120|180|240|350|410|470|540,2023-03-23|2023-07-13|2023-10-31|2024-02-21|2024-09-10|2025-01-06|2025-04-28|2025-09-02,
dlog_SOLVPN__d_UST10Y,normal,60,7,8,9,60,110,67.33333333333333,492.25595866163326,45,1272.8215166963855,1,60|120|180|240|350|410|470|540,2023-03-23|2023-07-13|2023-10-31|2024-02-21|2024-09-10|2025-01-06|2025-04-28|2025-09-02,
dlog_SOLVPN__d_UST10Y,normal,60,10,6,7,60,160,86.57142857142857,502.3837996326317,35,1229.0083987776893,0,115|175|250|410|470|540,2023-07-05|2023-10-23|2024-03-11|2025-01-06|2025-04-28|2025-09-02,
dlog_SOLVPN__d_UST10Y,normal,60,15,4,5,60,295,121.2,515.9913745400844,25,1192.1547487319017,0,115|410|470|540,2023-07-05|2025-01-06|2025-04-28|2025-09-02,
dlog_SOLVPN__d_UST10Y,normal,60,20,4,5,60,295,121.2,515.9913745400844,25,1192.1547487319017,0,115|410|470|540,2023-07-05|2025-01-06|2025-04-28|2025-09-02,
dlog_SOLVPN__d_UST10Y,normal,60,30,1,2,111,495,303.0,559.4104943889348,10,1182.8897886385628,0,495,2025-06-11,
dlog_SOLVPN__d_UST10Y,normal,60,50,1,2,111,495,303.0,559.4104943889348,10,1182.8897886385628,0,495,2025-06-11,
dlog_SOLVPN__d_UST10Y,normal,80,5,4,5,80,205,121.2,522.1666329146357,25,1204.5052654810042,0,115|205|410|490,2023-07-05|2023-12-14|2025-01-06|2025-06-03,
dlog_SOLVPN__d_UST10Y,normal,80,7,4,5,80,205,121.2,522.1666329146357,25,1204.5052654810042,0,115|205|410|490,2023-07-05|2023-12-14|2025-01-06|2025-06-03,
dlog_SOLVPN__d_UST10Y,normal,80,10,4,5,80,205,121.2,522.1666329146357,25,1204.5052654810042,0,115|205|410|490,2023-07-05|2023-12-14|2025-01-06|2025-06-03,
dlog_SOLVPN__d_UST10Y,normal,80,15,3,4,80,295,151.5,528.8038489744481,20,1185.7452976702825,0,115|410|490,2023-07-05|2025-01-06|2025-06-03,
dlog_SOLVPN__d_UST10Y,normal,80,20,3,4,80,295,151.5,528.8038489744481,20,1185.7452976702825,0,115|410|490,2023-07-05|2025-01-06|2025-06-03,
dlog_SOLVPN__d_UST10Y,normal,80,30,1,2,111,495,303.0,559.4104943889348,10,1182.8897886385628,0,495,2025-06-11,
dlog_SOLVPN__d_UST10Y,normal,80,50,1,2,111,495,303.0,559.4104943889348,10,1182.8897886385628,0,495,2025-06-11,
dlog_SOLVPN__d_UST10Y,normal,120,5,3,4,120,200,151.5,535.7894999812476,20,1199.7165996838814,0,120|320|485,2023-07-13|2024-07-17|2025-05-22,
dlog_SOLVPN__d_UST10Y,normal,120,7,3,4,120,200,151.5,535.7894999812476,20,1199.7165996838814,0,120|320|485,2023-07-13|2024-07-17|2025-05-22,
dlog_SOLVPN__d_UST10Y,normal,120,10,3,4,120,200,151.5,535.7894999812476,20,1199.7165996838814,0,120|320|485,2023-07-13|2024-07-17|2025-05-22,
dlog_SOLVPN__d_UST10Y,normal,120,15,3,4,120,200,151.5,535.7894999812476,20,1199.7165996838814,0,120|320|485,2023-07-13|2024-07-17|2025-05-22,
dlog_SOLVPN__d_UST10Y,normal,120,20,3,4,120,200,151.5,535.7894999812476,20,1199.7165996838814,0,120|320|485,2023-07-13|2024-07-17|2025-05-22,
dlog_SOLVPN__d_UST10Y,normal,120,30,1,2,121,485,303.0,559.9234412792454,10,1183.915682419184,0,485,2025-05-22,
dlog_SOLVPN__d_UST10Y,normal,120,50,1,2,121,485,303.0,559.9234412792454,10,1183.915682419184,0,485,2025-05-22,
dlog_SOLVPN__d_UST10Y,rbf,40,5,0,1,606,606,606.0,587.8064016013576,5,1207.6472031330618,0,,,
dlog_SOLVPN__d_UST10Y,rbf,40,7,0,1,606,606,606.0,587.8064016013576,5,1207.6472031330618,0,,,
dlog_SOLVPN__d_UST10Y,rbf,40,10,0,1,606,606,606.0,587.8064016013576,5,1207.6472031330618,0,,,
dlog_SOLVPN__d_UST10Y,rbf,40,15,0,1,606,606,606.0,587.8064016013576,5,1207.6472031330618,0,,,
dlog_SOLVPN__d_UST10Y,rbf,40,20,0,1,606,606,606.0,587.8064016013576,5,1207.6472031330618,0,,,
dlog_SOLVPN__d_UST10Y,rbf,40,30,0,1,606,606,606.0,587.8064016013576,5,1207.6472031330618,0,,,
dlog_SOLVPN__d_UST10Y,rbf,40,50,0,1,606,606,606.0,587.8064016013576,5,1207.6472031330618,0,,,
dlog_SOLVPN__d_UST10Y,rbf,60,5,0,1,606,606,606.0,587.8064016013576,5,1207.6472031330618,0,,,
dlog_SOLVPN__d_UST10Y,rbf,60,7,0,1,606,606,606.0,587.8064016013576,5,1207.6472031330618,0,,,
dlog_SOLVPN__d_UST10Y,rbf,60,10,0,1,606,606,606.0,587.8064016013576,5,1207.6472031330618,0,,,
dlog_SOLVPN__d_UST10Y,rbf,60,15,0,1,606,606,606.0,587.8064016013576,5,1207.6472031330618,0,,,
dlog_SOLVPN__d_UST10Y,rbf,60,20,0,1,606,606,606.0,587.8064016013576,5,1207.6472031330618,0,,,
dlog_SOLVPN__d_UST10Y,rbf,60,30,0,1,606,606,606.0,587.8064016013576,5,1207.6472031330618,0,,,
dlog_SOLVPN__d_UST10Y,rbf,60,50,0,1,606,606,606.0,587.8064016013576,5,1207.6472031330618,0,,,
dlog_SOLVPN__d_UST10Y,rbf,80,5,0,1,606,606,606.0,587.8064016013576,5,1207.6472031330618,0,,,
dlog_SOLVPN__d_UST10Y,rbf,80,7,0,1,606,606,606.0,587.8064016013576,5,1207.6472031330618,0,,,
dlog_SOLVPN__d_UST10Y,rbf,80,10,0,1,606,606,606.0,587.8064016013576,5,1207.6472031330618,0,,,
dlog_SOLVPN__d_UST10Y,rbf,80,15,0,1,606,606,606.0,587.8064016013576,5,1207.6472031330618,0,,,
dlog_SOLVPN__d_UST10Y,rbf,80,20,0,1,606,606,606.0,587.8064016013576,5,1207.6472031330618,0,,,
dlog_SOLVPN__d_UST10Y,rbf,80,30,0,1,606,606,606.0,587.8064016013576,5,1207.6472031330618,0,,,
dlog_SOLVPN__d_UST10Y,rbf,80,50,0,1,606,606,606.0,587.8064016013576,5,1207.6472031330618,0,,,
dlog_SOLVPN__d_UST10Y,rbf,120,5,0,1,606,606,606.0,587.8064016013576,5,1207.6472031330618,0,,,
dlog_SOLVPN__d_UST10Y,rbf,120,7,0,1,606,606,606.0,587.8064016013576,5,1207.6472031330618,0,,,
dlog_SOLVPN__d_UST10Y,rbf,120,10,0,1,606,606,606.0,587.8064016013576,5,1207.6472031330618,0,,,
dlog_SOLVPN__d_UST10Y,rbf,120,15,0,1,606,606,606.0,587.8064016013576,5,1207.6472031330618,0,,,
dlog_SOLVPN__d_UST10Y,rbf,120,20,0,1,606,606,606.0,587.8064016013576,5,1207.6472031330618,0,,,
dlog_SOLVPN__d_UST10Y,rbf,120,30,0,1,606,606,606.0,587.8064016013576,5,1207.6472031330618,0,,,
dlog_SOLVPN__d_UST10Y,rbf,120,50,0,1,606,606,606.0,587.8064016013576,5,1207.6472031330618,0,,,
dlog_SOLVPN__d_VIX,normal,40,5,12,13,40,85,46.61538461538461,212.60263420133222,65,841.6524674971699,1,60|145|185|235|280|320|360|400|440|480|525|565,2023-03-23|2023-08-28|2023-11-08|2024-02-12|2024-05-02|2024-07-17|2024-09-26|2024-12-11|2025-03-04|2025-05-14|2025-08-05|2025-10-16,
dlog_SOLVPN__d_VIX,normal,40,7,11,12,40,85,50.5,216.50511545026458,60,817.423030064688,1,60|145|185|235|280|320|360|400|470|525|565,2023-03-23|2023-08-28|2023-11-08|2024-02-12|2024-05-02|2024-07-17|2024-09-26|2024-12-11|2025-04-28|2025-08-05|2025-10-16,
dlog_SOLVPN__d_VIX,normal,40,10,11,12,40,85,50.5,216.50511545026458,60,817.423030064688,1,60|145|185|235|280|320|360|400|470|525|565,2023-03-23|2023-08-28|2023-11-08|2024-02-12|2024-05-02|2024-07-17|2024-09-26|2024-12-11|2025-04-28|2025-08-05|2025-10-16,
dlog_SOLVPN__d_VIX,normal,40,15,7,8,40,135,75.75,245.72512307097773,40,747.725445584728,1,60|185|320|360|400|470|565,2023-03-23|2023-11-08|2024-07-17|2024-09-26|2024-12-11|2025-04-28|2025-10-16,
dlog_SOLVPN__d_VIX,normal,40,20,7,8,40,135,75.75,245.72512307097773,40,747.725445584728,1,60|185|320|360|400|470|565,2023-03-23|2023-11-08|2024-07-17|2024-09-26|2024-12-11|2025-04-28|2025-10-16,
dlog_SOLVPN__d_VIX,normal,40,30,3,4,60,260,151.5,297.3136807627156,20,722.7649612468175,0,60|320|470,2023-03-23|2024-07-17|2025-04-28,
dlog_SOLVPN__d_VIX,normal,40,50,3,4,60,260,151.5,297.3136807627156,20,722.7649612468175,0,60|320|470,2023-03-23|2024-07-17|2025-04-28,
dlog_SOLVPN__d_VIX,normal,60,5,8,9,60,90,67.33333333333333,258.02225263605584,45,804.3541046452308,1,60|125|185|250|320|380|470|540,2023-03-23|2023-07-24|2023-11-08|2024-03-11|2024-07-17|2024-11-04|2025-04-28|2025-09-02,
dlog_SOLVPN__d_VIX,normal,60,7,7,8,60,125,75.75,261.9455705830142,40,780.166340608801,1,60|185|250|320|380|470|540,2023-03-23|2023-11-08|2024-03-11|2024-07-17|2024-11-04|2025-04-28|2025-09-02,
dlog_SOLVPN__d_VIX,normal,60,10,6,7,60,135,86.57142857142857,267.27939797431617,35,758.7995954610583,0,60|185|320|380|470|540,2023-03-23|2023-11-08|2024-07-17|2024-11-04|2025-04-28|2025-09-02,
dlog_SOLVPN__d_VIX,normal,60,15,5,6,60,150,101.0,275.7505129086748,30,743.707425399429,0,60|185|320|470|540,2023-03-23|2023-11-08|2024-07-17|2025-04-28|2025-09-02,
dlog_SOLVPN__d_VIX,normal,60,20,4,5,60,150,121.2,285.3302850996065,25,730.8325698509459,0,60|185|320|470,2023-03-23|2023-11-08|2024-07-17|2025-04-28,
dlog_SOLVPN__d_VIX,normal,60,30,3,4,60,260,151.5,297.3136807627156,20,722.7649612468175,0,60|320|470,2023-03-23|2024-07-17|2025-04-28,
dlog_SOLVPN__d_VIX,normal,60,50,3,4,60,260,151.5,297.3136807627156,20,722.7649612468175,0,60|320|470,2023-03-23|2024-07-17|2025-04-28,
dlog_SOLVPN__d_VIX,normal,80,5,4,5,85,150,121.2,289.3943156690409,25,738.9606309898147,0,85|185|320|470,2023-05-09|2023-11-08|2024-07-17|2025-04-28,
dlog_SOLVPN__d_VIX,normal,80,7,4,5,85,150,121.2,289.3943156690409,25,738.9606309898147,0,85|185|320|470,2023-05-09|2023-11-08|2024-07-17|2025-04-28,
dlog_SOLVPN__d_VIX,normal,80,10,4,5,85,150,121.2,289.3943156690409,25,738.9606309898147,0,85|185|320|470,2023-05-09|2023-11-08|2024-07-17|2025-04-28,
dlog_SOLVPN__d_VIX,normal,80,15,4,5,85,150,121.2,289.3943156690409,25,738.9606309898147,0,85|185|320|470,2023-05-09|2023-11-08|2024-07-17|2025-04-28,
dlog_SOLVPN__d_VIX,normal,80,20,3,4,135,185,151.5,298.64052983669706,20,725.4186593947804,0,185|320|470,2023-11-08|2024-07-17|2025-04-28,
dlog_SOLVPN__d_VIX,normal,80,30,3,4,135,185,151.5,298.64052983669706,20,725.4186593947804,0,185|320|470,2023-11-08|2024-07-17|2025-04-28,
dlog_SOLVPN__d_VIX,normal,80,50,3,4,135,185,151.5,298.64052983669706,20,725.4186593947804,0,185|320|470,2023-11-08|2024-07-17|2025-04-28,
dlog_SOLVPN__d_VIX,normal,120,5,3,4,135,185,151.5,298.64052983669706,20,725.4186593947804,0,185|320|470,2023-11-08|2024-07-17|2025-04-28,
dlog_SOLVPN__d_VIX,normal,120,7,3,4,135,185,151.5,298.64052983669706,20,725.4186593947804,0,185|320|470,2023-11-08|2024-07-17|2025-04-28,
dlog_SOLVPN__d_VIX,normal,120,10,3,4,135,185,151.5,298.64052983669706,20,725.4186593947804,0,185|320|470,2023-11-08|2024-07-17|2025-04-28,
dlog_SOLVPN__d_VIX,normal,120,15,3,4,135,185,151.5,298.64052983669706,20,725.4186593947804,0,185|320|470,2023-11-08|2024-07-17|2025-04-28,
dlog_SOLVPN__d_VIX,normal,120,20,3,4,135,185,151.5,298.64052983669706,20,725.4186593947804,0,185|320|470,2023-11-08|2024-07-17|2025-04-28,
dlog_SOLVPN__d_VIX,normal,120,30,3,4,135,185,151.5,298.64052983669706,20,725.4186593947804,0,185|320|470,2023-11-08|2024-07-17|2025-04-28,
dlog_SOLVPN__d_VIX,normal,120,50,3,4,135,185,151.5,298.64052983669706,20,725.4186593947804,0,185|320|470,2023-11-08|2024-07-17|2025-04-28,
dlog_SOLVPN__d_VIX,rbf,40,5,0,1,606,606,606.0,520.2764918343456,5,1072.5873835990378,0,,,
dlog_SOLVPN__d_VIX,rbf,40,7,0,1,606,606,606.0,520.2764918343456,5,1072.5873835990378,0,,,
dlog_SOLVPN__d_VIX,rbf,40,10,0,1,606,606,606.0,520.2764918343456,5,1072.5873835990378,0,,,
dlog_SOLVPN__d_VIX,rbf,40,15,0,1,606,606,606.0,520.2764918343456,5,1072.5873835990378,0,,,
dlog_SOLVPN__d_VIX,rbf,40,20,0,1,606,606,606.0,520.2764918343456,5,1072.5873835990378,0,,,
dlog_SOLVPN__d_VIX,rbf,40,30,0,1,606,606,606.0,520.2764918343456,5,1072.5873835990378,0,,,
dlog_SOLVPN__d_VIX,rbf,40,50,0,1,606,606,606.0,520.2764918343456,5,1072.5873835990378,0,,,
dlog_SOLVPN__d_VIX,rbf,60,5,0,1,606,606,606.0,520.2764918343456,5,1072.5873835990378,0,,,
dlog_SOLVPN__d_VIX,rbf,60,7,0,1,606,606,606.0,520.2764918343456,5,1072.5873835990378,0,,,
dlog_SOLVPN__d_VIX,rbf,60,10,0,1,606,606,606.0,520.2764918343456,5,1072.5873835990378,0,,,
dlog_SOLVPN__d_VIX,rbf,60,15,0,1,606,606,606.0,520.2764918343456,5,1072.5873835990378,0,,,
dlog_SOLVPN__d_VIX,rbf,60,20,0,1,606,606,606.0,520.2764918343456,5,1072.5873835990378,0,,,
dlog_SOLVPN__d_VIX,rbf,60,30,0,1,606,606,606.0,520.2764918343456,5,1072.5873835990378,0,,,
dlog_SOLVPN__d_VIX,rbf,60,50,0,1,606,606,606.0,520.2764918343456,5,1072.5873835990378,0,,,
dlog_SOLVPN__d_VIX,rbf,80,5,0,1,606,606,606.0,520.2764918343456,5,1072.5873835990378,0,,,
dlog_SOLVPN__d_VIX,rbf,80,7,0,1,606,606,606.0,520.2764918343456,5,1072.5873835990378,0,,,
dlog_SOLVPN__d_VIX,rbf,80,10,0,1,606,606,606.0,520.2764918343456,5,1072.5873835990378,0,,,
dlog_SOLVPN__d_VIX,rbf,80,15,0,1,606,606,606.0,520.2764918343456,5,1072.5873835990378,0,,,
dlog_SOLVPN__d_VIX,rbf,80,20,0,1,606,606,606.0,520.2764918343456,5,1072.5873835990378,0,,,
dlog_SOLVPN__d_VIX,rbf,80,30,0,1,606,606,606.0,520.2764918343456,5,1072.5873835990378,0,,,
dlog_SOLVPN__d_VIX,rbf,80,50,0,1,606,606,606.0,520.2764918343456,5,1072.5873835990378,0,,,
dlog_SOLVPN__d_VIX,rbf,120,5,0,1,606,606,606.0,520.2764918343456,5,1072.5873835990378,0,,,
dlog_SOLVPN__d_VIX,rbf,120,7,0,1,606,606,606.0,520.2764918343456,5,1072.5873835990378,0,,,
dlog_SOLVPN__d_VIX,rbf,120,10,0,1,606,606,606.0,520.2764918343456,5,1072.5873835990378,0,,,
dlog_SOLVPN__d_VIX,rbf,120,15,0,1,606,606,606.0,520.2764918343456,5,1072.5873835990378,0,,,
dlog_SOLVPN__d_VIX,rbf,120,20,0,1,606,606,606.0,520.2764918343456,5,1072.5873835990378,0,,,
dlog_SOLVPN__d_VIX,rbf,120,30,0,1,606,606,606.0,520.2764918343456,5,1072.5873835990378,0,,,
dlog_SOLVPN__d_VIX,rbf,120,50,0,1,606,606,606.0,520.2764918343456,5,1072.5873835990378,0,,,
dlog_SOLVPN__d_PJM_LMP,normal,40,5,11,12,40,85,50.5,369.2114526143258,60,1122.8357043928104,1,40|125|190|230|270|310|350|410|450|500|540,2023-02-15|2023-07-24|2023-11-16|2024-02-01|2024-04-16|2024-06-27|2024-09-10|2025-01-06|2025-03-20|2025-06-23|2025-09-02,
dlog_SOLVPN__d_PJM_LMP,normal,40,7,11,12,40,85,50.5,369.2114526143258,60,1122.8357043928104,1,40|125|190|230|270|310|350|410|450|500|540,2023-02-15|2023-07-24|2023-11-16|2024-02-01|2024-04-16|2024-06-27|2024-09-10|2025-01-06|2025-03-20|2025-06-23|2025-09-02,
dlog_SOLVPN__d_PJM_LMP,normal,40,10,10,11,40,85,55.09090909090909,373.7798355672214,55,1099.938070368255,1,40|125|190|230|310|350|410|450|500|540,2023-02-15|2023-07-24|2023-11-16|2024-02-01|2024-06-27|2024-09-10|2025-01-06|2025-03-20|2025-06-23|2025-09-02,
dlog_SOLVPN__d_PJM_LMP,normal,40,15,9,10,40,100,60.6,380.90750674795385,50,1082.1590127993734,1,40|125|225|310|350|410|450|500|540,2023-02-15|2023-07-24|2024-01-24|2024-06-27|2024-09-10|2025-01-06|2025-03-20|2025-06-23|2025-09-02,
dlog_SOLVPN__d_PJM_LMP,normal,40,20,8,9,40,106,67.33333333333333,391.40396668371176,45,1071.1175327405426,1,40|125|225|310|350|410|450|500,2023-02-15|2023-07-24|2024-01-24|2024-06-27|2024-09-10|2025-01-06|2025-03-20|2025-06-23,
dlog_SOLVPN__d_PJM_LMP,normal,40,30,8,9,40,106,67.33333333333333,391.40396668371176,45,1071.1175327405426,1,40|125|225|310|350|410|450|500,2023-02-15|2023-07-24|2024-01-24|2024-06-27|2024-09-10|2025-01-06|2025-03-20|2025-06-23,
dlog_SOLVPN__d_PJM_LMP,normal,40,50,3,4,40,290,151.5,484.27208811600883,20,1096.681775953404,0,40|125|415,2023-02-15|2023-07-24|2025-01-15,
dlog_SOLVPN__d_PJM_LMP,normal,60,5,8,9,60,100,67.33333333333333,437.8749371581426,45,1164.0594736894043,1,60|125|225|290|350|410|470|540,2023-03-23|2023-07-24|2024-01-24|2024-05-21|2024-09-10|2025-01-06|2025-04-28|2025-09-02,
dlog_SOLVPN__d_PJM_LMP,normal,60,7,8,9,60,100,67.33333333333333,437.8749371581426,45,1164.0594736894043,1,60|125|225|290|350|410|470|540,2023-03-23|2023-07-24|2024-01-24|2024-05-21|2024-09-10|2025-01-06|2025-04-28|2025-09-02,
dlog_SOLVPN__d_PJM_LMP,normal,60,10,8,9,60,100,67.33333333333333,437.8749371581426,45,1164.0594736894043,1,60|125|225|290|350|410|470|540,2023-03-23|2023-07-24|2024-01-24|2024-05-21|2024-09-10|2025-01-06|2025-04-28|2025-09-02,
dlog_SOLVPN__d_PJM_LMP,normal,60,15,8,9,60,100,67.33333333333333,437.8749371581426,45,1164.0594736894043,1,60|125|225|290|350|410|470|540,2023-03-23|2023-07-24|2024-01-24|2024-05-21|2024-09-10|2025-01-06|2025-04-28|2025-09-02,
dlog_SOLVPN__d_PJM_LMP,normal,60,20,7,8,60,136,75.75,448.0453334932503,40,1152.3658664292732,1,60|125|225|290|350|410|470,2023-03-23|2023-07-24|2024-01-24|2024-05-21|2024-09-10|2025-01-06|2025-04-28,
dlog_SOLVPN__d_PJM_LMP,normal,60,30,6,7,60,125,86.57142857142857,458.1549039413844,35,1140.550607395195,0,60|125|225|310|435|500,2023-03-23|2023-07-24|2024-01-24|2024-06-27|2025-02-24|2025-06-23,
dlog_SOLVPN__d_PJM_LMP,normal,60,50,3,4,60,290,151.5,508.6608858747954,20,1145.459371470977,0,60|125|415,2023-03-23|2023-07-24|2025-01-15,
dlog_SOLVPN__d_PJM_LMP,normal,80,5,5,6,80,145,101.0,503.09318210985157,30,1198.3927638017826,0,80|225|315|420|500,2023-05-01|2024-01-24|2024-07-09|2025-01-27|2025-06-23,
dlog_SOLVPN__d_PJM_LMP,normal,80,7,5,6,80,145,101.0,503.09318210985157,30,1198.3927638017826,0,80|225|315|420|500,2023-05-01|2024-01-24|2024-07-09|2025-01-27|2025-06-23,
dlog_SOLVPN__d_PJM_LMP,normal,80,10,5,6,80,145,101.0,503.09318210985157,30,1198.3927638017826,0,80|225|315|420|500,2023-05-01|2024-01-24|2024-07-09|2025-01-27|2025-06-23,
dlog_SOLVPN__d_PJM_LMP,normal,80,15,5,6,80,145,101.0,503.09318210985157,30,1198.3927638017826,0,80|225|315|420|500,2023-05-01|2024-01-24|2024-07-09|2025-01-27|2025-06-23,
dlog_SOLVPN__d_PJM_LMP,normal,80,20,5,6,80,145,101.0,503.09318210985157,30,1198.3927638017826,0,80|225|315|420|500,2023-05-01|2024-01-24|2024-07-09|2025-01-27|2025-06-23,
dlog_SOLVPN__d_PJM_LMP,normal,80,30,2,3,80,335,202.0,546.4872950324411,15,1189.077789855922,0,80|415,2023-05-01|2025-01-15,
dlog_SOLVPN__d_PJM_LMP,normal,80,50,1,2,191,415,303.0,569.927244978775,10,1203.9232898182431,0,415,2025-01-15,
dlog_SOLVPN__d_PJM_LMP,normal,120,5,3,4,125,191,151.5,549.6639780934036,20,1227.4655559081934,0,130|290|415,2023-08-01|2024-05-21|2025-01-15,
dlog_SOLVPN__d_PJM_LMP,normal,120,7,3,4,125,191,151.5,549.6639780934036,20,1227.4655559081934,0,130|290|415,2023-08-01|2024-05-21|2025-01-15,
dlog_SOLVPN__d_PJM_LMP,normal,120,10,3,4,125,191,151.5,549.6639780934036,20,1227.4655559081934,0,130|290|415,2023-08-01|2024-05-21|2025-01-15,
dlog_SOLVPN__d_PJM_LMP,normal,120,15,2,3,130,285,202.0,555.9615269417206,15,1208.026253674481,0,130|415,2023-08-01|2025-01-15,
dlog_SOLVPN__d_PJM_LMP,normal,120,20,2,3,130,285,202.0,555.9615269417206,15,1208.026253674481,0,130|415,2023-08-01|2025-01-15,
dlog_SOLVPN__d_PJM_LMP,normal,120,30,1,2,191,415,303.0,569.927244978775,10,1203.9232898182431,0,415,2025-01-15,
dlog_SOLVPN__d_PJM_LMP,normal,120,50,1,2,191,415,303.0,569.927244978775,10,1203.9232898182431,0,415,2025-01-15,
dlog_SOLVPN__d_PJM_LMP,rbf,40,5,0,1,606,606,606.0,604.1285534634225,5,1240.2915068571915,0,,,
dlog_SOLVPN__d_PJM_LMP,rbf,40,7,0,1,606,606,606.0,604.1285534634225,5,1240.2915068571915,0,,,
dlog_SOLVPN__d_PJM_LMP,rbf,40,10,0,1,606,606,606.0,604.1285534634225,5,1240.2915068571915,0,,,
dlog_SOLVPN__d_PJM_LMP,rbf,40,15,0,1,606,606,606.0,604.1285534634225,5,1240.2915068571915,0,,,
dlog_SOLVPN__d_PJM_LMP,rbf,40,20,0,1,606,606,606.0,604.1285534634225,5,1240.2915068571915,0,,,
dlog_SOLVPN__d_PJM_LMP,rbf,40,30,0,1,606,606,606.0,604.1285534634225,5,1240.2915068571915,0,,,
dlog_SOLVPN__d_PJM_LMP,rbf,40,50,0,1,606,606,606.0,604.1285534634225,5,1240.2915068571915,0,,,
dlog_SOLVPN__d_PJM_LMP,rbf,60,5,0,1,606,606,606.0,604.1285534634225,5,1240.2915068571915,0,,,
dlog_SOLVPN__d_PJM_LMP,rbf,60,7,0,1,606,606,606.0,604.1285534634225,5,1240.2915068571915,0,,,
dlog_SOLVPN__d_PJM_LMP,rbf,60,10,0,1,606,606,606.0,604.1285534634225,5,1240.2915068571915,0,,,
dlog_SOLVPN__d_PJM_LMP,rbf,60,15,0,1,606,606,606.0,604.1285534634225,5,1240.2915068571915,0,,,
dlog_SOLVPN__d_PJM_LMP,rbf,60,20,0,1,606,606,606.0,604.1285534634225,5,1240.2915068571915,0,,,
dlog_SOLVPN__d_PJM_LMP,rbf,60,30,0,1,606,606,606.0,604.1285534634225,5,1240.2915068571915,0,,,
dlog_SOLVPN__d_PJM_LMP,rbf,60,50,0,1,606,606,606.0,604.1285534634225,5,1240.2915068571915,0,,,
dlog_SOLVPN__d_PJM_LMP,rbf,80,5,0,1,606,606,606.0,604.1285534634225,5,1240.2915068571915,0,,,
dlog_SOLVPN__d_PJM_LMP,rbf,80,7,0,1,606,606,606.0,604.1285534634225,5,1240.2915068571915,0,,,
dlog_SOLVPN__d_PJM_LMP,rbf,80,10,0,1,606,606,606.0,604.1285534634225,5,1240.2915068571915,0,,,
dlog_SOLVPN__d_PJM_LMP,rbf,80,15,0,1,606,606,606.0,604.1285534634225,5,1240.2915068571915,0,,,
dlog_SOLVPN__d_PJM_LMP,rbf,80,20,0,1,606,606,606.0,604.1285534634225,5,1240.2915068571915,0,,,
dlog_SOLVPN__d_PJM_LMP,rbf,80,30,0,1,606,606,606.0,604.1285534634225,5,1240.2915068571915,0,,,
dlog_SOLVPN__d_PJM_LMP,rbf,80,50,0,1,606,606,606.0,604.1285534634225,5,1240.2915068571915,0,,,
dlog_SOLVPN__d_PJM_LMP,rbf,120,5,0,1,606,606,606.0,604.1285534634225,5,1240.2915068571915,0,,,
dlog_SOLVPN__d_PJM_LMP,rbf,120,7,0,1,606,606,606.0,604.1285534634225,5,1240.2915068571915,0,,,
dlog_SOLVPN__d_PJM_LMP,rbf,120,10,0,1,606,606,606.0,604.1285534634225,5,1240.2915068571915,0,,,
dlog_SOLVPN__d_PJM_LMP,rbf,120,15,0,1,606,606,606.0,604.1285534634225,5,1240.2915068571915,0,,,
dlog_SOLVPN__d_PJM_LMP,rbf,120,20,0,1,606,606,606.0,604.1285534634225,5,1240.2915068571915,0,,,
dlog_SOLVPN__d_PJM_LMP,rbf,120,30,0,1,606,606,606.0,604.1285534634225,5,1240.2915068571915,0,,,
dlog_SOLVPN__d_PJM_LMP,rbf,120,50,0,1,606,606,606.0,604.1285534634225,5,1240.2915068571915,0,,,
