pair,selected_model,selected_min_size,selected_penalty,n_cp,n_segments,min_segment_length,max_segment_length,mean_segment_length,gaussian_nll,n_params,bic_score,change_dates
dlog_SOLVPN__dlog_COPPER,normal,40,20.0,3,4,55,410,151.5,460.0313520179528,20,1048.200303757292,2025-01-06|2025-04-28|2025-08-05
dlog_SOLVPN__dlog_GOLD,normal,40,20.0,1,2,151,455,303.0,559.2037431985491,10,1182.4762862577913,2025-03-31
dlog_SOLVPN__dlog_SILVER,normal,40,30.0,1,2,51,555,303.0,559.2190466526207,10,1182.5068931659346,2025-09-29
dlog_SOLVPN__dlog_DXY,normal,40,30.0,2,3,65,415,202.0,554.1835397878618,15,1204.4702793667634,2025-01-15|2025-05-14
dlog_SOLVPN__dlog_OIL,normal,40,30.0,0,1,606,606,606.0,605.9739410825642,5,1243.982282095475,
dlog_SOLVPN__dlog_GAS,normal,40,30.0,5,6,40,171,101.0,431.98170885394256,30,1056.1698172899646,2023-02-15|2023-10-31|2024-01-24|2024-11-04|2025-02-24
dlog_SOLVPN__d_UST10Y,normal,40,30.0,1,2,111,495,303.0,559.4104943889348,10,1182.8897886385628,2025-06-11
dlog_SOLVPN__d_VIX,normal,40,30.0,3,4,60,260,151.5,297.3136807627156,20,722.7649612468175,2023-03-23|2024-07-17|2025-04-28
dlog_SOLVPN__d_PJM_LMP,normal,40,20.0,8,9,40,106,67.33333333333333,391.40396668371176,45,1071.1175327405426,2023-02-15|2023-07-24|2024-01-24|2024-06-27|2024-09-10|2025-01-06|2025-03-20|2025-06-23
