pair,segment_id,start_idx,end_idx,start_date,end_date,length
dlog_SOLVPN__dlog_COPPER,0,0,409,2022-12-01,2025-01-02,410
dlog_SOLVPN__dlog_COPPER,1,410,469,2025-01-06,2025-04-24,60
dlog_SOLVPN__dlog_COPPER,2,470,524,2025-04-28,2025-08-04,55
dlog_SOLVPN__dlog_COPPER,3,525,605,2025-08-05,2026-01-06,81
dlog_SOLVPN__dlog_GOLD,0,0,454,2022-12-01,2025-03-27,455
dlog_SOLVPN__dlog_GOLD,1,455,605,2025-03-31,2026-01-06,151
dlog_SOLVPN__dlog_SILVER,0,0,554,2022-12-01,2025-09-25,555
dlog_SOLVPN__dlog_SILVER,1,555,605,2025-09-29,2026-01-06,51
dlog_SOLVPN__dlog_DXY,0,0,414,2022-12-01,2025-01-14,415
dlog_SOLVPN__dlog_DXY,1,415,479,2025-01-15,2025-05-13,65
dlog_SOLVPN__dlog_DXY,2,480,605,2025-05-14,2026-01-06,126
dlog_SOLVPN__dlog_OIL,0,0,605,2022-12-01,2026-01-06,606
dlog_SOLVPN__dlog_GAS,0,0,39,2022-12-01,2023-02-14,40
dlog_SOLVPN__dlog_GAS,1,40,179,2023-02-15,2023-10-30,140
dlog_SOLVPN__dlog_GAS,2,180,224,2023-10-31,2024-01-23,45
dlog_SOLVPN__dlog_GAS,3,225,379,2024-01-24,2024-10-31,155
dlog_SOLVPN__dlog_GAS,4,380,434,2024-11-04,2025-02-20,55
dlog_SOLVPN__dlog_GAS,5,435,605,2025-02-24,2026-01-06,171
dlog_SOLVPN__d_UST10Y,0,0,494,2022-12-01,2025-06-10,495
dlog_SOLVPN__d_UST10Y,1,495,605,2025-06-11,2026-01-06,111
dlog_SOLVPN__d_VIX,0,0,59,2022-12-01,2023-03-22,60
dlog_SOLVPN__d_VIX,1,60,319,2023-03-23,2024-07-16,260
dlog_SOLVPN__d_VIX,2,320,469,2024-07-17,2025-04-24,150
dlog_SOLVPN__d_VIX,3,470,605,2025-04-28,2026-01-06,136
dlog_SOLVPN__d_PJM_LMP,0,0,39,2022-12-01,2023-02-14,40
dlog_SOLVPN__d_PJM_LMP,1,40,124,2023-02-15,2023-07-20,85
dlog_SOLVPN__d_PJM_LMP,2,125,224,2023-07-24,2024-01-23,100
dlog_SOLVPN__d_PJM_LMP,3,225,309,2024-01-24,2024-06-26,85
dlog_SOLVPN__d_PJM_LMP,4,310,349,2024-06-27,2024-09-09,40
dlog_SOLVPN__d_PJM_LMP,5,350,409,2024-09-10,2025-01-02,60
dlog_SOLVPN__d_PJM_LMP,6,410,449,2025-01-06,2025-03-19,40
dlog_SOLVPN__d_PJM_LMP,7,450,499,2025-03-20,2025-06-18,50
dlog_SOLVPN__d_PJM_LMP,8,500,605,2025-06-23,2026-01-06,106
