pair,segment_id,feature,mean,std,var,min,max
dlog_SOLVPN__dlog_COPPER,0,dlog_SOLVPN,-0.05165352163078717,0.9590344874599821,0.9197471481376305,-2.363074524774126,2.2215676850920008
dlog_SOLVPN__dlog_COPPER,0,dlog_COPPER,-0.03750352032903574,0.7634821892440457,0.5829050532928808,-2.262809224335162,1.5638946737964723
dlog_SOLVPN__dlog_COPPER,1,dlog_SOLVPN,0.0393690067193205,1.0058748607661252,1.0117842355212716,-2.564672303032568,3.5708053650430864
dlog_SOLVPN__dlog_COPPER,1,dlog_COPPER,-0.01773020916690395,0.5585298013274816,0.31195553897091616,-1.454190456792592,1.7243291920965795
dlog_SOLVPN__dlog_COPPER,2,dlog_SOLVPN,-0.051135220879218915,1.0847514829072689,1.1766857796695187,-3.958027690938735,3.7258816098376526
dlog_SOLVPN__dlog_COPPER,2,dlog_COPPER,0.03587118345240954,0.8529459602832135,0.7275168111634531,-2.8626506116491424,2.7522767429191584
dlog_SOLVPN__dlog_COPPER,3,dlog_SOLVPN,0.09404776444762641,0.8826394762370646,0.7790524450120399,-3.1352535065166154,2.2696629220338123
dlog_SOLVPN__dlog_COPPER,3,dlog_COPPER,-0.0018654201082587353,1.5695516913908572,2.4634925119479005,-13.665032067947724,6.720731681997905
dlog_SOLVPN__dlog_GOLD,0,dlog_SOLVPN,-0.0699515700475215,1.024178748215043,1.0489421082953327,-2.363074524774126,2.2215676850920008
dlog_SOLVPN__dlog_GOLD,0,dlog_GOLD,0.024370663748304815,1.04005312796741,1.0817105089947934,-2.4525833491024867,3.651618475802812
dlog_SOLVPN__dlog_GOLD,1,dlog_SOLVPN,-0.07133432353882449,0.8775121439055061,0.7700275627016377,-2.5096929483814314,2.1856575216242784
dlog_SOLVPN__dlog_GOLD,1,dlog_GOLD,-0.22499592164112214,0.6269424053054228,0.39305677957014906,-1.586991165353414,1.3677826220570457
dlog_SOLVPN__dlog_GOLD,2,dlog_SOLVPN,0.0017429223143428081,1.0339521956751376,1.069057142941438,-3.958027690938735,3.5708053650430864
dlog_SOLVPN__dlog_GOLD,2,dlog_GOLD,0.028202747435198038,0.8430597806005683,0.7107497936662783,-2.478092497875183,2.836687203801196
dlog_SOLVPN__dlog_GOLD,3,dlog_SOLVPN,0.07624217281623662,0.9798608820880528,0.9601273482463769,-3.1352535065166154,3.7258816098376526
dlog_SOLVPN__dlog_GOLD,3,dlog_GOLD,0.05970439670104658,1.3445073246688046,1.8076999460880665,-5.241509488250494,2.862334657837485
dlog_SOLVPN__dlog_SILVER,0,dlog_SOLVPN,-0.01794129893100571,0.9823832778822255,0.9650769046626257,-2.564672303032568,3.5708053650430864
dlog_SOLVPN__dlog_SILVER,0,dlog_SILVER,-0.04422158315247909,0.8536956307155414,0.7287962299028061,-2.840830958656168,3.806352661700506
dlog_SOLVPN__dlog_SILVER,1,dlog_SOLVPN,0.015929190639678008,1.0151191836572988,1.0304669570290608,-3.958027690938735,3.7258816098376526
dlog_SOLVPN__dlog_SILVER,1,dlog_SILVER,0.03926215326621976,1.1124345566176106,1.2375106427570197,-4.6356685837538745,4.595795753081378
dlog_SOLVPN__dlog_DXY,0,dlog_SOLVPN,-0.030706131601821864,0.9927259790775056,0.9855048695353921,-2.564672303032568,3.5708053650430864
dlog_SOLVPN__dlog_DXY,0,dlog_DXY,-0.004316124866814726,1.0328674708689245,1.0668152123791688,-3.4317754736281367,2.7610092815854435
dlog_SOLVPN__dlog_DXY,1,dlog_SOLVPN,0.014404043419377606,0.884685613619179,0.7826686349447433,-3.436885870574989,2.6281361752393018
dlog_SOLVPN__dlog_DXY,1,dlog_DXY,0.039396362823898155,0.7224406871040022,0.5219205463833029,-1.4583118772726622,2.430756181176525
dlog_SOLVPN__dlog_DXY,2,dlog_SOLVPN,0.018695358983161138,1.0821565400651092,1.1710627772056885,-3.958027690938735,3.7258816098376526
dlog_SOLVPN__dlog_DXY,2,dlog_DXY,-0.02465678327246911,1.133012945390684,1.2837183344228733,-4.467273478636948,3.639824324494024
dlog_SOLVPN__dlog_OIL,0,dlog_SOLVPN,-0.03485110990639948,1.0001238433748265,1.0002477020868346,-2.564672303032568,3.5708053650430864
dlog_SOLVPN__dlog_OIL,0,dlog_OIL,-0.07110582954397723,1.0865237474558396,1.1805338537854813,-2.795617319904494,3.0573758233189645
dlog_SOLVPN__dlog_OIL,1,dlog_SOLVPN,0.030620257613907843,0.8747144306662813,0.7651253352158367,-2.0551339797500883,2.6281361752393018
dlog_SOLVPN__dlog_OIL,1,dlog_OIL,0.11723117727445523,0.7906435792443804,0.6251172694003648,-1.9785395753853616,1.746643713904949
dlog_SOLVPN__dlog_OIL,2,dlog_SOLVPN,-0.0642789610188567,1.1774300388613055,1.3863414964129352,-3.958027690938735,3.7258816098376526
dlog_SOLVPN__dlog_OIL,2,dlog_OIL,-0.0038129491144156765,1.0632394784878234,1.1304781886150588,-3.309322769218573,2.509290674346033
dlog_SOLVPN__dlog_OIL,3,dlog_SOLVPN,0.09404776444762641,0.8826394762370646,0.7790524450120399,-3.1352535065166154,2.2696629220338123
dlog_SOLVPN__dlog_OIL,3,dlog_OIL,0.007807583861551322,0.9485324810702054,0.8997138676451994,-4.330584151260235,2.613623391050804
dlog_SOLVPN__dlog_GAS,0,dlog_SOLVPN,-0.02958187891287673,0.9851598805415106,0.9705399902285634,-2.564672303032568,3.5708053650430864
dlog_SOLVPN__dlog_GAS,0,dlog_GAS,-0.01832583454206361,0.722309416851799,0.5217308936727858,-3.862531374875236,3.004737228492368
dlog_SOLVPN__dlog_GAS,1,dlog_SOLVPN,0.042534079153260934,0.9849862555305123,0.9701979235840197,-3.958027690938735,2.6281361752393018
dlog_SOLVPN__dlog_GAS,1,dlog_GAS,0.0018347644977798306,1.409442799524976,1.9865290051328022,-14.112426933555742,4.618828463277652
dlog_SOLVPN__dlog_GAS,2,dlog_SOLVPN,-0.015419962907124026,1.0352458333099452,1.071733935385603,-3.1352535065166154,3.7258816098376526
dlog_SOLVPN__dlog_GAS,2,dlog_GAS,0.021270229428253337,0.6116007913255502,0.3740555279500392,-3.536719914557065,2.724084088996264
dlog_SOLVPN__d_UST10Y,0,dlog_SOLVPN,-0.03062789007189861,0.9772246723542303,0.9549680602578328,-2.363074524774126,2.2215676850920008
dlog_SOLVPN__d_UST10Y,0,d_UST10Y,-0.015777494139730227,1.2280052452794488,1.507996882433839,-3.652287617781666,2.7218200146693734
dlog_SOLVPN__d_UST10Y,1,dlog_SOLVPN,0.023208916352438127,0.9391998145246405,0.8820962916031192,-2.564672303032568,3.5708053650430864
dlog_SOLVPN__d_UST10Y,1,d_UST10Y,0.026553118086034114,1.0811355252022636,1.1688540238543743,-3.1456277803304347,2.99966573198134
dlog_SOLVPN__d_UST10Y,2,dlog_SOLVPN,-0.07007938568475135,1.1330761719223366,1.2838616113781762,-3.958027690938735,3.7258816098376526
dlog_SOLVPN__d_UST10Y,2,d_UST10Y,0.04132698216342488,0.938363578454895,0.880526205370676,-2.2630590312218253,3.293855315017531
dlog_SOLVPN__d_UST10Y,3,dlog_SOLVPN,0.08757572046383634,0.9144784202777999,0.8362707811537805,-3.1352535065166154,2.2696629220338123
dlog_SOLVPN__d_UST10Y,3,d_UST10Y,-0.08459732543309349,0.6075563572972683,0.369124727292326,-1.6583359994251896,1.2508720994883598
dlog_SOLVPN__d_VIX,0,dlog_SOLVPN,-0.0697676395190949,0.9968434071797772,0.9936967784377869,-2.564672303032568,2.855247295489268
dlog_SOLVPN__d_VIX,0,d_VIX,-0.011476267775283818,0.6273514888004127,0.39356989050009433,-1.8414366311734465,2.003799306980869
dlog_SOLVPN__d_VIX,1,dlog_SOLVPN,0.10276629461401741,0.8822345599737437,0.7783378188120651,-2.0551339797500883,3.5708053650430864
dlog_SOLVPN__d_VIX,1,d_VIX,-0.004975076349670376,0.3557355226840271,0.12654776209927796,-1.043477895135407,1.1480174741284812
dlog_SOLVPN__d_VIX,2,dlog_SOLVPN,-0.09171288284491312,1.1728840169016015,1.375656917103236,-3.958027690938735,3.7258816098376526
dlog_SOLVPN__d_VIX,2,d_VIX,0.038546441185930855,1.7454621533898973,3.046638128916497,-10.838710495486398,8.757537014897018
dlog_SOLVPN__d_VIX,3,dlog_SOLVPN,0.09404776444762641,0.8826394762370646,0.7790524450120399,-3.1352535065166154,2.2696629220338123
dlog_SOLVPN__d_VIX,3,d_VIX,-0.021964862737181005,0.6575003248732707,0.43230667720845645,-2.049599779705106,2.68032953970877
dlog_SOLVPN__d_PJM_LMP,0,dlog_SOLVPN,-0.03246106995135593,0.9630946784365662,0.9275513596328329,-2.363074524774126,2.2215676850920008
dlog_SOLVPN__d_PJM_LMP,0,d_PJM_LMP,-0.09889009101219108,1.018018791672265,1.0363622601978584,-8.050004727971467,4.434524714590778
dlog_SOLVPN__d_PJM_LMP,1,dlog_SOLVPN,0.010906820577735957,0.9938541180376488,0.9877460079403928,-2.564672303032568,3.5708053650430864
dlog_SOLVPN__d_PJM_LMP,1,d_PJM_LMP,-0.027512434467550688,0.6240431139741841,0.38942980809859656,-5.2114851385878085,1.131473020392736
dlog_SOLVPN__d_PJM_LMP,2,dlog_SOLVPN,-0.04944005963822668,0.9031580164051803,0.8156944025969399,-3.436885870574989,2.059544770928593
dlog_SOLVPN__d_PJM_LMP,2,d_PJM_LMP,0.08974029146168064,0.7923886992480899,0.6278798506960799,-3.290075070020224,4.088127389544744
dlog_SOLVPN__d_PJM_LMP,3,dlog_SOLVPN,0.045313378303753225,1.0843084119363289,1.1757247321958832,-3.958027690938735,3.7258816098376526
dlog_SOLVPN__d_PJM_LMP,3,d_PJM_LMP,0.03162390007163805,1.3102277189467,1.7166966754962725,-6.903865845578483,4.013893412105427
