Date,SOLVPN,COPPER,GOLD,SILVER,DXY,UST10Y,VIX
2020-10-12,1000.0,3.064,1924.3,25.271,93.104,0.764,25.07
2020-10-13,995.11,3.0445,1890.2,24.129,93.536,0.729,26.07
2020-10-14,981.9,3.0505,1903.1,24.395,93.366,0.727,26.4
2020-10-15,981.37,3.0855,1904.9,24.224,93.864,0.739,26.97
2020-10-19,981.23,3.086,1907.7,24.698,93.429,0.772,29.18
2020-10-20,982.46,3.148,1911.6,24.98,93.051,0.786,29.35
2020-10-21,982.0,3.1985,1925.7,25.241,92.599,0.821,28.65
2020-10-22,967.55,3.1535,1901.6,24.709,92.964,0.861,28.11
2020-10-26,965.58,3.0895,1903.1,24.42,93.044,0.803,32.46
2020-10-27,959.25,3.0935,1909.2,24.57,92.927,0.771,33.35
2020-10-28,937.41,3.064,1876.5,23.359,93.409,0.774,40.28
2020-10-29,936.67,3.06,1868.0,23.408,93.977,0.831,37.59
2020-11-02,931.45,3.081,1892.5,24.073,94.145,0.852,37.13
2020-11-03,944.82,3.0935,1910.4,24.374,93.56,0.896,35.55
2020-11-04,968.24,3.1095,1896.2,23.933,93.411,0.771,29.57
2020-11-05,983.68,3.1135,1946.8,25.232,92.516,0.766,27.58
2020-11-09,963.54,3.1595,1854.4,23.736,92.715,0.924,25.75
2020-11-10,938.95,3.1595,1876.4,24.502,92.736,0.96,24.8
2020-11-11,965.62,3.1375,1861.6,24.306,93.024,0.977,23.45
2020-11-12,968.11,3.148,1873.3,24.35,92.956,0.883,25.35
2020-11-16,972.27,3.225,1887.8,24.837,92.63,0.911,22.45
2020-11-17,967.79,3.203,1885.1,24.686,92.398,0.862,22.71
2020-11-18,966.47,3.2035,1873.9,24.48,92.311,0.87,23.84
2020-11-19,967.46,3.2085,1861.5,24.085,92.284,0.842,23.11
2020-11-23,955.72,3.265,1837.8,23.675,92.494,0.859,22.66
2020-11-24,946.9,3.3075,1804.6,23.33,92.22,0.885,21.64
2020-11-25,953.69,3.318,1805.5,23.387,91.966,0.882,21.25
2020-11-30,957.7,3.4335,1778.0,22.583,91.858,0.842,20.57
2020-12-01,971.36,3.48,1816.6,24.08,91.297,0.929,20.77
2020-12-02,958.51,3.4845,1827.6,24.066,91.115,0.938,21.17
2020-12-03,960.93,3.4865,1838.4,24.12,90.718,0.911,21.28
2020-12-07,968.28,3.514,1863.3,24.776,90.789,0.928,21.3
2020-12-08,965.93,3.4965,1872.3,24.711,90.968,0.921,20.68
2020-12-09,947.25,3.5105,1836.1,23.963,91.083,0.938,22.27
2020-12-10,949.15,3.5725,1835.2,24.073,90.82,0.906,22.52
2020-12-14,948.09,3.524,1829.8,24.022,90.731,0.898,24.72
2020-12-15,950.46,3.542,1853.2,24.614,90.409,0.911,22.89
2020-12-16,952.73,3.5575,1857.0,25.018,90.359,0.92,22.5
2020-12-17,974.39,3.6,1887.9,26.15,89.741,0.935,21.93
2020-12-21,965.8,3.5755,1880.3,26.34,89.949,0.938,25.16
2020-12-22,972.18,3.519,1867.7,25.5,90.546,0.921,24.23
2020-12-23,967.5,3.555,1875.6,25.885,90.34,0.945,23.31
2020-12-28,976.72,3.57,1877.9,26.51,90.275,0.923,21.7
2020-12-29,975.18,3.5535,1880.5,26.183,89.918,0.94,23.08
2020-12-30,981.41,3.549,1893.4,26.573,89.649,0.926,22.77
2021-01-04,974.28,3.5545,1946.6,27.364,89.845,0.918,26.97
2021-01-05,979.82,3.6395,1954.4,27.64,89.409,0.955,25.34
2021-01-06,960.89,3.6505,1908.6,27.042,89.502,1.039,25.07
2021-01-07,972.68,3.696,1913.6,27.261,89.791,1.081,22.37
2021-01-11,973.58,3.5645,1850.8,25.284,90.442,1.144,24.08
2021-01-12,972.08,3.6055,1844.2,25.435,90.064,1.129,23.33
2021-01-13,979.67,3.617,1854.9,25.572,90.334,1.092,22.21
2021-01-14,984.72,3.6645,1851.4,25.802,90.215,1.129,23.25
2021-01-19,1010.81,3.6335,1840.2,25.32,90.476,1.092,23.24
2021-01-20,1019.92,3.6415,1866.5,25.766,90.469,1.077,21.58
2021-01-21,1022.39,3.6475,1865.9,25.854,90.127,1.109,21.32
2021-01-25,1030.65,3.6295,1855.2,25.484,90.373,1.033,23.19
2021-01-26,1034.85,3.6195,1850.9,25.538,90.148,1.033,23.02
2021-01-27,1016.7,3.5575,1844.9,25.389,90.64,1.013,37.21
2021-01-28,1013.15,3.58,1839.4,25.945,90.427,1.052,30.21
2021-02-01,1045.36,3.5455,1862.2,29.441,90.975,1.079,30.24
2021-02-02,1053.54,3.5245,1832.4,26.426,91.189,1.095,25.56
2021-02-03,1042.7,3.5655,1833.8,26.914,91.148,1.139,22.91
2021-02-04,1035.7,3.555,1790.3,26.261,91.52,1.136,21.77
2021-02-08,1043.92,3.6665,1833.0,27.589,90.919,1.176,21.24
2021-02-09,1047.04,3.719,1836.2,27.427,90.429,1.16,21.63
2021-02-10,1048.12,3.773,1841.6,27.108,90.363,1.124,21.99
2021-02-11,1037.86,3.7735,1825.6,27.072,90.413,1.165,21.25
2021-02-16,1023.53,3.8345,1797.9,27.341,90.503,1.311,21.46
2021-02-17,1026.49,3.8235,1771.8,27.335,90.949,1.282,21.5
2021-02-18,1027.74,3.905,1774.0,27.098,90.6,1.297,22.49
2021-02-22,1013.07,4.1465,1807.2,28.111,89.999,1.369,23.45
2021-02-23,1003.79,4.185,1804.8,27.717,90.167,1.343,23.11
2021-02-24,999.87,4.3015,1796.6,27.894,90.17,1.372,21.34
2021-02-25,992.42,4.2635,1775.4,27.685,90.135,1.53,28.89
2021-03-01,984.76,4.113,1723.0,26.678,91.036,1.426,23.35
2021-03-02,965.54,4.222,1733.6,26.879,90.79,1.398,24.1
2021-03-03,937.13,4.142,1715.8,26.387,90.942,1.484,26.67
2021-03-04,922.57,3.9785,1700.7,25.461,91.644,1.557,28.57
2021-03-08,917.36,4.093,1678.0,25.269,92.334,1.603,25.47
2021-03-09,941.47,4.0085,1716.9,26.183,91.964,1.528,24.03
2021-03-10,943.12,4.0325,1721.8,26.13,91.828,1.521,22.56
2021-03-11,965.74,4.139,1722.6,26.193,91.418,1.535,21.91
2021-03-15,981.89,4.1405,1729.2,26.288,91.852,1.607,20.03
2021-03-16,990.4,4.0715,1730.9,26.003,91.88,1.621,19.79
2021-03-17,986.55,4.119,1727.1,26.058,91.435,1.646,19.23
2021-03-18,975.97,4.108,1732.5,26.351,91.87,1.706,21.58
2021-03-22,989.1,4.1395,1738.1,25.769,91.741,1.695,18.88
2021-03-23,992.69,4.0795,1725.1,25.227,92.347,1.622,20.3
2021-03-24,974.59,4.064,1733.2,25.231,92.53,1.614,21.2
2021-03-25,975.06,3.978,1725.1,25.047,92.826,1.633,19.81
2021-03-29,1005.53,4.0345,1712.2,24.771,92.956,1.717,20.74
2021-03-30,995.39,3.982,1685.1,24.157,93.321,1.71,19.61
2021-03-31,1001.04,4.0,1714.4,24.552,93.236,1.744,19.4
2021-04-05,1029.57,4.1395,1727.7,24.801,92.595,1.707,17.91
2021-04-06,1028.86,4.118,1742.0,25.247,92.348,1.658,18.12
2021-04-07,1021.8,4.0575,1740.5,25.267,92.472,1.679,17.16
2021-04-08,1019.61,4.099,1757.1,25.604,92.069,1.626,16.95
2021-04-12,1024.3,4.0225,1731.6,24.882,92.144,1.669,16.91
2021-04-13,1032.34,4.0365,1746.5,25.442,91.844,1.62,16.65
2021-04-14,1023.59,4.1315,1735.3,25.539,91.674,1.634,16.99
2021-04-15,1044.36,4.223,1765.8,25.979,91.618,1.574,16.57
2021-04-19,1047.46,4.243,1769.7,25.852,91.05,1.61,17.29
2021-04-20,1056.45,4.219,1777.6,25.854,91.227,1.566,18.68
2021-04-21,1058.11,4.2845,1792.7,26.586,91.129,1.559,17.5
2021-04-22,1050.93,4.278,1781.5,26.2,91.321,1.542,18.71
2021-04-26,1064.64,4.443,1779.4,26.228,90.78,1.568,17.64
2021-04-27,1062.56,4.487,1778.2,26.43,90.892,1.625,17.56
2021-04-28,1057.06,4.498,1773.5,26.102,90.593,1.611,17.28
2021-04-29,1055.01,4.4865,1768.3,26.085,90.593,1.641,17.61
2021-05-03,1048.23,4.5285,1791.8,26.96,90.927,1.599,18.31
2021-05-04,1036.04,4.5215,1776.0,26.558,91.275,1.591,19.48
2021-05-05,1028.09,4.524,1784.3,26.522,91.293,1.571,19.15
2021-05-06,1020.78,4.6025,1815.7,27.477,90.936,1.57,18.39
2021-05-10,1028.14,4.716,1837.6,27.492,90.185,1.604,19.66
2021-05-11,1020.53,4.762,1836.1,27.667,90.124,1.622,21.84
2021-05-12,1002.16,4.736,1822.8,27.244,90.686,1.693,27.59
2021-05-13,1004.58,4.6905,1824.0,27.059,90.735,1.659,23.13
2021-05-17,1018.56,4.7115,1867.6,28.274,90.142,1.652,19.72
2021-05-18,1026.83,4.7255,1868.0,28.333,89.734,1.64,21.34
2021-05-19,1025.33,4.5765,1881.5,28.025,90.191,1.676,22.18
2021-05-20,1034.41,4.568,1881.9,28.067,89.795,1.628,20.67
2021-05-24,1038.81,4.5255,1884.5,27.905,89.838,1.603,18.4
2021-05-25,1045.05,4.5065,1898.0,28.056,89.628,1.56,18.84
2021-05-26,1049.14,4.5295,1901.2,27.877,90.03,1.581,17.36
2021-05-27,1047.99,4.666,1896.9,27.955,89.959,1.606,16.74
2021-06-01,1061.66,4.6565,1903.7,28.119,89.819,1.606,17.9
2021-06-02,1077.21,4.595,1908.7,28.22,89.901,1.589,17.48
2021-06-03,1079.79,4.4665,1872.1,27.492,90.501,1.625,18.04
2021-06-07,1106.71,4.5295,1897.6,28.033,89.946,1.569,16.42
2021-06-08,1111.93,4.559,1893.1,27.747,90.076,1.538,17.07
2021-06-09,1112.96,4.5345,1894.2,28.017,90.121,1.492,17.89
2021-06-10,1126.28,4.489,1895.2,28.047,90.078,1.437,16.1
2021-06-14,1126.4,4.531,1864.6,28.054,90.475,1.497,16.39
2021-06-15,1117.61,4.3375,1855.2,27.71,90.502,1.489,17.02
2021-06-16,1106.08,4.3885,1860.2,27.828,91.208,1.581,18.15
2021-06-17,1109.64,4.1825,1774.5,25.873,91.873,1.511,17.75
2021-06-21,1105.9,4.1845,1782.3,26.043,91.881,1.497,17.89
2021-06-22,1104.32,4.2245,1776.5,25.876,91.751,1.467,16.66
2021-06-23,1098.71,4.3265,1782.5,26.132,91.785,1.485,16.32
2021-06-24,1094.17,4.307,1775.8,26.069,91.795,1.499,15.97
2021-06-28,1112.48,4.28,1779.8,26.239,91.876,1.482,15.76
2021-06-29,1113.23,4.2645,1763.6,25.901,92.041,1.475,16.02
2021-06-30,1108.8,4.289,1771.6,26.194,92.431,1.468,15.83
2021-07-01,1101.91,4.236,1776.8,26.1,92.594,1.459,15.48
2021-07-06,1121.51,4.251,1794.2,26.174,92.543,1.352,16.44
2021-07-07,1122.03,4.3225,1802.1,26.129,92.645,1.323,16.2
2021-07-08,1117.6,4.2645,1800.2,25.987,92.406,1.294,19.0
2021-07-12,1130.67,4.316,1805.9,26.239,92.256,1.368,16.17
2021-07-13,1124.62,4.307,1809.9,26.14,92.759,1.418,17.12
2021-07-14,1128.17,4.2675,1825.0,26.271,92.405,1.349,16.33
2021-07-15,1124.81,4.323,1829.0,26.394,92.631,1.301,17.01
2021-07-19,1117.6,4.2015,1809.2,25.144,92.9,1.199,22.5
2021-07-20,1123.13,4.263,1811.4,24.995,92.979,1.222,19.73
2021-07-21,1116.71,4.272,1803.4,25.255,92.759,1.292,17.91
2021-07-22,1108.97,4.3375,1805.4,25.381,92.83,1.277,17.69
2021-07-26,1109.82,4.585,1799.2,25.318,92.651,1.295,17.58
2021-07-27,1110.07,4.5445,1799.8,24.649,92.436,1.239,19.36
2021-07-28,1113.07,4.482,1799.7,24.877,92.317,1.238,18.31
2021-07-29,1101.98,4.5075,1832.3,25.799,91.871,1.266,17.7
2021-08-02,1121.12,4.418,1818.7,25.59,92.065,1.179,19.46
2021-08-03,1124.84,4.3755,1810.7,25.595,92.088,1.174,18.04
2021-08-04,1133.2,4.3215,1811.2,25.474,92.274,1.18,17.97
2021-08-05,1130.12,4.334,1805.7,25.303,92.252,1.225,17.28
2021-08-09,1132.02,4.282,1723.8,23.279,92.938,1.325,16.72
2021-08-10,1116.81,4.346,1729.0,23.402,93.055,1.354,16.79
2021-08-11,1120.81,4.36,1750.8,23.496,92.918,1.335,16.06
2021-08-12,1125.02,4.35,1749.3,23.122,93.038,1.361,15.59
2021-08-16,1128.13,4.32,1787.2,23.799,92.619,1.268,16.12
2021-08-17,1125.53,4.2015,1785.5,23.666,93.145,1.267,17.91
2021-08-18,1115.34,4.117,1782.1,23.43,93.144,1.26,21.57
2021-08-19,1125.37,4.0405,1780.6,23.239,93.588,1.243,21.67
2021-08-23,1136.68,4.221,1803.6,23.666,92.971,1.253,17.15
2021-08-24,1130.38,4.26,1805.9,23.909,92.901,1.297,17.22
2021-08-25,1126.74,4.27,1788.2,23.795,92.832,1.349,16.79
2021-08-26,1128.26,4.252,1792.4,23.567,93.078,1.354,18.84
2021-08-30,1146.15,4.371,1809.8,23.992,92.652,1.28,16.19
2021-08-31,1154.46,4.37,1815.8,23.991,92.635,1.307,16.48
2021-09-01,1175.81,4.274,1813.8,24.201,92.449,1.299,16.11
2021-09-02,1182.85,4.2995,1809.4,23.9,92.228,1.285,16.41
2021-09-07,1184.28,4.2795,1796.3,24.357,92.514,1.377,18.14
2021-09-08,1182.56,4.2325,1791.2,24.036,92.65,1.336,17.96
2021-09-09,1160.61,4.284,1797.8,24.156,92.48,1.297,18.8
2021-09-13,1148.01,4.365,1792.3,23.775,92.652,1.326,19.37
2021-09-14,1147.71,4.319,1805.0,23.863,92.614,1.284,19.46
2021-09-15,1148.68,4.404,1792.6,23.779,92.534,1.304,18.18
2021-09-16,1150.55,4.28,1754.6,22.774,92.919,1.336,18.69
2021-09-20,1134.75,4.1135,1761.8,22.185,93.256,1.312,25.71
2021-09-21,1136.89,4.126,1776.1,22.593,93.2,1.328,24.36
2021-09-22,1151.08,4.252,1776.7,22.89,93.46,1.304,20.87
2021-09-23,1138.02,4.231,1747.7,22.663,93.03,1.435,18.63
2021-09-27,1099.91,4.291,1750.0,22.685,93.381,1.491,18.76
2021-09-28,1085.53,4.2485,1735.9,22.46,93.78,1.546,23.25
2021-09-29,1084.48,4.199,1722.2,21.485,94.353,1.524,22.56
2021-09-30,1076.41,4.089,1756.3,22.047,94.24,1.492,23.14
2021-10-04,1069.03,4.2385,1766.9,22.644,93.78,1.481,22.96
2021-10-05,1059.43,4.1925,1760.2,22.608,93.967,1.528,21.3
2021-10-06,1067.54,4.1475,1761.2,22.532,94.272,1.528,21.0
2021-10-07,1073.4,4.2435,1758.6,22.658,94.221,1.576,19.54
2021-10-11,1052.12,4.3665,1755.1,22.665,94.326,1.628,20.0
2021-10-12,1055.41,4.3255,1758.7,22.514,94.519,1.572,19.85
2021-10-13,1060.38,4.516,1794.1,23.17,94.08,1.542,18.64
2021-10-14,1075.35,4.6315,1797.3,23.477,93.961,1.516,16.86
2021-10-18,1073.91,4.7255,1765.1,23.264,93.945,1.591,16.31
2021-10-19,1090.39,4.703,1769.9,23.883,93.728,1.641,15.7
2021-10-20,1107.39,4.7345,1784.4,24.445,93.535,1.66,15.49
2021-10-21,1120.22,4.5585,1781.3,24.17,93.758,1.696,15.01
2021-10-25,1127.18,4.528,1806.2,24.592,93.809,1.633,15.24
2021-10-26,1131.14,4.486,1792.5,24.088,93.941,1.61,15.98
2021-10-27,1123.0,4.3895,1797.8,24.191,93.798,1.55,16.98
2021-10-28,1135.73,4.4275,1802.6,24.139,93.326,1.578,16.53
2021-11-01,1134.17,4.379,1795.8,24.091,93.879,1.561,16.41
2021-11-02,1136.59,4.3515,1789.4,23.524,94.079,1.547,16.03
2021-11-03,1139.94,4.309,1763.9,23.251,93.853,1.603,15.1
2021-11-04,1133.56,4.309,1793.5,23.93,94.341,1.53,15.44
2021-11-08,1134.8,4.3945,1828.0,24.561,94.042,1.493,17.22
2021-11-09,1141.07,4.3725,1830.8,24.337,93.956,1.439,17.78
2021-11-10,1126.12,4.323,1848.3,24.791,94.838,1.57,18.73
2021-11-11,1129.65,4.398,1863.9,25.32,95.175,1.578,17.66
2021-11-15,1148.44,4.4005,1866.6,25.124,95.405,1.618,16.49
2021-11-16,1152.41,4.3545,1854.1,24.963,95.911,1.64,16.37
2021-11-17,1155.15,4.268,1870.2,25.185,95.829,1.585,17.11
2021-11-18,1154.38,4.305,1861.4,24.919,95.542,1.587,17.59
2021-11-22,1147.06,4.3975,1806.3,24.318,96.544,1.632,19.17
2021-11-23,1148.46,4.4235,1783.8,23.452,96.494,1.676,19.38
2021-11-24,1161.07,4.4645,1784.3,23.514,96.872,1.643,18.58
2021-11-29,1165.33,4.3415,1783.8,22.836,96.338,1.502,22.96
2021-11-30,1151.31,4.2805,1775.1,22.799,96.007,1.456,27.19
2021-12-01,1136.25,4.247,1783.0,22.324,96.024,1.404,31.12
2021-12-02,1145.03,4.2995,1761.6,22.304,96.158,1.444,27.95
2021-12-06,1133.3,4.3375,1778.5,22.252,96.33,1.433,27.18
2021-12-07,1158.57,4.339,1783.6,22.512,96.37,1.482,21.89
2021-12-08,1160.58,4.3925,1784.5,22.422,95.881,1.528,19.9
2021-12-09,1147.48,4.332,1775.7,22.001,96.252,1.497,21.58
2021-12-13,1156.55,4.2815,1787.3,22.315,96.345,1.414,20.31
2021-12-14,1145.98,4.255,1771.3,21.909,96.538,1.441,21.89
2021-12-15,1158.21,4.1805,1763.6,21.53,96.482,1.458,19.29
2021-12-16,1161.59,4.3025,1797.4,22.471,96.015,1.424,20.57
2021-12-20,1156.86,4.29,1793.8,22.281,96.545,1.428,22.87
2021-12-21,1164.13,4.3425,1788.0,22.513,96.489,1.467,21.01
2021-12-22,1171.0,4.389,1801.5,22.804,96.059,1.453,18.63
2021-12-27,1189.78,4.4695,1808.0,22.981,96.086,1.477,17.68
2021-12-28,1192.95,4.4295,1810.1,23.113,96.203,1.484,17.54
2021-12-29,1192.72,4.41,1804.8,22.85,95.926,1.556,16.95
2021-12-30,1199.18,4.3925,1814.1,23.06,95.964,1.507,17.33
2022-01-03,1192.6,4.4215,1800.1,22.81,96.211,1.637,16.6
2022-01-04,1168.42,4.475,1814.6,23.056,96.274,1.649,16.91
2022-01-05,1123.73,4.4135,1825.1,23.17,96.182,1.7,19.73
2022-01-06,1120.47,4.3545,1789.2,22.19,96.326,1.728,19.61
2022-01-10,1112.46,4.352,1798.8,22.462,95.99,1.755,19.4
2022-01-11,1108.65,4.429,1818.5,22.812,95.625,1.746,18.41
2022-01-12,1111.92,4.5765,1827.3,23.207,94.901,1.752,17.62
2022-01-13,1097.49,4.546,1821.4,23.162,94.775,1.701,20.31
2022-01-18,1080.88,4.3825,1812.4,23.492,95.723,1.875,22.79
2022-01-19,1071.23,4.47,1843.2,24.231,95.5,1.854,23.85
2022-01-20,1064.38,4.5825,1842.6,24.716,95.725,1.811,25.59
2022-01-24,1056.58,4.4125,1841.7,23.8,95.901,1.776,29.9
2022-01-25,1043.2,4.45,1852.5,23.896,95.928,1.776,31.16
2022-01-26,1027.44,4.515,1829.7,23.807,96.4,1.873,31.96
2022-01-27,1001.44,4.4235,1793.1,22.676,97.242,1.803,30.49
2022-01-31,1057.69,4.3265,1796.0,22.419,96.537,1.784,24.83
2022-02-01,1057.87,4.4315,1800.8,22.618,96.375,1.795,21.96
2022-02-02,1059.53,4.4935,1809.5,22.73,95.935,1.771,22.09
2022-02-03,1042.96,4.472,1803.2,22.397,95.379,1.836,24.35
2022-02-07,1035.82,4.4675,1820.8,23.098,95.392,1.919,22.86
2022-02-08,1036.6,4.4645,1826.8,23.221,95.641,1.965,21.44
2022-02-09,1067.44,4.602,1835.6,23.362,95.494,1.945,19.96
2022-02-10,1043.7,4.658,1836.4,23.545,95.548,2.043,23.91
2022-02-14,1009.58,4.507,1868.3,23.877,96.356,1.986,28.33
2022-02-15,1025.93,4.5345,1855.1,23.369,95.993,2.043,25.7
2022-02-16,1022.03,4.5395,1870.5,23.633,95.697,2.04,24.29
2022-02-17,1014.21,4.5265,1901.0,23.903,95.803,1.968,28.11
2022-02-22,1002.83,4.5145,1906.4,24.331,96.011,1.944,28.81
2022-02-23,991.73,4.4855,1909.4,24.574,96.188,1.998,31.02
2022-02-24,1007.7,4.458,1925.4,24.697,97.118,1.97,30.32
2022-02-28,1021.83,4.4545,1900.7,24.366,96.694,1.822,30.15
2022-03-01,1023.98,4.5965,1943.8,25.541,97.406,1.716,33.32
2022-03-02,1036.35,4.6655,1922.3,25.19,97.414,1.878,30.74
2022-03-03,1039.21,4.7815,1935.9,25.212,97.791,1.84,30.48
2022-03-07,1011.52,4.731,1995.9,25.72,99.295,1.777,36.45
2022-03-08,999.33,4.71,2043.3,26.895,99.08,1.84,35.13
2022-03-09,1022.81,4.5725,1988.2,25.816,97.953,1.951,32.45
2022-03-10,1015.39,4.6525,2000.4,26.256,98.504,1.993,30.23
2022-03-14,977.03,4.523,1960.8,25.298,98.879,2.142,31.77
2022-03-15,985.99,4.513,1929.7,25.158,99.064,2.149,29.83
2022-03-16,1019.7,4.6005,1909.2,24.71,98.621,2.192,26.67
2022-03-17,1034.26,4.702,1943.2,25.616,97.975,2.167,25.67
2022-03-21,1042.07,4.7105,1929.5,25.313,98.499,2.297,23.53
2022-03-22,1045.35,4.7,1921.5,24.904,98.523,2.381,22.94
2022-03-23,1038.87,4.7765,1937.3,25.189,98.615,2.29,23.57
2022-03-24,1050.94,4.7425,1962.2,25.92,98.8,2.37,21.67
2022-03-28,1059.7,4.7255,1939.8,25.196,99.055,2.466,19.63
2022-03-29,1085.47,4.731,1912.2,24.736,98.441,2.398,18.9
2022-03-30,1083.65,4.7525,1936.1,25.146,97.875,2.358,19.33
2022-03-31,1067.84,4.752,1951.1,25.158,98.36,2.345,20.56
2022-04-04,1095.03,4.7825,1930.6,24.636,98.974,2.393,18.57
2022-04-05,1092.84,4.7965,1924.1,24.588,99.428,2.554,21.03
2022-04-06,1094.28,4.741,1919.7,24.509,99.615,2.598,22.1
2022-04-07,1082.9,4.704,1934.7,24.785,99.76,2.665,21.55
2022-04-11,1066.51,4.641,1945.1,25.022,99.924,2.774,24.37
2022-04-12,1059.19,4.7195,1973.2,25.769,100.292,2.727,24.26
2022-04-13,1069.17,4.7215,1981.9,26.06,99.913,2.703,21.82
2022-04-18,1051.5,4.812,1983.6,26.181,100.766,2.857,22.17
2022-04-19,1071.39,4.7295,1956.3,25.426,100.964,2.94,21.37
2022-04-20,1080.65,4.6645,1952.9,25.303,100.417,2.834,20.32
2022-04-21,1061.29,4.7135,1945.4,24.657,100.614,2.908,22.68
2022-04-25,1045.48,4.462,1893.3,23.698,101.769,2.818,27.02
2022-04-26,1025.55,4.4535,1901.5,23.572,102.318,2.728,33.52
2022-04-27,1017.89,4.467,1885.8,23.483,102.963,2.826,31.6
2022-04-28,1040.98,4.4335,1891.3,23.181,103.659,2.832,29.99
2022-05-02,1003.52,4.268,1863.6,22.584,103.766,2.977,32.34
2022-05-03,1018.64,4.283,1870.6,22.665,103.496,2.979,29.25
2022-05-04,1031.81,4.338,1868.8,22.402,102.594,2.946,25.42
2022-05-05,1008.21,4.2915,1875.7,22.443,103.802,3.035,31.2
2022-05-09,952.78,4.1935,1858.6,21.82,103.689,3.034,34.75
2022-05-10,938.86,4.1545,1841.0,21.424,103.943,2.989,32.99
2022-05-11,942.8,4.209,1853.7,21.575,103.874,2.925,32.56
2022-05-12,940.82,4.1005,1824.6,20.773,104.897,2.855,31.77
2022-05-16,962.4,4.1915,1814.0,21.551,104.2,2.886,27.47
2022-05-17,975.07,4.239,1818.9,21.75,103.407,2.995,26.1
2022-05-18,959.06,4.1785,1815.9,21.544,103.862,2.884,30.96
2022-05-19,967.06,4.283,1841.2,21.908,102.751,2.837,29.35
2022-05-23,994.61,4.3455,1847.8,21.723,102.097,2.861,28.48
2022-05-24,999.87,4.305,1865.4,22.063,101.87,2.754,29.45
2022-05-25,1006.72,4.2545,1846.3,21.87,102.077,2.751,28.37
2022-05-26,1005.58,4.259,1847.6,21.965,101.858,2.742,27.5
2022-05-31,1024.42,4.299,1845.2,21.737,101.766,2.849,26.19
2022-06-01,1015.39,4.3295,1845.8,21.962,102.529,2.911,25.69
2022-06-02,1028.72,4.555,1868.4,22.33,101.832,2.913,24.72
2022-06-06,1025.24,4.439,1840.8,22.147,102.447,3.04,25.07
2022-06-07,1029.81,4.4395,1849.2,22.233,102.325,2.979,24.02
2022-06-08,1024.43,4.4545,1853.6,22.148,102.546,3.027,23.96
2022-06-09,1005.62,4.386,1850.1,21.864,103.218,3.046,26.09
2022-06-13,940.97,4.2195,1829.2,21.305,104.947,3.362,34.02
2022-06-14,928.87,4.1665,1810.5,21.0,105.342,3.479,32.69
2022-06-15,945.88,4.1735,1816.3,21.463,104.935,3.292,29.62
2022-06-16,920.01,4.118,1846.6,21.928,103.417,3.195,32.95
2022-06-21,953.39,4.0445,1835.4,21.813,104.211,3.279,30.19
2022-06-22,966.02,3.947,1835.2,21.465,103.981,3.16,28.95
2022-06-23,985.43,3.7425,1826.3,21.056,104.192,3.089,29.05
2022-06-27,1001.48,3.764,1821.0,21.178,103.678,3.202,26.95
2022-06-28,981.41,3.7785,1817.5,20.839,104.261,3.177,28.36
2022-06-29,963.49,3.7805,1817.5,20.738,104.849,3.087,28.16
2022-06-30,970.08,3.71,1807.3,20.352,104.464,3.017,28.71
2022-07-05,974.42,3.415,1763.9,19.121,106.32,2.818,27.54
2022-07-06,973.7,3.408,1736.5,19.159,106.898,2.934,26.73
2022-07-07,980.37,3.572,1739.7,19.188,106.959,3.0,26.08
2022-07-11,965.67,3.4305,1731.7,19.132,107.829,2.993,26.17
2022-07-12,955.26,3.288,1724.8,18.958,107.912,2.971,27.29
2022-07-13,956.12,3.3225,1735.5,19.194,107.756,2.935,26.82
2022-07-14,950.39,3.2115,1705.8,18.225,108.407,2.958,26.4
2022-07-18,952.93,3.346,1710.2,18.84,107.231,2.989,25.3
2022-07-19,976.03,3.291,1710.7,18.713,106.55,3.028,24.5
2022-07-20,970.15,3.325,1700.2,18.668,106.953,3.03,23.88
2022-07-21,981.99,3.2985,1713.4,18.719,106.804,2.882,23.11
2022-07-25,980.76,3.3545,1719.1,18.328,106.355,2.807,23.36
2022-07-26,981.58,3.3845,1717.7,18.535,107.044,2.803,24.69
2022-07-27,989.17,3.43,1719.1,18.6,106.331,2.785,23.24
2022-07-28,1022.75,3.481,1754.4,19.918,106.236,2.671,22.33
2022-08-01,1013.04,3.547,1772.7,20.412,105.336,2.588,22.84
2022-08-02,1010.23,3.5225,1774.8,20.189,106.104,2.748,23.93
2022-08-03,1019.08,3.472,1760.9,19.947,106.377,2.706,21.95
2022-08-04,1024.77,3.488,1791.2,20.173,105.566,2.694,21.44
2022-08-08,1022.47,3.593,1789.6,20.664,106.323,2.75,21.29
2022-08-09,1015.78,3.5925,1796.8,20.531,106.252,2.779,21.77
2022-08-10,1027.52,3.6555,1798.5,20.79,105.08,2.785,19.74
2022-08-11,1022.2,3.7115,1792.1,20.394,104.994,2.889,20.2
2022-08-15,1046.96,3.6215,1783.3,20.317,106.433,2.793,19.95
2022-08-16,1041.68,3.6265,1774.9,20.128,106.388,2.808,19.69
2022-08-17,1032.07,3.587,1761.9,19.776,106.486,2.902,19.9
2022-08-18,1029.96,3.6335,1756.5,19.508,107.415,2.886,19.56
2022-08-22,994.94,3.653,1734.4,18.918,108.981,3.024,23.8
2022-08-23,984.3,3.696,1747.3,19.064,108.554,3.057,24.11
2022-08-24,987.48,3.648,1747.8,18.942,108.616,3.109,22.82
2022-08-25,1008.64,3.6985,1757.8,19.147,108.433,3.031,21.78
2022-08-29,968.03,3.6085,1736.7,18.602,108.79,3.114,26.21
2022-08-30,954.35,3.5495,1726.9,18.244,108.749,3.112,26.21
2022-08-31,956.86,3.519,1716.9,17.849,108.665,3.196,25.87
2022-09-01,949.32,3.4085,1699.6,17.632,109.678,3.259,25.56
2022-09-06,925.31,3.4645,1703.4,17.868,110.204,3.351,26.91
2022-09-07,937.3,3.434,1718.2,18.22,109.832,3.267,24.64
2022-09-08,941.6,3.5305,1710.6,18.402,109.713,3.323,23.61
2022-09-12,964.72,3.6155,1730.8,19.816,108.316,3.358,23.87
2022-09-13,928.68,3.566,1707.1,19.449,109.809,3.412,27.27
2022-09-14,920.92,3.5295,1698.2,19.525,109.631,3.404,26.16
2022-09-15,907.0,3.501,1666.8,19.227,109.711,3.449,26.27
2022-09-19,900.08,3.5255,1667.6,19.319,109.982,3.494,25.76
2022-09-20,883.84,3.516,1661.0,19.146,109.942,3.569,27.16
2022-09-21,874.6,3.4805,1665.8,19.447,110.346,3.534,27.99
2022-09-22,863.2,3.482,1671.4,19.587,111.105,3.71,27.35
2022-09-26,824.31,3.305,1623.6,18.453,114.02,3.928,32.26
2022-09-27,817.42,3.295,1626.5,18.302,114.047,3.949,32.6
2022-09-28,822.48,3.3725,1660.3,18.841,112.508,3.737,30.18
2022-09-29,799.38,3.418,1663.6,18.712,112.202,3.782,31.84
2022-10-03,815.11,3.41,1697.2,20.589,111.656,3.643,30.1
2022-10-04,834.92,3.49,1725.5,21.099,109.981,3.635,29.07
2022-10-05,823.09,3.5005,1715.6,20.544,111.011,3.755,28.55
2022-10-06,798.27,3.446,1715.5,20.66,112.183,3.828,30.52
2022-10-10,755.56,3.4305,1670.1,19.615,113.071,3.955,32.45
2022-10-11,749.76,3.462,1680.9,19.487,113.128,3.945,33.63
2022-10-12,738.74,3.425,1672.3,18.938,113.224,3.902,33.57
2022-10-13,750.32,3.4405,1671.8,18.918,112.253,3.95,31.94
2022-10-17,760.73,3.4155,1658.9,18.719,111.908,4.012,31.37
2022-10-18,770.98,3.362,1650.7,18.6,111.994,4.007,30.5
2022-10-19,756.19,3.318,1629.0,18.359,112.879,4.138,30.76
2022-10-20,752.24,3.4105,1631.8,18.689,112.818,4.233,29.98
2022-10-24,743.19,3.4305,1649.2,19.189,111.909,4.247,29.85
2022-10-25,768.95,3.397,1653.3,19.349,110.83,4.1,28.46
2022-10-26,771.51,3.545,1664.4,19.486,109.552,4.007,27.28
2022-10-27,769.65,3.5195,1660.3,19.494,110.453,3.927,27.39
2022-10-31,776.13,3.372,1640.7,19.184,111.42,4.05,25.88
2022-11-01,778.02,3.4685,1649.7,19.728,111.359,4.048,25.81
2022-11-02,773.05,3.4655,1650.0,19.654,111.226,4.096,25.86
2022-11-03,776.15,3.4275,1630.9,19.485,112.804,4.149,25.3
2022-11-07,792.99,3.607,1680.5,20.981,109.993,4.218,24.35
2022-11-08,791.71,3.684,1716.0,21.567,109.542,4.128,25.54
2022-11-09,784.29,3.7005,1713.7,21.381,110.46,4.099,26.09
2022-11-10,842.29,3.758,1753.7,21.772,108.092,3.811,23.53
2022-11-14,850.05,3.835,1776.9,22.178,106.531,3.863,23.73
2022-11-15,875.09,3.8215,1776.8,21.593,106.295,3.777,24.54
2022-11-16,859.52,3.7755,1775.8,21.604,106.152,3.69,24.11
2022-11-17,854.55,3.693,1763.0,21.054,106.592,3.769,23.93
2022-11-21,856.93,3.577,1739.6,20.952,107.732,3.84,22.36
2022-11-22,858.74,3.6175,1739.9,21.13,107.115,3.758,21.29
2022-11-23,867.19,3.621,1745.6,21.436,105.967,3.689,20.35
2022-11-28,853.79,3.616,1740.3,21.002,106.632,3.679,22.21
2022-11-29,861.82,3.6405,1756.3,21.392,106.768,3.75,21.89
2022-11-30,885.03,3.7395,1753.2,21.727,105.897,3.611,20.58
2022-12-01,885.75,3.819,1808.2,22.786,104.689,3.51,19.84
2022-12-05,873.91,3.795,1774.3,22.324,105.239,3.583,20.75
2022-12-06,863.17,3.818,1775.5,22.256,105.542,3.531,22.17
2022-12-07,856.42,3.861,1791.0,22.837,105.056,3.421,22.68
2022-12-08,863.62,3.885,1794.2,23.157,104.756,3.489,22.29
2022-12-12,866.45,3.8015,1785.0,23.314,105.104,3.617,25.0
2022-12-13,887.64,3.8425,1818.3,23.909,103.943,3.501,22.55
2022-12-14,882.05,3.8785,1811.5,24.049,103.739,3.479,21.14
2022-12-15,862.22,3.7645,1780.6,23.229,104.532,3.45,22.83
2022-12-19,829.44,3.7845,1791.0,23.117,104.595,3.59,22.42
2022-12-20,825.59,3.7995,1818.6,24.183,103.606,3.692,21.48
2022-12-21,837.81,3.811,1818.5,24.121,103.847,3.673,20.07
2022-12-22,832.28,3.7575,1788.5,23.561,104.127,3.686,21.97
2022-12-27,833.1,3.84,1816.3,24.142,103.893,3.849,21.65
2022-12-28,824.1,3.842,1808.8,23.756,104.182,3.886,22.14
2022-12-29,842.18,3.824,1826.0,24.25,103.586,3.82,21.44
2023-01-03,849.49,3.7665,1846.1,24.236,104.312,3.752,22.9
2023-01-04,873.66,3.7405,1859.0,23.964,104.021,3.69,22.01
2023-01-05,849.41,3.821,1840.6,23.424,104.828,3.722,22.46
2023-01-09,872.67,4.0265,1877.8,23.871,102.743,3.527,21.97
2023-01-10,877.95,4.0775,1876.5,23.665,102.98,3.615,20.58
2023-01-11,890.89,4.166,1878.9,23.481,102.928,3.543,21.09
2023-01-12,905.04,4.1965,1898.8,24.004,101.995,3.444,18.83
2023-01-17,908.3,4.223,1909.9,24.068,102.141,3.549,19.36
2023-01-18,891.53,4.2345,1907.0,23.647,102.107,3.373,20.34
2023-01-19,882.83,4.2315,1923.9,23.87,101.831,3.399,20.52
2023-01-23,898.36,4.2565,1928.6,23.554,101.916,3.521,19.81
2023-01-24,900.82,4.2485,1935.4,23.749,101.675,3.455,19.2
2023-01-25,905.07,4.2445,1942.6,23.941,101.416,3.451,19.08
2023-01-26,918.47,4.2675,1930.0,24.02,101.638,3.506,18.73
2023-01-30,910.81,4.2065,1930.2,23.821,102.086,3.542,19.94
2023-01-31,922.93,4.2295,1936.6,23.93,101.915,3.51,19.4
2023-02-01,945.01,4.117,1934.3,23.703,101.028,3.417,17.87
2023-02-02,961.23,4.098,1922.2,23.715,101.575,3.402,18.73
2023-02-06,920.45,4.043,1871.2,22.337,103.498,3.644,19.43
2023-02-07,924.55,4.088,1876.5,22.277,103.298,3.679,18.66
2023-02-08,921.91,4.043,1882.2,22.52,103.272,3.615,19.63
2023-02-09,915.69,4.103,1870.0,22.241,103.106,3.664,20.71
2023-02-13,910.38,4.0655,1855.1,21.942,103.248,3.704,20.34
2023-02-14,904.75,4.0835,1857.0,21.961,103.123,3.753,18.91
2023-02-15,906.72,4.0165,1837.0,21.659,103.839,3.803,18.23
2023-02-16,901.76,4.125,1843.4,21.81,103.791,3.863,20.17
2023-02-21,871.09,4.2165,1834.2,21.97,104.112,3.954,22.87
2023-02-22,855.63,4.186,1833.3,21.748,104.523,3.927,22.29
2023-02-23,866.26,4.0555,1818.8,21.376,104.539,3.89,21.14
2023-02-27,851.69,4.011,1824.9,20.793,104.624,3.922,20.95
2023-02-28,848.9,4.0895,1836.7,21.071,104.825,3.928,20.7
2023-03-01,844.83,4.16,1845.4,21.095,104.432,3.994,20.58
2023-03-02,852.29,4.076,1840.5,20.901,104.995,4.062,19.59
2023-03-06,861.38,4.0885,1854.6,21.135,104.325,3.964,18.61
2023-03-07,841.38,3.975,1820.0,20.199,105.592,3.97,19.59
2023-03-08,851.7,4.027,1818.6,20.151,105.634,3.989,19.11
2023-03-09,835.31,4.039,1834.6,20.165,105.305,3.907,22.61
2023-03-13,835.19,4.0535,1916.5,21.923,103.713,3.545,26.52
2023-03-14,842.02,4.003,1910.9,22.04,103.215,3.685,23.73
2023-03-15,846.61,3.843,1931.3,21.882,104.276,3.462,26.14
2023-03-16,853.12,3.8645,1923.0,21.692,104.092,3.579,22.99
2023-03-20,850.01,3.9515,1982.8,22.646,102.933,3.483,24.15
2023-03-21,847.99,3.994,1941.1,22.425,102.897,3.608,21.38
2023-03-22,830.66,4.0445,1949.6,22.786,101.972,3.451,22.26
2023-03-23,839.13,4.1235,1995.9,23.256,102.207,3.414,22.61
2023-03-27,846.79,4.0785,1953.8,23.145,102.518,3.539,20.6
2023-03-28,842.74,4.0855,1973.5,23.42,102.106,3.572,19.97
2023-03-29,857.24,4.0865,1966.9,23.466,102.298,3.566,19.12
2023-03-30,865.87,4.0955,1988.5,24.076,101.821,3.547,19.02
2023-04-03,870.54,4.0495,1991.3,24.118,101.787,3.415,18.55
2023-04-04,868.37,3.975,2029.4,25.201,101.267,3.339,19.0
2023-04-05,864.02,3.989,2026.8,25.143,101.545,3.309,19.08
2023-04-10,869.82,3.9795,1994.8,25.02,102.249,3.415,18.97
2023-04-11,873.81,4.0225,2010.0,25.296,101.884,3.432,19.1
2023-04-12,872.41,4.0805,2015.7,25.563,101.171,3.4,19.09
2023-04-13,878.31,4.119,2045.8,26.035,100.7,3.449,17.8
2023-04-17,879.19,4.0675,1997.6,25.197,101.796,3.606,16.95
2023-04-18,878.06,4.094,2010.3,25.368,101.448,3.578,16.83
2023-04-19,876.89,4.079,1998.0,25.471,101.668,3.591,16.46
2023-04-20,863.78,4.0295,2009.8,25.478,101.566,3.536,17.17
2023-04-24,857.52,3.961,1990.6,25.411,101.073,3.496,16.89
2023-04-25,844.28,3.8585,1995.1,24.978,101.592,3.4,18.76
2023-04-26,846.09,3.8605,1986.9,24.972,101.205,3.445,18.84
2023-04-27,863.37,3.884,1999.0,25.209,101.252,3.528,17.03
2023-05-01,863.35,3.934,1992.2,25.23,101.92,3.57,16.08
2023-05-02,842.43,3.8625,2023.3,25.619,101.725,3.433,17.78
2023-05-03,831.7,3.845,2037.0,25.681,101.115,3.364,18.34
2023-05-04,843.3,3.863,2055.7,26.227,101.184,3.377,20.09
2023-05-08,853.16,3.9295,2033.2,25.834,101.155,3.507,16.98
2023-05-09,847.12,3.9015,2042.9,25.898,101.399,3.522,17.71
2023-05-10,853.33,3.841,2037.1,25.658,101.269,3.439,16.94
2023-05-11,844.08,3.71,2020.5,24.424,101.873,3.386,16.93
2023-05-15,843.72,3.751,2022.7,24.291,102.271,3.507,17.12
2023-05-16,828.58,3.667,1993.0,23.893,102.404,3.541,17.99
2023-05-17,840.93,3.7545,1984.9,23.897,102.726,3.572,16.87
2023-05-18,842.39,3.6895,1959.8,23.633,103.455,3.651,16.05
2023-05-22,848.17,3.685,1977.2,23.861,103.079,3.719,17.21
2023-05-23,835.75,3.6545,1974.5,23.624,103.385,3.698,18.53
2023-05-24,818.58,3.5615,1964.6,23.24,103.799,3.744,20.03
2023-05-25,841.5,3.588,1943.7,22.91,104.175,3.823,19.14
2023-05-30,866.02,3.6695,1968.1,23.353,104.078,3.694,17.46
2023-05-31,863.81,3.6455,1973.1,23.696,104.245,3.646,17.94
2023-06-01,870.03,3.7185,1986.5,24.096,103.502,3.601,15.65
2023-06-05,879.33,3.774,1965.7,23.743,103.936,3.689,14.73
2023-06-06,882.07,3.7745,1972.9,23.779,104.074,3.677,13.96
2023-06-07,884.0,3.7605,1949.9,23.638,104.055,3.793,13.94
2023-06-08,884.92,3.7995,1969.9,24.455,103.316,3.718,13.65
2023-06-12,894.74,3.7595,1960.9,24.165,103.631,3.743,15.01
2023-06-13,904.78,3.8355,1949.9,23.929,103.318,3.827,14.61
2023-06-14,915.73,3.8725,1960.1,24.212,102.916,3.79,13.88
2023-06-15,921.95,3.9,1961.8,24.044,102.108,3.72,14.5
2023-06-20,905.89,3.889,1938.9,23.334,102.125,3.719,13.88
2023-06-21,893.75,3.91,1936.1,22.911,101.676,3.727,13.2
2023-06-22,884.07,3.896,1915.0,22.567,101.994,3.797,12.91
2023-06-26,881.58,3.794,1925.1,22.923,102.334,3.723,14.25
2023-06-27,888.2,3.7795,1915.1,23.049,102.127,3.772,13.74
2023-06-28,893.81,3.736,1913.4,22.981,102.548,3.714,13.43
2023-06-29,900.62,3.699,1917.9,22.798,103.008,3.842,13.54
2023-07-03,912.03,3.794,1929.5,23.112,102.654,3.858,13.57
2023-07-05,917.11,3.7685,1927.1,23.402,103.035,3.934,14.18
2023-07-06,907.16,3.7345,1915.4,22.89,102.867,4.031,15.44
2023-07-10,907.9,3.7845,1931.0,23.345,101.642,4.0,15.07
2023-07-11,916.63,3.766,1937.1,23.281,101.403,3.978,14.84
2023-07-12,926.09,3.853,1961.7,24.31,100.193,3.861,13.54
2023-07-13,937.0,3.94,1963.8,24.949,99.456,3.767,13.61
2023-07-17,923.58,3.844,1956.4,25.018,99.529,3.809,13.48
2023-07-18,924.29,3.8295,1980.8,25.256,99.625,3.789,13.3
2023-07-19,934.3,3.814,1980.8,25.387,99.988,3.748,13.76
2023-07-20,916.89,3.8345,1970.9,24.962,100.597,3.856,13.99
2023-07-24,921.56,3.8555,1962.2,24.581,101.083,3.878,13.91
2023-07-25,919.55,3.9155,1963.7,24.824,101.096,3.89,13.86
2023-07-26,922.44,3.902,1970.1,24.97,100.636,3.873,13.19
2023-07-27,916.46,3.8755,1945.7,24.367,101.544,4.002,14.41
2023-07-31,928.96,4.014,1979.6,25.092,101.626,3.967,13.63
2023-08-01,928.37,3.9165,1949.7,24.445,102.085,4.037,13.93
2023-08-02,914.14,3.8535,1946.0,23.991,102.389,4.09,16.09
2023-08-03,900.77,3.91,1939.9,23.816,102.35,4.179,15.92
2023-08-07,907.23,3.848,1940.7,23.352,101.861,4.097,15.77
2023-08-08,902.66,3.782,1930.8,22.922,102.34,4.028,15.99
2023-08-09,899.71,3.798,1921.9,22.841,102.312,4.016,15.96
2023-08-10,899.62,3.7805,1920.1,22.929,102.367,4.107,15.85
2023-08-14,894.94,3.7395,1915.6,22.813,103.058,4.201,14.82
2023-08-15,889.08,3.6855,1906.9,22.759,103.095,4.219,16.46
2023-08-16,870.47,3.6765,1900.2,22.637,103.319,4.258,16.78
2023-08-17,868.04,3.711,1887.2,22.821,103.47,4.284,17.89
2023-08-21,861.6,3.7385,1895.7,23.443,103.206,4.342,17.13
2023-08-22,866.69,3.7755,1898.6,23.553,103.473,4.332,16.97
2023-08-23,881.86,3.824,1920.5,24.495,103.333,4.196,15.98
2023-08-24,879.93,3.782,1919.1,24.343,103.919,4.241,17.2
2023-08-28,884.58,3.777,1918.5,24.369,103.992,4.206,15.08
2023-08-29,899.54,3.818,1936.4,24.901,103.471,4.12,14.45
2023-08-30,905.45,3.831,1954.0,24.978,103.093,4.112,13.88
2023-08-31,907.1,3.809,1947.0,24.692,103.587,4.106,13.57
2023-09-05,902.42,3.838,1934.3,23.762,104.763,4.266,14.01
2023-09-06,896.92,3.7755,1925.8,23.397,104.821,4.296,14.45
2023-09-07,895.36,3.752,1924.1,23.134,105.028,4.25,14.4
2023-09-11,892.9,3.7965,1929.2,23.282,104.539,4.294,13.8
2023-09-12,890.32,3.7785,1917.2,23.301,104.69,4.28,14.23
2023-09-13,884.9,3.78,1914.4,23.08,104.749,4.254,13.48
2023-09-14,898.58,3.8075,1914.4,22.902,105.395,4.286,12.82
2023-09-18,887.19,3.7645,1935.2,23.399,105.292,4.303,14.0
2023-09-19,879.47,3.734,1935.3,23.351,104.832,4.365,14.11
2023-09-20,875.85,3.762,1948.6,23.728,104.788,4.399,15.14
2023-09-21,850.01,3.6835,1921.2,23.582,105.044,4.494,17.54
2023-09-25,848.77,3.6595,1918.2,23.277,105.69,4.531,16.9
2023-09-26,832.41,3.6355,1901.6,23.086,105.93,4.55,18.94
2023-09-27,827.94,3.6295,1872.3,22.609,106.366,4.608,18.22
2023-09-28,841.56,3.708,1869.5,22.741,105.933,4.579,17.34
2023-10-02,839.21,3.6415,1838.2,21.421,106.606,4.685,17.61
2023-10-03,820.48,3.621,1832.6,21.377,106.719,4.795,19.78
2023-10-04,825.63,3.589,1826.1,21.146,106.53,4.735,18.58
2023-10-05,831.56,3.552,1823.2,21.019,106.065,4.721,18.49
2023-10-09,843.99,3.646,1855.7,21.924,105.811,4.628,17.7
2023-10-10,853.46,3.634,1866.7,21.953,105.557,4.657,17.03
2023-10-11,870.36,3.612,1878.4,22.133,105.569,4.558,16.09
2023-10-12,863.27,3.591,1874.2,21.959,106.367,4.697,16.69
2023-10-16,858.48,3.582,1925.1,22.765,106.034,4.7,17.21
2023-10-17,850.32,3.5785,1926.4,23.024,106.046,4.836,17.88
2023-10-18,832.32,3.587,1958.8,23.099,106.354,4.911,19.22
2023-10-19,807.22,3.601,1971.2,23.031,106.046,4.99,21.4
2023-10-23,802.82,3.5865,1978.2,23.21,105.334,4.848,20.37
2023-10-24,817.16,3.624,1976.8,23.116,106.08,4.819,18.97
2023-10-25,800.7,3.591,1985.5,23.007,106.352,4.961,20.19
2023-10-26,815.41,3.5845,1987.9,22.908,106.422,4.849,20.68
2023-10-30,819.86,3.6735,2005.6,23.519,105.934,4.888,19.75
2023-10-31,832.67,3.6635,1994.3,23.075,106.494,4.926,18.14
2023-11-01,836.51,3.6655,1987.5,22.912,106.715,4.734,16.87
2023-11-02,867.02,3.6875,1993.5,22.971,105.977,4.661,15.66
2023-11-06,882.97,3.7345,1988.6,23.355,105.046,4.647,14.89
2023-11-07,875.63,3.698,1973.5,22.709,105.373,4.569,14.81
2023-11-08,876.2,3.6585,1957.8,22.846,105.448,4.492,14.45
2023-11-09,872.1,3.6625,1969.8,23.023,105.78,4.632,15.29
2023-11-13,875.34,3.6835,1950.2,22.477,105.503,4.638,14.76
2023-11-14,915.26,3.7025,1966.5,23.249,103.907,4.453,14.16
2023-11-15,927.86,3.736,1964.3,23.659,104.265,4.537,14.18
2023-11-16,925.0,3.7195,1987.3,24.053,104.233,4.441,14.32
2023-11-20,936.99,3.8225,1980.3,23.732,103.317,4.426,13.41
2023-11-21,929.31,3.827,2001.6,23.989,103.449,4.398,13.35
2023-11-22,932.44,3.7815,1992.8,23.808,103.825,4.408,12.85
2023-11-27,938.69,3.7745,2012.4,24.803,103.105,4.39,12.69
2023-11-28,943.12,3.8185,2040.0,25.066,102.649,4.325,12.69
2023-11-29,957.53,3.816,2057.5,25.342,102.676,4.259,12.98
2023-11-30,958.74,3.842,2047.6,25.541,103.428,4.33,12.92
2023-12-04,957.19,3.826,2032.9,24.786,103.647,4.259,13.08
2023-12-05,954.37,3.776,2026.9,24.43,103.995,4.167,12.85
2023-12-06,946.41,3.726,2038.4,24.112,104.108,4.114,12.97
2023-12-07,948.96,3.79,2036.9,23.942,103.504,4.148,13.06
2023-12-11,944.32,3.778,1984.3,22.953,104.064,4.237,12.63
2023-12-12,945.39,3.7865,1983.9,22.906,103.839,4.21,12.07
2023-12-13,963.08,3.785,1988.1,22.815,102.848,4.024,12.19
2023-12-14,972.11,3.89,2035.2,24.273,101.94,3.921,12.48
2023-12-18,960.34,3.849,2030.9,23.994,102.536,3.935,12.56
2023-12-19,969.57,3.8945,2042.6,24.206,101.796,3.931,12.53
2023-12-20,956.61,3.9025,2038.1,24.516,102.04,3.853,13.67
2023-12-21,969.5,3.9105,2041.8,24.468,101.478,3.892,13.65
2023-12-26,979.61,3.894,2060.4,24.285,101.104,3.897,12.99
2023-12-27,986.72,3.953,2083.4,24.526,100.654,3.789,12.43
2023-12-28,993.19,3.9245,2083.5,24.372,100.913,3.846,12.47
2024-01-02,983.1,3.8805,2073.4,23.953,101.891,3.941,13.2
2024-01-03,966.84,3.8615,2042.8,23.157,102.195,3.92,14.04
2024-01-04,965.23,3.844,2050.0,23.187,102.135,4.003,14.13
2024-01-08,973.82,3.81,2033.5,23.31,101.928,4.027,13.08
2024-01-09,970.25,3.7585,2033.0,23.091,102.284,4.015,12.76
2024-01-10,968.46,3.781,2027.8,23.066,102.08,4.03,12.69
2024-01-11,966.03,3.7765,2019.2,22.705,102.024,3.975,12.44
2024-01-16,968.31,3.7665,2030.2,23.093,103.112,4.054,13.84
2024-01-17,949.36,3.733,2006.5,22.669,103.206,4.106,14.79
2024-01-18,949.68,3.745,2021.6,22.807,103.312,4.142,14.13
2024-01-22,976.8,3.7635,2022.2,22.296,103.118,4.107,13.19
2024-01-23,978.38,3.7935,2025.8,22.462,103.402,4.132,12.55
2024-01-24,974.67,3.886,2016.0,22.889,103.039,4.18,13.14
2024-01-25,990.55,3.869,2017.8,22.927,103.37,4.12,13.45
2024-01-29,993.92,3.879,2025.4,23.251,103.421,4.076,13.6
2024-01-30,984.45,3.9215,2041.1,23.343,103.215,4.036,13.31
2024-01-31,977.15,3.917,2057.4,23.282,103.089,3.918,14.35
2024-02-01,988.87,3.8665,2061.2,23.347,102.872,3.882,13.88
2024-02-05,973.87,3.788,2032.9,22.534,104.319,4.162,13.67
2024-02-06,984.39,3.7965,2041.5,22.588,104.068,4.09,13.06
2024-02-07,987.75,3.7505,2041.8,22.471,103.917,4.115,12.83
2024-02-08,994.99,3.7145,2038.1,22.749,104.037,4.158,12.79
2024-02-12,1005.5,3.7335,2023.4,22.878,104.047,4.179,13.93
2024-02-13,983.51,3.718,1997.7,22.266,104.85,4.326,15.85
2024-02-14,995.89,3.7075,1994.7,22.495,104.612,4.261,14.38
2024-02-15,1024.02,3.7635,2005.3,23.061,104.2,4.234,14.01
2024-02-20,999.48,3.87,2030.0,23.25,103.978,4.275,15.42
2024-02-21,994.01,3.8805,2024.5,22.989,103.912,4.319,15.34
2024-02-22,1027.4,3.9065,2020.8,22.899,103.875,4.331,14.54
2024-02-26,1014.56,3.8255,2029.1,22.638,103.751,4.281,13.74
2024-02-27,1011.04,3.841,2034.4,22.651,103.759,4.303,13.43
2024-02-28,1024.88,3.8405,2042.7,22.636,103.904,4.266,13.84
2024-02-29,1040.86,3.847,2054.7,22.885,104.098,4.254,13.4
2024-03-04,1072.87,3.857,2126.3,23.991,103.778,4.217,13.49
2024-03-05,1061.34,3.847,2141.9,23.984,103.753,4.151,14.46
2024-03-06,1073.8,3.875,2158.2,24.493,103.321,4.108,14.5
2024-03-07,1081.09,3.926,2165.2,24.578,102.772,4.089,14.44
2024-03-11,1077.73,3.9285,2188.6,24.715,102.852,4.098,15.22
2024-03-12,1081.86,3.932,2166.1,24.394,102.934,4.151,13.84
2024-03-13,1079.13,4.06,2180.8,25.156,102.766,4.188,13.75
2024-03-14,1067.68,4.0455,2167.5,25.06,103.342,4.292,14.4
2024-03-18,1047.87,4.13,2164.3,25.265,103.461,4.328,14.33
2024-03-19,1039.27,4.0745,2159.7,25.135,103.484,4.293,13.82
2024-03-20,1036.06,4.0515,2161.0,25.104,103.046,4.277,13.04
2024-03-21,1049.04,4.0585,2184.7,25.007,103.666,4.269,12.92
2024-03-25,1048.35,4.016,2176.4,24.891,103.934,4.249,13.19
2024-03-26,1033.84,4.0085,2177.2,24.623,103.991,4.238,13.24
2024-03-27,1046.47,4.0175,2201.4,24.879,104.064,4.188,12.78
2024-04-01,1045.99,4.0665,2245.9,25.203,104.764,4.317,13.65
2024-04-02,1036.86,4.089,2270.3,26.057,104.562,4.353,14.61
2024-04-03,1036.9,4.211,2303.3,27.195,103.997,4.351,14.33
2024-04-04,1023.72,4.266,2296.9,27.385,103.891,4.307,16.35
2024-04-08,1018.07,4.288,2339.0,27.956,103.902,4.422,15.19
2024-04-09,1028.26,4.295,2350.6,28.134,103.922,4.362,14.98
2024-04-10,1003.5,4.289,2336.6,28.204,105.031,4.546,15.8
2024-04-11,1006.88,4.2665,2360.8,28.401,105.064,4.584,14.91
2024-04-15,972.82,4.3925,2370.9,28.866,105.998,4.61,19.23
2024-04-16,961.57,4.3205,2395.5,28.526,106.065,4.669,18.4
2024-04-17,954.61,4.352,2376.2,28.553,105.764,4.589,18.21
2024-04-18,955.5,4.4535,2385.8,28.532,105.982,4.637,18.0
2024-04-22,941.6,4.4935,2334.6,27.397,105.913,4.61,16.94
2024-04-23,960.81,4.4495,2329.9,27.511,105.505,4.607,15.69
2024-04-24,964.53,4.4765,2326.0,27.496,105.7,4.648,15.97
2024-04-25,964.71,4.5315,2330.3,27.502,105.451,4.704,15.37
2024-04-29,983.8,4.6765,2357.7,27.66,105.448,4.611,14.67
2024-04-30,964.9,4.5645,2302.9,26.654,106.1,4.682,15.65
2024-05-01,949.78,4.546,2311.0,26.748,105.628,4.641,15.39
2024-05-02,964.95,4.4845,2309.6,26.829,105.178,4.589,14.68
2024-05-06,968.64,4.615,2331.2,27.614,104.919,4.487,13.49
2024-05-07,974.12,4.6055,2324.2,27.544,105.3,4.461,13.23
2024-05-08,968.52,4.5425,2322.3,27.601,105.426,4.5,13.0
2024-05-09,988.38,4.585,2340.3,28.365,105.104,4.459,12.69
2024-05-13,987.33,4.766,2343.0,28.443,105.103,4.49,13.6
2024-05-14,993.44,4.895,2359.9,28.702,104.892,4.445,13.42
2024-05-15,1016.49,4.9245,2394.9,29.729,104.212,4.344,12.45
2024-05-16,1022.25,4.877,2385.5,29.876,104.345,4.377,12.42
2024-05-20,1016.5,5.079,2438.5,32.426,104.46,4.447,12.15
2024-05-21,1012.22,5.106,2425.9,32.078,104.556,4.412,11.86
2024-05-22,999.67,4.8485,2392.9,31.496,104.836,4.426,12.29
2024-05-23,990.8,4.7925,2337.2,30.455,105.036,4.479,12.77
2024-05-28,996.37,4.855,2356.5,32.137,104.539,4.548,12.92
2024-05-29,986.95,4.791,2341.2,32.373,105.034,4.616,14.28
2024-05-30,995.16,4.6595,2354.7,31.68,104.658,4.55,14.47
2024-06-03,1000.04,4.6655,2357.5,30.942,104.078,4.392,13.11
2024-06-04,1005.13,4.5375,2335.7,29.772,104.051,4.33,13.16
2024-06-05,1015.44,4.5865,2363.6,30.229,104.221,4.277,12.63
2024-06-06,1017.46,4.667,2378.9,31.532,104.057,4.287,12.58
2024-06-10,1014.55,4.5395,2315.1,30.03,105.112,4.471,12.74
2024-06-11,1010.87,4.4935,2314.6,29.386,105.199,4.402,12.85
2024-06-12,1014.92,4.555,2342.7,30.422,104.615,4.318,12.04
2024-06-13,1029.16,4.472,2305.9,29.216,105.187,4.248,11.94
2024-06-17,1018.29,4.4275,2316.9,29.545,105.564,4.285,12.75
2024-06-18,1026.26,4.447,2334.8,29.717,104.876,4.219,12.3
2024-06-20,1023.06,4.521,2357.0,30.981,105.227,4.261,13.28
2024-06-24,1015.71,4.425,2332.4,29.685,105.121,4.234,13.33
2024-06-25,1015.39,4.3655,2318.4,29.028,105.259,4.248,12.84
2024-06-26,1014.42,4.3635,2301.0,29.091,105.714,4.329,12.55
2024-06-27,1021.95,4.3485,2336.6,29.256,105.571,4.286,12.24
2024-07-01,1018.09,4.418,2338.9,29.613,105.587,4.471,12.22
2024-07-02,1022.35,4.419,2333.4,29.658,105.407,4.438,12.03
2024-07-03,1038.55,4.5335,2369.4,30.842,105.077,4.355,12.09
2024-07-08,1057.0,4.618,2363.5,30.913,104.668,4.28,12.37
2024-07-09,1060.11,4.5775,2367.9,31.056,104.807,4.298,12.51
2024-07-10,1066.5,4.6085,2379.7,31.014,104.729,4.282,12.85
2024-07-11,1081.04,4.5065,2421.9,31.671,104.131,4.212,12.92
2024-07-15,1092.77,4.5265,2428.9,30.936,103.882,4.231,13.12
2024-07-16,1097.55,4.4495,2467.8,31.458,103.959,4.16,13.19
2024-07-17,1079.03,4.4085,2459.9,30.377,103.443,4.16,14.48
2024-07-18,1066.98,4.2795,2456.4,30.224,103.885,4.202,15.93
2024-07-22,1058.27,4.1975,2394.7,29.321,104.037,4.254,14.91
2024-07-23,1054.44,4.1605,2407.3,29.331,104.175,4.254,14.72
2024-07-24,1033.97,4.109,2415.7,29.316,104.122,4.286,18.04
2024-07-25,1021.14,4.1255,2353.5,27.975,104.108,4.245,18.46
2024-07-29,1031.11,4.0845,2377.8,27.866,104.314,4.172,16.6
2024-07-30,1025.48,4.098,2417.6,28.685,104.319,4.141,17.69
2024-07-31,1051.02,4.1875,2438.5,29.073,103.859,4.033,16.36
2024-08-01,1061.33,4.095,2445.9,28.607,104.205,3.982,18.59
2024-08-05,1007.38,4.0105,2411.8,27.338,102.483,3.779,38.57
2024-08-06,1026.12,4.036,2398.9,27.341,102.758,3.901,27.71
2024-08-07,1020.67,3.9635,2400.0,27.069,102.998,3.953,27.85
2024-08-08,1033.2,3.97,2430.3,27.733,103.022,3.99,23.79
2024-08-12,1035.59,4.075,2469.9,28.134,102.961,3.907,20.71
2024-08-13,1049.05,4.056,2473.9,27.916,102.38,3.846,18.12
2024-08-14,1052.02,4.046,2446.2,27.469,102.385,3.839,16.19
2024-08-15,1054.09,4.153,2458.6,28.548,102.808,3.919,15.23
2024-08-19,1071.83,4.1885,2506.8,29.44,101.731,3.875,14.65
2024-08-20,1069.31,4.168,2516.1,29.659,101.299,3.81,15.88
2024-08-21,1080.73,4.197,2512.8,29.676,100.91,3.799,16.27
2024-08-22,1082.76,4.1545,2482.1,29.185,101.399,3.858,17.55
2024-08-26,1102.94,4.235,2520.2,30.155,100.741,3.82,16.15
2024-08-27,1099.33,4.2575,2517.7,30.125,100.455,3.829,15.43
2024-08-28,1091.86,4.1725,2502.6,29.34,100.99,3.839,17.11
2024-08-29,1087.75,4.1985,2536.7,29.827,101.27,3.863,15.65
2024-09-03,1085.48,4.0715,2499.7,28.208,101.766,3.831,20.72
2024-09-04,1085.13,4.058,2502.7,28.421,101.301,3.757,21.32
2024-09-05,1111.06,4.1155,2519.7,28.96,101.074,3.725,19.9
2024-09-09,1118.72,4.123,2509.3,28.521,101.518,3.702,19.45
2024-09-10,1138.24,4.0765,2519.5,28.484,101.598,3.64,19.08
2024-09-11,1137.91,4.12,2519.0,28.793,101.658,3.661,17.69
2024-09-12,1136.35,4.172,2557.1,29.967,101.351,3.68,17.07
2024-09-16,1148.24,4.2505,2585.2,30.99,100.711,3.618,17.14
2024-09-17,1151.52,4.2495,2568.9,30.834,100.567,3.648,17.61
2024-09-18,1138.21,4.273,2574.9,30.542,100.282,3.713,18.23
2024-09-19,1154.06,4.321,2590.9,31.281,100.321,3.719,16.33
2024-09-23,1178.96,4.3195,2628.6,30.94,100.56,3.751,15.89
2024-09-24,1194.32,4.462,2653.0,32.28,100.159,3.732,15.39
2024-09-25,1187.86,4.4605,2660.7,31.87,100.624,3.791,15.41
2024-09-26,1188.02,4.61,2670.4,32.195,100.246,3.796,15.37
2024-09-30,1200.92,4.553,2647.9,31.458,100.521,3.787,16.73
2024-10-01,1202.89,4.589,2678.5,31.742,100.931,3.731,19.26
2024-10-02,1205.32,4.649,2658.1,31.92,101.425,3.783,18.9
2024-10-03,1185.59,4.553,2667.4,32.464,101.75,3.846,20.49
2024-10-07,1186.84,4.5665,2654.0,32.004,102.301,4.026,22.64
2024-10-08,1178.05,4.4565,2623.5,30.6,102.303,4.035,21.42
2024-10-09,1178.86,4.3995,2614.1,30.67,102.695,4.067,20.86
2024-10-10,1175.04,4.4275,2627.4,31.24,102.773,4.094,20.93
2024-10-15,1191.08,4.3375,2667.0,31.756,103.055,4.038,20.64
2024-10-16,1203.96,4.3675,2679.3,31.974,103.4,4.016,19.58
2024-10-17,1194.49,4.325,2695.5,31.774,103.652,4.096,19.11
2024-10-21,1199.97,4.3595,2726.8,34.078,103.834,4.182,18.37
2024-10-22,1200.49,4.3805,2747.4,35.041,103.909,4.206,18.2
2024-10-23,1198.41,4.3365,2717.1,33.839,104.277,4.242,19.24
2024-10-24,1189.47,4.3515,2736.5,33.795,103.919,4.202,19.08
2024-10-28,1209.21,4.3625,2743.6,34.001,104.183,4.278,19.8
2024-10-29,1195.78,4.3605,2768.8,34.441,104.191,4.274,19.34
2024-10-30,1186.12,4.36,2800.8,34.234,103.862,4.299,20.35
2024-10-31,1167.31,4.3515,2749.3,32.953,103.878,4.281,23.16
2024-11-04,1159.87,4.4375,2746.2,32.765,103.79,4.286,21.98
2024-11-05,1180.81,4.481,2749.7,32.934,103.324,4.28,20.49
2024-11-06,1153.66,4.2595,2676.3,31.485,104.985,4.431,16.27
2024-11-07,1184.13,4.44,2705.8,32.013,104.37,4.325,15.2
2024-11-12,1160.63,4.154,2606.3,30.915,105.95,4.429,14.71
2024-11-13,1154.49,4.102,2586.5,30.817,106.379,4.45,14.02
2024-11-14,1147.9,4.105,2572.9,30.724,106.598,4.445,14.31
2024-11-18,1165.21,4.1335,2614.6,31.379,106.201,4.413,15.58
2024-11-19,1172.3,4.153,2631.0,31.417,106.143,4.395,16.35
2024-11-20,1163.53,4.164,2651.7,31.159,106.616,4.413,17.16
2024-11-21,1177.7,4.138,2674.9,31.099,106.93,4.419,16.87
2024-11-25,1203.06,4.1215,2618.5,30.396,106.77,4.274,14.6
2024-11-26,1193.39,4.075,2621.3,30.567,106.968,4.294,14.1
2024-11-27,1200.44,4.117,2652.3,30.455,106.048,4.26,14.1
2024-12-02,1198.89,4.1135,2646.5,30.742,106.423,4.195,13.34
2024-12-03,1199.09,4.1845,2655.9,31.363,106.34,4.226,13.3
2024-12-04,1197.51,4.183,2664.3,31.786,106.29,4.183,13.45
2024-12-05,1203.79,4.1745,2636.1,31.406,105.701,4.177,13.54
2024-12-09,1203.77,4.258,2673.3,32.481,106.125,4.2,14.19
2024-12-10,1179.03,4.2535,2705.6,32.612,106.382,4.227,14.18
2024-12-11,1184.21,4.245,2741.5,32.823,106.695,4.274,13.58
2024-12-12,1181.36,4.225,2695.1,31.482,106.959,4.335,13.92
2024-12-16,1167.51,4.1705,2657.0,30.927,107.03,4.402,14.69
2024-12-17,1163.61,4.125,2649.6,30.796,106.663,4.394,15.87
2024-12-18,1124.83,4.1355,2640.8,30.61,107.749,4.518,27.62
2024-12-19,1110.5,4.0555,2596.0,29.282,108.152,4.565,24.09
2024-12-23,1122.58,4.0635,2615.5,30.06,107.807,4.588,16.78
2024-12-26,1140.4,4.108,2640.3,30.234,107.893,4.584,14.73
2024-12-30,1144.75,4.093,2618.1,29.412,107.933,4.532,17.4
2025-01-02,1146.38,4.026,2669.0,29.9,109.209,4.561,17.93
2025-01-06,1180.2,4.1615,2647.4,30.583,108.101,4.623,16.04
2025-01-07,1182.4,4.1955,2665.4,30.686,108.378,4.684,17.82
2025-01-08,1191.58,4.2585,2672.4,30.69,108.926,4.692,17.7
2025-01-13,1114.02,4.3255,2678.6,30.309,109.812,4.789,19.19
2025-01-14,1127.52,4.3425,2682.3,30.351,109.11,4.792,18.71
2025-01-15,1133.96,4.389,2717.8,31.531,108.916,4.654,16.12
2025-01-16,1166.05,4.441,2750.9,31.725,108.817,4.611,16.6
2025-01-21,1193.94,4.341,2785.6,31.496,107.861,4.572,15.06
2025-01-22,1175.98,4.301,2797.4,31.42,107.962,4.612,15.1
2025-01-23,1191.83,4.3055,2778.3,30.712,107.863,4.645,15.02
2025-01-27,1137.37,4.208,2752.4,30.283,107.16,4.533,17.9
2025-01-28,1134.21,4.2245,2781.0,30.755,107.683,4.533,16.41
2025-01-29,1134.4,4.2605,2781.5,31.264,107.809,4.533,16.56
2025-01-30,1149.34,4.3075,2845.2,32.493,107.631,4.519,15.84
2025-02-03,1131.7,4.3055,2857.1,32.526,108.877,4.551,18.62
2025-02-04,1142.14,4.3535,2875.8,33.022,107.823,4.512,17.21
2025-02-05,1171.03,4.444,2893.0,32.976,107.442,4.423,15.77
2025-02-06,1182.0,4.461,2876.7,32.626,107.547,4.435,15.5
2025-02-10,1207.66,4.707,2934.4,32.491,108.193,4.5,15.81
2025-02-11,1218.18,4.601,2932.6,32.322,107.833,4.536,16.02
2025-02-12,1220.13,4.7045,2928.7,32.785,107.823,4.625,15.89
2025-02-13,1235.8,4.778,2945.4,32.726,107.216,4.532,15.1
2025-02-18,1280.06,4.6425,2949.0,33.373,106.955,4.551,15.35
2025-02-19,1296.79,4.614,2936.1,33.043,107.063,4.534,15.27
2025-02-20,1325.15,4.666,2956.1,33.486,106.269,4.506,15.66
2025-02-24,1262.6,4.5635,2949.7,32.763,106.509,4.399,18.98
2025-02-25,1253.72,4.5035,2906.0,31.976,106.228,4.297,19.43
2025-02-26,1252.92,4.5615,2917.8,32.419,106.329,4.254,19.1
2025-02-27,1228.16,4.6185,2895.9,32.11,107.176,4.265,21.13
2025-03-03,1193.79,4.607,2901.1,32.31,106.669,4.158,22.78
2025-03-04,1200.14,4.5565,2920.6,32.381,105.687,4.241,23.51
2025-03-05,1234.2,4.794,2926.0,33.134,104.252,4.279,21.93
2025-03-06,1203.37,4.8075,2926.6,33.338,104.028,4.279,24.87
2025-03-10,1187.97,4.6665,2899.4,32.53,103.62,4.218,27.86
2025-03-11,1195.96,4.766,2920.9,33.147,102.931,4.281,26.92
2025-03-12,1200.94,4.8495,2946.8,33.743,103.587,4.315,24.23
2025-03-13,1182.58,4.9255,2991.3,34.306,103.83,4.269,24.66
2025-03-17,1237.67,4.959,3034.1,34.308,103.47,4.298,20.51
2025-03-18,1222.14,5.0165,3068.9,34.818,102.892,4.283,21.7
2025-03-19,1206.98,5.1,3069.1,34.205,103.093,4.246,19.9
2025-03-20,1197.68,5.112,3071.3,33.991,103.497,4.24,19.8
2025-03-24,1200.82,5.0925,3044.0,33.45,103.936,4.338,17.48
2025-03-25,1175.4,5.185,3039.6,34.023,103.831,4.316,17.15
2025-03-26,1165.79,5.2185,3037.3,34.054,104.207,4.353,18.33
2025-03-27,1152.14,5.0985,3075.8,34.905,103.992,4.36,18.69
2025-03-31,1129.91,5.034,3150.3,34.611,103.883,4.21,22.28
2025-04-01,1140.75,5.035,3146.0,34.309,103.949,4.16,21.77
2025-04-02,1151.32,5.0405,3166.2,34.65,103.491,4.125,21.51
2025-04-03,1128.02,4.8285,3121.7,31.97,101.795,4.036,30.02
2025-04-07,1039.52,4.186,2973.6,29.604,102.972,4.201,46.98
2025-04-08,1003.68,4.144,2990.2,29.686,102.701,4.289,52.33
2025-04-09,1051.45,4.1925,3079.4,30.415,102.623,4.325,33.62
2025-04-10,1047.72,4.3365,3177.5,30.759,100.61,4.424,40.72
2025-04-14,1078.93,4.6255,3226.3,32.167,99.397,4.383,30.89
2025-04-15,1077.02,4.626,3240.4,32.297,99.962,4.339,30.12
2025-04-16,1065.82,4.6855,3346.4,32.98,99.143,4.28,32.64
2025-04-21,1062.84,4.78,3425.3,32.521,98.044,4.416,33.82
2025-04-22,1078.51,4.928,3419.4,32.905,98.69,4.4,30.57
2025-04-23,1090.27,4.895,3294.1,33.547,99.636,4.384,28.45
2025-04-24,1100.05,4.9105,3348.6,33.503,99.168,4.314,26.47
2025-04-28,1117.32,4.8645,3333.0,33.165,98.789,4.205,25.15
2025-04-29,1135.27,4.8725,3333.6,33.577,99.018,4.171,24.17
2025-04-30,1151.09,4.609,3319.1,32.828,99.27,4.167,24.7
2025-05-01,1158.41,4.628,3222.2,32.469,100.054,4.215,24.6
2025-05-05,1186.25,4.699,3322.3,32.474,99.64,4.348,23.64
2025-05-06,1185.72,4.778,3422.8,33.381,99.047,4.298,24.76
2025-05-07,1174.99,4.6595,3391.9,32.791,99.435,4.268,23.55
2025-05-08,1168.16,4.604,3306.0,32.617,100.49,4.379,22.48
2025-05-12,1185.54,4.621,3228.0,32.624,101.599,4.472,18.39
2025-05-13,1183.04,4.723,3247.8,33.1,100.826,4.47,18.22
2025-05-14,1190.93,4.6505,3188.3,32.444,100.873,4.541,18.62
2025-05-15,1195.82,4.6835,3226.6,32.68,100.729,4.431,17.83
2025-05-19,1214.4,4.6705,3261.4,32.507,100.288,4.447,18.14
2025-05-20,1212.74,4.654,3312.6,33.174,99.977,4.483,18.09
2025-05-21,1209.06,4.672,3341.9,33.646,99.435,4.595,20.87
2025-05-22,1198.7,4.6795,3323.6,33.219,99.849,4.528,20.28
2025-05-27,1207.69,4.715,3313.7,33.311,99.425,4.445,18.96
2025-05-28,1196.33,4.6505,3308.3,33.16,99.785,4.474,19.31
2025-05-29,1203.3,4.6755,3343.9,33.423,99.209,4.425,19.18
2025-06-02,1209.96,4.8585,3397.2,34.694,98.635,4.441,18.36
2025-06-03,1215.69,4.834,3377.1,34.633,99.159,4.457,17.69
2025-06-04,1242.67,4.8865,3399.2,34.648,98.73,4.356,17.61
2025-06-05,1244.46,4.933,3375.1,35.805,98.704,4.389,18.48
2025-06-09,1250.18,4.925,3354.9,36.796,98.442,4.475,17.16
2025-06-10,1259.99,4.9,3343.4,36.642,99.07,4.473,16.95
2025-06-11,1258.78,4.8145,3343.7,36.261,98.604,4.419,17.26
2025-06-12,1263.88,4.8355,3402.4,36.295,97.901,4.364,18.02
2025-06-16,1263.04,4.836,3417.3,36.448,97.702,4.448,19.11
2025-06-17,1256.88,4.809,3406.9,37.151,98.394,4.386,21.6
2025-06-18,1259.75,4.853,3408.1,36.913,98.468,4.39,20.14
2025-06-23,1262.7,4.843,3380.6,36.153,98.01,4.341,19.83
2025-06-24,1294.48,4.867,3320.0,35.701,97.45,4.294,17.48
2025-06-25,1278.03,4.913,3329.0,36.085,97.273,4.29,16.76
2025-06-26,1271.83,5.0925,3333.9,36.757,96.762,4.245,16.59
2025-06-30,1293.99,5.0825,3307.7,36.172,96.493,4.231,16.73
2025-07-01,1284.67,5.0995,3349.8,36.397,96.467,4.241,16.83
2025-07-02,1296.72,5.1975,3359.7,36.727,96.429,4.282,16.64
2025-07-03,1305.82,5.1415,3342.9,37.084,96.822,4.346,16.38
2025-07-07,1281.07,5.026,3342.8,36.904,97.141,4.382,17.79
2025-07-08,1285.1,5.6855,3316.9,36.749,97.172,4.417,16.81
2025-07-09,1285.6,5.4865,3321.0,36.63,97.199,4.342,15.94
2025-07-10,1286.13,5.591,3325.7,37.305,97.322,4.346,15.78
2025-07-14,1297.06,5.5505,3359.1,38.742,97.763,4.427,17.2
2025-07-15,1317.25,5.5775,3336.7,38.11,98.31,4.489,17.38
2025-07-16,1327.99,5.526,3359.1,38.119,98.075,4.455,17.16
2025-07-17,1335.23,5.5125,3345.3,38.303,98.446,4.463,16.52
2025-07-21,1340.72,5.6375,3462.9,39.334,97.57,4.37,16.65
2025-07-22,1344.42,5.7215,3501.8,39.555,97.117,4.336,16.5
2025-07-23,1356.84,5.8195,3455.1,39.503,96.943,4.388,15.37
2025-07-24,1359.89,5.8015,3431.1,39.224,97.124,4.408,15.39
2025-07-28,1348.83,5.5975,3354.0,38.043,98.395,4.42,15.03
2025-07-29,1340.75,5.607,3368.3,38.101,98.647,4.328,15.98
2025-07-30,1329.66,5.586,3352.8,37.739,99.586,4.378,15.48
2025-07-31,1329.12,4.3545,3348.6,36.712,99.743,4.36,16.72
2025-08-04,1323.93,4.4375,3426.4,37.328,98.586,4.198,17.52
2025-08-05,1321.04,4.386,3434.7,37.823,98.581,4.196,17.85
2025-08-06,1309.31,4.413,3433.4,37.902,97.983,4.218,16.77
2025-08-07,1318.19,4.3985,3453.7,38.294,98.229,4.244,16.57
2025-08-11,1310.21,4.44,3404.7,37.787,98.361,4.273,16.25
2025-08-12,1318.95,4.5255,3399.0,38.002,97.927,4.293,14.73
2025-08-13,1318.04,4.4975,3408.3,38.602,97.662,4.24,14.49
2025-08-14,1305.96,4.4795,3383.2,38.069,98.103,4.293,14.83
2025-08-18,1306.78,4.536,3378.0,38.029,98.017,4.339,14.99
2025-08-19,1301.89,4.4885,3358.7,37.332,98.119,4.302,15.57
2025-08-20,1303.43,4.5105,3388.5,37.773,98.08,4.296,15.69
2025-08-21,1294.65,4.5115,3381.6,38.079,98.511,4.332,16.6
2025-08-25,1316.94,4.5265,3404.9,39.051,98.318,4.275,14.79
2025-08-26,1316.66,4.51,3420.1,38.955,98.122,4.256,14.62
2025-08-27,1317.02,4.4715,3435.7,39.056,98.127,4.238,14.85
2025-08-28,1320.87,4.539,3474.3,39.703,97.738,4.207,14.43
2025-09-02,1290.92,4.641,3592.2,41.592,98.347,4.277,17.17
2025-09-03,1276.32,4.63,3635.5,42.06,98.083,4.211,16.35
2025-09-04,1273.2,4.5585,3606.7,41.417,98.304,4.176,15.3
2025-09-08,1288.46,4.5595,3677.4,41.902,97.037,4.046,15.11
2025-09-09,1309.61,4.5695,3682.2,41.341,97.367,4.074,15.04
2025-09-10,1334.84,4.618,3682.0,41.6,97.357,4.032,15.35
2025-09-11,1364.35,4.658,3673.6,42.149,97.528,4.011,14.71
2025-09-15,1379.27,4.7175,3719.0,42.962,97.448,4.034,15.69
2025-09-16,1383.63,4.694,3725.1,42.917,96.248,4.026,16.36
2025-09-17,1392.99,4.632,3717.8,42.152,96.52,4.076,15.72
2025-09-18,1407.4,4.6005,3678.3,42.118,96.971,4.104,15.7
2025-09-22,1433.81,4.6075,3761.6,44.044,96.975,4.145,16.1
2025-09-23,1432.83,4.6195,3801.8,44.437,96.893,4.118,16.64
2025-09-24,1428.22,4.7885,3753.4,44.02,97.518,4.147,16.18
2025-09-25,1427.09,4.7325,3756.5,44.933,98.215,4.174,16.74
2025-09-29,1415.04,4.892,3855.2,47.016,97.584,4.141,16.12
2025-09-30,1425.99,4.8565,3873.2,46.64,97.451,4.15,16.28
2025-10-01,1446.74,4.8825,3897.5,47.679,97.381,4.106,16.29
2025-10-02,1469.91,4.9495,3868.1,46.369,97.54,4.09,16.63
2025-10-06,1484.85,5.038,3976.3,47.515,97.807,4.162,16.37
2025-10-07,1481.33,5.0975,4004.4,48.994,98.284,4.127,17.24
2025-10-08,1496.18,5.0945,4070.5,47.157,98.64,4.131,16.3
2025-10-09,1503.96,5.123,3972.6,47.247,99.285,4.148,16.43
2025-10-13,1503.14,5.144,4133.0,50.622,99.03,4.055,19.03
2025-10-14,1495.83,5.023,4163.4,51.378,98.81,4.022,20.81
2025-10-15,1531.24,5.0145,4201.6,53.296,98.541,4.045,20.64
2025-10-16,1534.18,4.999,4304.6,50.104,98.092,3.976,25.31
2025-10-20,1545.64,5.036,4359.4,47.704,98.355,3.988,18.23
2025-10-21,1522.03,4.966,4109.1,47.681,98.711,3.963,17.87
2025-10-22,1502.33,4.9955,4065.4,48.704,98.673,3.953,18.6
2025-10-23,1526.25,5.1105,4145.6,48.586,98.729,3.989,17.3
2025-10-27,1576.03,5.146,4005.5,47.324,98.563,3.997,15.79
2025-10-28,1563.36,5.145,3968.7,47.913,98.453,3.983,16.42
2025-10-29,1560.04,5.237,3986.2,48.616,99.022,4.058,16.92
2025-10-30,1555.78,5.104,4015.9,48.16,99.348,4.093,16.91
2025-11-03,1552.95,5.069,4014.0,47.291,99.707,4.107,17.17
2025-11-04,1515.48,4.9485,3960.5,48.022,100.07,4.091,19.0
2025-11-05,1532.76,4.986,3992.9,47.95,100.059,4.157,18.01
2025-11-06,1518.56,4.9675,3991.0,48.143,99.585,4.093,19.5
2025-11-10,1543.4,5.106,4122.0,50.744,99.462,4.11,17.6
2025-11-11,1532.51,5.066,4116.3,53.457,99.316,4.069,17.28
2025-11-12,1511.5,5.1055,4213.6,53.17,99.374,4.067,17.51
2025-11-13,1455.7,5.102,4194.5,50.686,99.05,4.111,20.0
2025-11-17,1444.38,5.0865,4109.8,50.521,99.488,4.133,22.38
2025-11-18,1423.85,5.0505,4101.7,50.854,99.449,4.121,24.69
2025-11-19,1416.12,5.097,4118.2,50.301,100.151,4.131,23.66
2025-11-20,1387.49,5.0485,4095.7,49.913,100.09,4.104,26.42
2025-11-24,1413.68,5.026,4113.1,50.965,100.072,4.036,20.52
2025-11-25,1414.66,5.0625,4159.8,53.607,99.589,4.002,18.56
2025-11-26,1430.8,5.194,4202.3,57.163,99.522,3.998,17.19
2025-12-01,1446.14,5.303,4274.8,58.703,99.362,4.096,17.24
2025-12-02,1447.64,5.243,4220.8,58.62,99.296,4.088,16.59
2025-12-03,1462.08,5.389,4232.5,57.491,98.796,4.058,16.08
2025-12-04,1468.64,5.3735,4243.0,59.053,98.953,4.108,15.78
2025-12-08,1516.09,5.4445,4217.7,60.84,98.745,4.172,16.66
2025-12-09,1518.33,5.32,4236.2,61.029,98.848,4.186,16.93
2025-12-10,1505.66,5.3535,4224.7,64.592,98.426,4.164,15.77
2025-12-11,1506.87,5.5015,4313.0,62.007,98.344,4.141,14.85
2025-12-15,1445.37,5.412,4335.2,63.323,98.168,4.182,16.5
2025-12-16,1431.37,5.359,4332.3,66.901,97.794,4.149,16.48
2025-12-17,1407.8,5.4355,4373.9,65.219,98.002,4.151,17.62
2025-12-18,1417.72,5.4375,4364.5,67.489,98.088,4.116,16.87
2025-12-22,1461.84,5.5095,4469.4,71.137,97.954,4.171,14.08
2025-12-23,1459.2,5.552,4505.7,71.685,97.613,4.169,14.0
2025-12-29,1475.77,5.537,4327.0,77.919,97.732,4.116,14.2
2025-12-30,1485.94,5.7815,4386.3,70.603,97.955,4.128,14.33
2026-01-05,1557.68,5.9755,4451.5,81.039,97.982,4.163,14.9
2026-01-06,1584.65,6.0625,4496.1,79.25,98.317,4.179,14.75
