Date,Pair,Source,Target,DirectionMetric,SegmentID,SegmentStart,SegmentEnd,SegmentLength,Spillover,SegmentMean,SegmentStd,SegmentThreshold,SegmentZ,SpikeType
2022-12-07,dlog_SOLVPN__d_UST10Y,dlog_SOLVPN,d_UST10Y,PairwiseNet_SOLVPN_to_X,0,2022-12-01,2023-10-30,180.0,0.0917441221586697,0.011559657150907237,0.034946634313412474,0.08145292577773218,2.2944831908172563,segment
2022-12-07,dlog_SOLVPN__dlog_OIL,dlog_SOLVPN,dlog_OIL,X_to_SOLVPN,0,2022-12-01,2023-10-30,180.0,0.3177333385061732,0.04086157209391421,0.03298128218142939,0.106824136456773,8.39481512238344,segment
2022-12-12,dlog_SOLVPN__dlog_COPPER,dlog_SOLVPN,dlog_COPPER,PairwiseNet_SOLVPN_to_X,0,2022-12-01,2023-10-30,180.0,0.07600235366492482,0.0002725121750705475,0.032189926425462985,0.06465236502599651,2.352594426247281,segment
2022-12-12,dlog_SOLVPN__dlog_OIL,dlog_SOLVPN,dlog_OIL,PairwiseNet_SOLVPN_to_X,0,2022-12-01,2023-10-30,180.0,0.1282065700237071,0.015712787929170483,0.04770432938964356,0.1111214467084576,2.3581461794735685,segment
2022-12-13,dlog_SOLVPN__d_PJM_LMP,dlog_SOLVPN,d_PJM_LMP,PairwiseNet_SOLVPN_to_X,0,2022-12-01,2023-10-30,180.0,0.10042659680452565,-0.007065194640477603,0.04763853070237889,0.08821186676428018,2.256404424321078,segment
2022-12-13,dlog_SOLVPN__d_PJM_LMP,dlog_SOLVPN,d_PJM_LMP,SOLVPN_to_X,0,2022-12-01,2023-10-30,180.0,0.17694189551721634,0.03498325364834269,0.026313716753802615,0.08761068715594791,5.394853307766152,segment
2022-12-13,dlog_SOLVPN__dlog_GAS,dlog_SOLVPN,dlog_GAS,SOLVPN_to_X,0,2022-12-01,2023-10-30,180.0,0.1603786719706603,0.060643754563428076,0.0382528083413558,0.13714937124613968,2.607257394469703,segment
2022-12-13,dlog_SOLVPN__dlog_GAS,dlog_SOLVPN,dlog_GAS,X_to_SOLVPN,0,2022-12-01,2023-10-30,180.0,0.131620506201636,0.026496349793451907,0.023662517993773204,0.07382138578099831,4.442644541711392,segment
2022-12-13,dlog_SOLVPN__dlog_OIL,dlog_SOLVPN,dlog_OIL,SOLVPN_to_X,0,2022-12-01,2023-10-30,180.0,0.20155663292253986,0.05657436002308468,0.047769175474792015,0.1521127109726687,3.0350591455354494,segment
2022-12-13,dlog_SOLVPN__dlog_SILVER,dlog_SOLVPN,dlog_SILVER,PairwiseNet_SOLVPN_to_X,0,2022-12-01,2023-10-30,180.0,0.07619114624486019,-0.01048861089538112,0.02679273085767708,0.04309685081997304,3.235196800232271,segment
2022-12-13,dlog_SOLVPN__dlog_SILVER,dlog_SOLVPN,dlog_SILVER,SOLVPN_to_X,0,2022-12-01,2023-10-30,180.0,0.14414796385823545,0.06462233772888283,0.0335585937183799,0.13173952516564263,2.3697544300194187,segment
2022-12-14,dlog_SOLVPN__dlog_DXY,dlog_SOLVPN,dlog_DXY,PairwiseNet_SOLVPN_to_X,0,2022-12-01,2023-10-30,180.0,0.08081700616566354,-0.0016749252956875483,0.03456773508441752,0.06746054487314748,2.386385201688753,segment
2022-12-15,dlog_SOLVPN__d_PJM_LMP,dlog_SOLVPN,d_PJM_LMP,X_to_SOLVPN,0,2022-12-01,2023-10-30,180.0,0.24098331711617973,0.042048448288820296,0.04586655904263622,0.13378156637409275,4.337252956831477,segment
2022-12-15,dlog_SOLVPN__dlog_GOLD,dlog_SOLVPN,dlog_GOLD,PairwiseNet_SOLVPN_to_X,0,2022-12-01,2023-10-30,180.0,0.08016164298737889,-0.004515299842595851,0.03180236746126112,0.05908943507992638,2.6625987179451607,segment
2022-12-19,dlog_SOLVPN__d_VIX,dlog_SOLVPN,d_VIX,PairwiseNet_SOLVPN_to_X,0,2022-12-01,2023-10-30,180.0,0.08934120018477892,-9.763657431740124e-05,0.02409668712485077,0.04809573767538414,3.711665271482841,segment
2022-12-19,dlog_SOLVPN__dlog_COPPER,dlog_SOLVPN,dlog_COPPER,X_to_SOLVPN,0,2022-12-01,2023-10-30,180.0,0.15523343342786597,0.07127701860042912,0.04027721242799928,0.15183144345642768,2.0844643848558233,segment
2022-12-19,dlog_SOLVPN__dlog_GOLD,dlog_SOLVPN,dlog_GOLD,X_to_SOLVPN,0,2022-12-01,2023-10-30,180.0,0.20448168842689401,0.07807693079169555,0.049948891334862015,0.17797471346141958,2.5306819482292253,segment
2022-12-20,dlog_SOLVPN__d_UST10Y,dlog_SOLVPN,d_UST10Y,PairwiseNet_SOLVPN_to_X,0,2022-12-01,2023-10-30,180.0,0.0871163105961133,0.011559657150907237,0.034946634313412474,0.08145292577773218,2.1620580902753064,segment
2022-12-20,dlog_SOLVPN__dlog_GAS,dlog_SOLVPN,dlog_GAS,PairwiseNet_SOLVPN_to_X,0,2022-12-01,2023-10-30,180.0,0.1268642073520173,0.03414740476997618,0.04309855858975917,0.12034452194949452,2.151273861953981,segment
2022-12-21,dlog_SOLVPN__dlog_OIL,dlog_SOLVPN,dlog_OIL,X_to_SOLVPN,0,2022-12-01,2023-10-30,180.0,0.14767665152438042,0.04086157209391421,0.03298128218142939,0.106824136456773,3.2386575768303527,segment
2022-12-27,dlog_SOLVPN__d_PJM_LMP,dlog_SOLVPN,d_PJM_LMP,X_to_SOLVPN,0,2022-12-01,2023-10-30,180.0,0.34286141850575363,0.042048448288820296,0.04586655904263622,0.13378156637409275,6.558437704849546,segment
2022-12-27,dlog_SOLVPN__dlog_DXY,dlog_SOLVPN,dlog_DXY,X_to_SOLVPN,0,2022-12-01,2023-10-30,180.0,0.1770317310255314,0.062041751366721694,0.03666259790264112,0.13536694717200393,3.1364383932685254,segment
2022-12-29,dlog_SOLVPN__dlog_COPPER,dlog_SOLVPN,dlog_COPPER,PairwiseNet_SOLVPN_to_X,0,2022-12-01,2023-10-30,180.0,0.07973007894442828,0.0002725121750705475,0.032189926425462985,0.06465236502599651,2.4683985206783494,segment
2022-12-29,dlog_SOLVPN__dlog_COPPER,dlog_SOLVPN,dlog_COPPER,SOLVPN_to_X,0,2022-12-01,2023-10-30,180.0,0.1613210269786363,0.07154953077549968,0.035794886440040016,0.1431393036555797,2.5079419193999337,segment
2023-01-04,dlog_SOLVPN__d_VIX,dlog_SOLVPN,d_VIX,PairwiseNet_SOLVPN_to_X,0,2022-12-01,2023-10-30,180.0,0.06843422481328718,-9.763657431740124e-05,0.02409668712485077,0.04809573767538414,2.8440366525292213,segment
2023-01-04,dlog_SOLVPN__dlog_DXY,dlog_SOLVPN,dlog_DXY,PairwiseNet_SOLVPN_to_X,0,2022-12-01,2023-10-30,180.0,0.09793892752515826,-0.0016749252956875483,0.03456773508441752,0.06746054487314748,2.881700307456645,segment
2023-01-04,dlog_SOLVPN__dlog_GAS,dlog_SOLVPN,dlog_GAS,X_to_SOLVPN,0,2022-12-01,2023-10-30,180.0,0.13720113406695378,0.026496349793451907,0.023662517993773204,0.07382138578099831,4.678487061378416,segment
2023-01-04,dlog_SOLVPN__dlog_GOLD,dlog_SOLVPN,dlog_GOLD,PairwiseNet_SOLVPN_to_X,0,2022-12-01,2023-10-30,180.0,0.08426659735861636,-0.004515299842595851,0.03180236746126112,0.05908943507992638,2.7916757238076255,segment
2023-01-04,dlog_SOLVPN__dlog_OIL,dlog_SOLVPN,dlog_OIL,X_to_SOLVPN,0,2022-12-01,2023-10-30,180.0,0.12982689378068313,0.04086157209391421,0.03298128218142939,0.106824136456773,2.6974488498467832,segment
2023-01-04,dlog_SOLVPN__dlog_SILVER,dlog_SOLVPN,dlog_SILVER,PairwiseNet_SOLVPN_to_X,0,2022-12-01,2023-10-30,180.0,0.05015126198445077,-0.01048861089538112,0.02679273085767708,0.04309685081997304,2.2632957126300695,segment
2023-01-05,dlog_SOLVPN__dlog_DXY,dlog_SOLVPN,dlog_DXY,SOLVPN_to_X,0,2022-12-01,2023-10-30,180.0,0.2150690490176567,0.06036682607103415,0.03404614196624017,0.1284591100035145,4.54389878007393,segment
2023-01-09,dlog_SOLVPN__dlog_GAS,dlog_SOLVPN,dlog_GAS,SOLVPN_to_X,0,2022-12-01,2023-10-30,180.0,0.1400430653027008,0.060643754563428076,0.0382528083413558,0.13714937124613968,2.0756465781737834,segment
2023-01-10,dlog_SOLVPN__dlog_GOLD,dlog_SOLVPN,dlog_GOLD,SOLVPN_to_X,0,2022-12-01,2023-10-30,180.0,0.1909751359780761,0.0735616309490997,0.050937062795107756,0.1754357565393152,2.3050701902712256,segment
2023-01-11,dlog_SOLVPN__dlog_SILVER,dlog_SOLVPN,dlog_SILVER,SOLVPN_to_X,0,2022-12-01,2023-10-30,180.0,0.1344687994369426,0.06462233772888283,0.0335585937183799,0.13173952516564263,2.081328624620082,segment
2023-01-17,dlog_SOLVPN__dlog_GOLD,dlog_SOLVPN,dlog_GOLD,X_to_SOLVPN,0,2022-12-01,2023-10-30,180.0,0.18421819974844086,0.07807693079169555,0.049948891334862015,0.17797471346141958,2.1249974948425656,segment
2023-01-18,dlog_SOLVPN__d_UST10Y,dlog_SOLVPN,d_UST10Y,PairwiseNet_SOLVPN_to_X,0,2022-12-01,2023-10-30,180.0,0.09000367176026068,0.011559657150907237,0.034946634313412474,0.08145292577773218,2.2446801001161574,segment
2023-01-25,dlog_SOLVPN__dlog_GOLD,dlog_SOLVPN,dlog_GOLD,X_to_SOLVPN,0,2022-12-01,2023-10-30,180.0,0.1986630563139369,0.07807693079169555,0.049948891334862015,0.17797471346141958,2.4141902312469914,segment
2023-01-26,dlog_SOLVPN__d_UST10Y,dlog_SOLVPN,d_UST10Y,PairwiseNet_SOLVPN_to_X,0,2022-12-01,2023-10-30,180.0,0.10526399329208846,0.011559657150907237,0.034946634313412474,0.08145292577773218,2.681355099916378,segment
2023-02-02,dlog_SOLVPN__dlog_OIL,dlog_SOLVPN,dlog_OIL,PairwiseNet_SOLVPN_to_X,0,2022-12-01,2023-10-30,180.0,0.18529819483051413,0.015712787929170483,0.04770432938964356,0.1111214467084576,3.554926965143756,segment
2023-02-02,dlog_SOLVPN__dlog_OIL,dlog_SOLVPN,dlog_OIL,SOLVPN_to_X,0,2022-12-01,2023-10-30,180.0,0.20696595062441916,0.05657436002308468,0.047769175474792015,0.1521127109726687,3.148297811434839,segment
2023-02-06,dlog_SOLVPN__dlog_DXY,dlog_SOLVPN,dlog_DXY,X_to_SOLVPN,0,2022-12-01,2023-10-30,180.0,0.1394404938824296,0.062041751366721694,0.03666259790264112,0.13536694717200393,2.1111090578262655,segment
2023-02-06,dlog_SOLVPN__dlog_GOLD,dlog_SOLVPN,dlog_GOLD,SOLVPN_to_X,0,2022-12-01,2023-10-30,180.0,0.17704559734967298,0.0735616309490997,0.050937062795107756,0.1754357565393152,2.0316045080344205,segment
2023-02-06,dlog_SOLVPN__dlog_SILVER,dlog_SOLVPN,dlog_SILVER,SOLVPN_to_X,0,2022-12-01,2023-10-30,180.0,0.13593926784293245,0.06462233772888283,0.0335585937183799,0.13173952516564263,2.1251465634267515,segment
2023-02-06,dlog_SOLVPN__dlog_SILVER,dlog_SOLVPN,dlog_SILVER,X_to_SOLVPN,0,2022-12-01,2023-10-30,180.0,0.1661647515657292,0.07511094862426394,0.04052483376691671,0.15616061615809734,2.246864316956161,segment
2023-02-13,dlog_SOLVPN__dlog_COPPER,dlog_SOLVPN,dlog_COPPER,PairwiseNet_SOLVPN_to_X,0,2022-12-01,2023-10-30,180.0,0.09117718704265448,0.0002725121750705475,0.032189926425462985,0.06465236502599651,2.8240100230759215,segment
2023-03-09,dlog_SOLVPN__d_VIX,dlog_SOLVPN,d_VIX,PairwiseNet_SOLVPN_to_X,0,2022-12-01,2023-10-30,180.0,0.07646544256568291,-9.763657431740124e-05,0.02409668712485077,0.04809573767538414,3.177328017885133,segment
2023-03-09,dlog_SOLVPN__d_VIX,dlog_SOLVPN,d_VIX,SOLVPN_to_X,0,2022-12-01,2023-10-30,180.0,0.23571530938283647,0.13334393128427977,0.04312276049984407,0.21958945228396792,2.3739523377434724,segment
2023-03-28,dlog_SOLVPN__dlog_GAS,dlog_SOLVPN,dlog_GAS,X_to_SOLVPN,0,2022-12-01,2023-10-30,180.0,0.08491649004382797,0.026496349793451907,0.023662517993773204,0.07382138578099831,2.468889416829998,segment
2023-04-26,dlog_SOLVPN__dlog_OIL,dlog_SOLVPN,dlog_OIL,PairwiseNet_SOLVPN_to_X,0,2022-12-01,2023-10-30,180.0,0.11439282716831822,0.015712787929170483,0.04770432938964356,0.1111214467084576,2.068576175406227,segment
2023-05-10,dlog_SOLVPN__d_UST10Y,dlog_SOLVPN,d_UST10Y,PairwiseNet_SOLVPN_to_X,0,2022-12-01,2023-10-30,180.0,0.1055234289146973,0.011559657150907237,0.034946634313412474,0.08145292577773218,2.688778865543767,segment
2023-05-10,dlog_SOLVPN__dlog_OIL,dlog_SOLVPN,dlog_OIL,PairwiseNet_SOLVPN_to_X,0,2022-12-01,2023-10-30,180.0,0.12025428527412234,0.015712787929170483,0.04770432938964356,0.1111214467084576,2.191446744614493,segment
2023-05-10,dlog_SOLVPN__dlog_OIL,dlog_SOLVPN,dlog_OIL,SOLVPN_to_X,0,2022-12-01,2023-10-30,180.0,0.1703396597414184,0.05657436002308468,0.047769175474792015,0.1521127109726687,2.381562976283066,segment
2023-05-16,dlog_SOLVPN__dlog_GAS,dlog_SOLVPN,dlog_GAS,X_to_SOLVPN,0,2022-12-01,2023-10-30,180.0,0.07560730328862321,0.026496349793451907,0.023662517993773204,0.07382138578099831,2.0754745335257585,segment
2023-05-23,dlog_SOLVPN__dlog_DXY,dlog_SOLVPN,dlog_DXY,PairwiseNet_SOLVPN_to_X,0,2022-12-01,2023-10-30,180.0,0.08181415471783401,-0.0016749252956875483,0.03456773508441752,0.06746054487314748,2.4152314234540886,segment
2023-06-14,dlog_SOLVPN__d_PJM_LMP,dlog_SOLVPN,d_PJM_LMP,SOLVPN_to_X,0,2022-12-01,2023-10-30,180.0,0.0876491439333781,0.03498325364834269,0.026313716753802615,0.08761068715594791,2.001461472652837,segment
2023-06-22,dlog_SOLVPN__dlog_GAS,dlog_SOLVPN,dlog_GAS,PairwiseNet_SOLVPN_to_X,0,2022-12-01,2023-10-30,180.0,0.12235395510165124,0.03414740476997618,0.04309855858975917,0.12034452194949452,2.0466241382057313,segment
2023-07-05,dlog_SOLVPN__d_PJM_LMP,dlog_SOLVPN,d_PJM_LMP,SOLVPN_to_X,0,2022-12-01,2023-10-30,180.0,0.08848614841420492,0.03498325364834269,0.026313716753802615,0.08761068715594791,2.033270148282283,segment
2023-07-05,dlog_SOLVPN__d_UST10Y,dlog_SOLVPN,d_UST10Y,X_to_SOLVPN,0,2022-12-01,2023-10-30,180.0,0.1571842080114716,0.066862004181188,0.04126933764408347,0.14940067946935492,2.1886031854749803,segment
2023-08-23,dlog_SOLVPN__dlog_COPPER,dlog_SOLVPN,dlog_COPPER,X_to_SOLVPN,0,2022-12-01,2023-10-30,180.0,0.15675983006319819,0.07127701860042912,0.04027721242799928,0.15183144345642768,2.1223616608418627,segment
2023-09-21,dlog_SOLVPN__d_VIX,dlog_SOLVPN,d_VIX,X_to_SOLVPN,0,2022-12-01,2023-10-30,180.0,0.2504847255950371,0.13344156785859715,0.03652577371159528,0.2064931152817877,3.204399136363374,segment
2023-09-21,dlog_SOLVPN__dlog_GAS,dlog_SOLVPN,dlog_GAS,SOLVPN_to_X,0,2022-12-01,2023-10-30,180.0,0.14621103015757436,0.060643754563428076,0.0382528083413558,0.13714937124613968,2.2368887227983723,segment
2023-09-27,dlog_SOLVPN__dlog_DXY,dlog_SOLVPN,dlog_DXY,PairwiseNet_SOLVPN_to_X,0,2022-12-01,2023-10-30,180.0,0.0709974163384214,-0.0016749252956875483,0.03456773508441752,0.06746054487314748,2.1023171306027586,segment
2023-09-28,dlog_SOLVPN__dlog_GOLD,dlog_SOLVPN,dlog_GOLD,PairwiseNet_SOLVPN_to_X,0,2022-12-01,2023-10-30,180.0,0.061969435678894846,-0.004515299842595851,0.03180236746126112,0.05908943507992638,2.090559314569163,segment
2023-10-04,dlog_SOLVPN__dlog_GAS,dlog_SOLVPN,dlog_GAS,SOLVPN_to_X,0,2022-12-01,2023-10-30,180.0,0.15443501004532642,0.060643754563428076,0.0382528083413558,0.13714937124613968,2.4518789482051946,segment
2023-10-04,dlog_SOLVPN__dlog_OIL,dlog_SOLVPN,dlog_OIL,X_to_SOLVPN,0,2022-12-01,2023-10-30,180.0,0.11633183082512721,0.04086157209391421,0.03298128218142939,0.106824136456773,2.2882754623077592,segment
2023-10-05,dlog_SOLVPN__d_UST10Y,dlog_SOLVPN,d_UST10Y,X_to_SOLVPN,0,2022-12-01,2023-10-30,180.0,0.1674999640196762,0.066862004181188,0.04126933764408347,0.14940067946935492,2.4385649390938564,segment
2023-10-11,dlog_SOLVPN__dlog_GAS,dlog_SOLVPN,dlog_GAS,PairwiseNet_SOLVPN_to_X,0,2022-12-01,2023-10-30,180.0,0.1479830195739312,0.03414740476997618,0.04309855858975917,0.12034452194949452,2.641285892818791,segment
2023-10-17,dlog_SOLVPN__d_VIX,dlog_SOLVPN,d_VIX,PairwiseNet_SOLVPN_to_X,0,2022-12-01,2023-10-30,180.0,0.06422085314423068,-9.763657431740124e-05,0.02409668712485077,0.04809573767538414,2.6691839166644944,segment
2023-10-19,dlog_SOLVPN__d_VIX,dlog_SOLVPN,d_VIX,SOLVPN_to_X,0,2022-12-01,2023-10-30,180.0,0.26499641428251863,0.13334393128427977,0.04312276049984407,0.21958945228396792,3.052969742016282,segment
2023-10-19,dlog_SOLVPN__dlog_GAS,dlog_SOLVPN,dlog_GAS,PairwiseNet_SOLVPN_to_X,0,2022-12-01,2023-10-30,180.0,0.14421051785495498,0.03414740476997618,0.04309855858975917,0.12034452194949452,2.553753923249103,segment
2023-10-19,dlog_SOLVPN__dlog_GAS,dlog_SOLVPN,dlog_GAS,SOLVPN_to_X,0,2022-12-01,2023-10-30,180.0,0.15888272954011273,0.060643754563428076,0.0382528083413558,0.13714937124613968,2.5681506596857293,segment
2023-10-24,dlog_SOLVPN__d_VIX,dlog_SOLVPN,d_VIX,X_to_SOLVPN,0,2022-12-01,2023-10-30,180.0,0.22591650194595078,0.13344156785859715,0.03652577371159528,0.2064931152817877,2.5317720801078343,segment
2023-10-25,dlog_SOLVPN__d_PJM_LMP,dlog_SOLVPN,d_PJM_LMP,SOLVPN_to_X,0,2022-12-01,2023-10-30,180.0,0.0941997690655786,0.03498325364834269,0.026313716753802615,0.08761068715594791,2.250404835291027,segment
2023-10-25,dlog_SOLVPN__dlog_DXY,dlog_SOLVPN,dlog_DXY,SOLVPN_to_X,0,2022-12-01,2023-10-30,180.0,0.13898515934739553,0.06036682607103415,0.03404614196624017,0.1284591100035145,2.3091701066839985,segment
2023-10-26,dlog_SOLVPN__d_UST10Y,dlog_SOLVPN,d_UST10Y,SOLVPN_to_X,0,2022-12-01,2023-10-30,180.0,0.22643777804296236,0.07842166133209523,0.04538971234307415,0.16920108601824352,3.2610058330420846,segment
2023-10-26,dlog_SOLVPN__d_UST10Y,dlog_SOLVPN,d_UST10Y,X_to_SOLVPN,0,2022-12-01,2023-10-30,180.0,0.19758464982500842,0.066862004181188,0.04126933764408347,0.14940067946935492,3.167548914189111,segment
2023-10-26,dlog_SOLVPN__d_VIX,dlog_SOLVPN,d_VIX,PairwiseNet_SOLVPN_to_X,0,2022-12-01,2023-10-30,180.0,0.050208900556659636,-9.763657431740124e-05,0.02409668712485077,0.04809573767538414,2.087695162008233,segment
2023-10-26,dlog_SOLVPN__dlog_OIL,dlog_SOLVPN,dlog_OIL,SOLVPN_to_X,0,2022-12-01,2023-10-30,180.0,0.16993545053384418,0.05657436002308468,0.047769175474792015,0.1521127109726687,2.3731012600496024,segment
2023-11-01,dlog_SOLVPN__d_VIX,dlog_SOLVPN,d_VIX,X_to_SOLVPN,1,2023-10-31,2024-07-16,140.0,0.21689009336863652,0.1388903713115338,0.030989497518970493,0.2008693663494748,2.516972790841623,segment
2023-11-01,dlog_SOLVPN__dlog_OIL,dlog_SOLVPN,dlog_OIL,X_to_SOLVPN,1,2023-10-31,2024-07-16,140.0,0.08551135984038263,0.030125094888669032,0.02073833762641822,0.07160177014150547,2.6707186443506434,segment
2023-11-06,dlog_SOLVPN__dlog_GAS,dlog_SOLVPN,dlog_GAS,PairwiseNet_SOLVPN_to_X,1,2023-10-31,2024-07-16,140.0,0.15844438623261986,6.520356854986769e-05,0.06401002284477696,0.12808524925810377,2.4742872385491315,segment
2023-11-06,dlog_SOLVPN__dlog_GAS,dlog_SOLVPN,dlog_GAS,SOLVPN_to_X,1,2023-10-31,2024-07-16,140.0,0.17687561364891363,0.04456909955628446,0.025912632747268842,0.09639436505082213,5.1058692253713245,segment
2023-11-09,dlog_SOLVPN__d_VIX,dlog_SOLVPN,d_VIX,X_to_SOLVPN,1,2023-10-31,2024-07-16,140.0,0.22639677879595652,0.1388903713115338,0.030989497518970493,0.2008693663494748,2.823743993617673,segment
2023-11-14,dlog_SOLVPN__dlog_GAS,dlog_SOLVPN,dlog_GAS,SOLVPN_to_X,1,2023-10-31,2024-07-16,140.0,0.10631492610452996,0.04456909955628446,0.025912632747268842,0.09639436505082213,2.3828465116016986,segment
2023-11-14,dlog_SOLVPN__dlog_GOLD,dlog_SOLVPN,dlog_GOLD,X_to_SOLVPN,1,2023-10-31,2024-07-16,140.0,0.11295684257886658,0.048205992230617604,0.025314100211593034,0.09883419265380367,2.5578965796538644,segment
2023-11-14,dlog_SOLVPN__dlog_SILVER,dlog_SOLVPN,dlog_SILVER,X_to_SOLVPN,1,2023-10-31,2024-07-16,140.0,0.13330887485915197,0.05751255999467917,0.030707034317373975,0.11892662862942713,2.4683697579218,segment
2023-11-16,dlog_SOLVPN__d_PJM_LMP,dlog_SOLVPN,d_PJM_LMP,X_to_SOLVPN,1,2023-10-31,2024-07-16,140.0,0.095496104098417,0.023580591710215103,0.019528848067706415,0.06263828784562793,3.682527107531954,segment
2023-11-20,dlog_SOLVPN__dlog_COPPER,dlog_SOLVPN,dlog_COPPER,X_to_SOLVPN,1,2023-10-31,2024-07-16,140.0,0.07936751171873399,0.03742715698449014,0.017215856908628785,0.07185887080174772,2.436146800989201,segment
2023-12-05,dlog_SOLVPN__d_UST10Y,dlog_SOLVPN,d_UST10Y,X_to_SOLVPN,1,2023-10-31,2024-07-16,140.0,0.2147293400958114,0.10828022886275608,0.036128942548339385,0.18053811395943486,2.946366644709564,segment
2023-12-05,dlog_SOLVPN__dlog_SILVER,dlog_SOLVPN,dlog_SILVER,PairwiseNet_SOLVPN_to_X,1,2023-10-31,2024-07-16,140.0,0.09784313487334649,0.012391204505214248,0.041616795468115766,0.09562479544144578,2.0533039463261957,segment
2023-12-07,dlog_SOLVPN__dlog_SILVER,dlog_SOLVPN,dlog_SILVER,SOLVPN_to_X,1,2023-10-31,2024-07-16,140.0,0.1469586890746214,0.06990376449989341,0.032797159368797846,0.1354980832374891,2.3494389775730253,segment
2023-12-21,dlog_SOLVPN__dlog_SILVER,dlog_SOLVPN,dlog_SILVER,SOLVPN_to_X,1,2023-10-31,2024-07-16,140.0,0.13971929385014348,0.06990376449989341,0.032797159368797846,0.1354980832374891,2.128706592091945,segment
2024-01-16,dlog_SOLVPN__dlog_GAS,dlog_SOLVPN,dlog_GAS,X_to_SOLVPN,1,2023-10-31,2024-07-16,140.0,0.4812721722101756,0.04450389598773459,0.059723981826775574,0.16395185964128572,7.313113808942796,segment
2024-01-16,dlog_SOLVPN__dlog_SILVER,dlog_SOLVPN,dlog_SILVER,X_to_SOLVPN,1,2023-10-31,2024-07-16,140.0,0.1917635812728997,0.05751255999467917,0.030707034317373975,0.11892662862942713,4.37199567664734,segment
2024-01-17,dlog_SOLVPN__d_UST10Y,dlog_SOLVPN,d_UST10Y,PairwiseNet_SOLVPN_to_X,1,2023-10-31,2024-07-16,140.0,0.09590916029423047,0.018179993967170783,0.03767938489194254,0.09353876375105585,2.0629096401114952,segment
2024-01-17,dlog_SOLVPN__dlog_DXY,dlog_SOLVPN,dlog_DXY,X_to_SOLVPN,1,2023-10-31,2024-07-16,140.0,0.23682564605529421,0.12620764462775078,0.04445356718704262,0.215114779001836,2.4883942600625875,segment
2024-01-17,dlog_SOLVPN__dlog_GOLD,dlog_SOLVPN,dlog_GOLD,PairwiseNet_SOLVPN_to_X,1,2023-10-31,2024-07-16,140.0,0.11233470225435122,0.0191562869063341,0.03956327768400191,0.09828284227433792,2.355174313216607,segment
2024-01-25,dlog_SOLVPN__dlog_DXY,dlog_SOLVPN,dlog_DXY,X_to_SOLVPN,1,2023-10-31,2024-07-16,140.0,0.2714487083177325,0.12620764462775078,0.04445356718704262,0.215114779001836,3.2672532910321035,segment
2024-02-01,dlog_SOLVPN__dlog_GAS,dlog_SOLVPN,dlog_GAS,X_to_SOLVPN,1,2023-10-31,2024-07-16,140.0,0.18862691547291613,0.04450389598773459,0.059723981826775574,0.16395185964128572,2.413151552808356,segment
2024-02-13,dlog_SOLVPN__dlog_COPPER,dlog_SOLVPN,dlog_COPPER,PairwiseNet_SOLVPN_to_X,1,2023-10-31,2024-07-16,140.0,0.08881183658523674,0.017537446635793867,0.027075957410357603,0.07168936145650907,2.6323866916032914,segment
2024-02-14,dlog_SOLVPN__d_UST10Y,dlog_SOLVPN,d_UST10Y,PairwiseNet_SOLVPN_to_X,1,2023-10-31,2024-07-16,140.0,0.11756505116546012,0.018179993967170783,0.03767938489194254,0.09353876375105585,2.637650733506059,segment
2024-02-14,dlog_SOLVPN__dlog_OIL,dlog_SOLVPN,dlog_OIL,X_to_SOLVPN,1,2023-10-31,2024-07-16,140.0,0.0957125349091407,0.030125094888669032,0.02073833762641822,0.07160177014150547,3.162618007381697,segment
2024-02-15,dlog_SOLVPN__dlog_SILVER,dlog_SOLVPN,dlog_SILVER,X_to_SOLVPN,1,2023-10-31,2024-07-16,140.0,0.12877581998915727,0.05751255999467917,0.030707034317373975,0.11892662862942713,2.3207470724112715,segment
2024-03-04,dlog_SOLVPN__dlog_GOLD,dlog_SOLVPN,dlog_GOLD,PairwiseNet_SOLVPN_to_X,1,2023-10-31,2024-07-16,140.0,0.09961514386215009,0.0191562869063341,0.03956327768400191,0.09828284227433792,2.033675207561251,segment
2024-03-04,dlog_SOLVPN__dlog_GOLD,dlog_SOLVPN,dlog_GOLD,SOLVPN_to_X,1,2023-10-31,2024-07-16,140.0,0.1783849909075604,0.06736227913695171,0.03122321841916417,0.12980871597528004,3.5557741127181575,segment
2024-03-04,dlog_SOLVPN__dlog_SILVER,dlog_SOLVPN,dlog_SILVER,X_to_SOLVPN,1,2023-10-31,2024-07-16,140.0,0.14489443825847903,0.05751255999467917,0.030707034317373975,0.11892662862942713,2.8456632236334,segment
2024-03-14,dlog_SOLVPN__dlog_GOLD,dlog_SOLVPN,dlog_GOLD,PairwiseNet_SOLVPN_to_X,1,2023-10-31,2024-07-16,140.0,0.11469488625157032,0.0191562869063341,0.03956327768400191,0.09828284227433792,2.4148302400098887,segment
2024-03-14,dlog_SOLVPN__dlog_GOLD,dlog_SOLVPN,dlog_GOLD,SOLVPN_to_X,1,2023-10-31,2024-07-16,140.0,0.14449111683659624,0.06736227913695171,0.03122321841916417,0.12980871597528004,2.4702398280730864,segment
2024-03-19,dlog_SOLVPN__d_PJM_LMP,dlog_SOLVPN,d_PJM_LMP,X_to_SOLVPN,1,2023-10-31,2024-07-16,140.0,0.07538233755205323,0.023580591710215103,0.019528848067706415,0.06263828784562793,2.652575598020003,segment
2024-04-08,dlog_SOLVPN__dlog_COPPER,dlog_SOLVPN,dlog_COPPER,X_to_SOLVPN,1,2023-10-31,2024-07-16,140.0,0.09005509050063724,0.03742715698449014,0.017215856908628785,0.07185887080174772,3.0569453379790454,segment
2024-04-11,dlog_SOLVPN__d_VIX,dlog_SOLVPN,d_VIX,PairwiseNet_SOLVPN_to_X,1,2023-10-31,2024-07-16,140.0,0.1293683152150097,0.04174655843345178,0.03413508898940326,0.1100167364122583,2.566911626003342,segment
2024-04-16,dlog_SOLVPN__d_PJM_LMP,dlog_SOLVPN,d_PJM_LMP,X_to_SOLVPN,1,2023-10-31,2024-07-16,140.0,0.09021286823056647,0.023580591710215103,0.019528848067706415,0.06263828784562793,3.4119921609988264,segment
2024-04-17,dlog_SOLVPN__dlog_OIL,dlog_SOLVPN,dlog_OIL,PairwiseNet_SOLVPN_to_X,1,2023-10-31,2024-07-16,140.0,0.12118150799435812,0.037659608993604064,0.037852467020776034,0.11336454303515614,2.2065113736156614,segment
2024-04-30,dlog_SOLVPN__d_PJM_LMP,dlog_SOLVPN,d_PJM_LMP,X_to_SOLVPN,1,2023-10-31,2024-07-16,140.0,0.08244023872536745,0.023580591710215103,0.019528848067706415,0.06263828784562793,3.0139845837852928,segment
2024-04-30,dlog_SOLVPN__d_UST10Y,dlog_SOLVPN,d_UST10Y,PairwiseNet_SOLVPN_to_X,1,2023-10-31,2024-07-16,140.0,0.10925459688769174,0.018179993967170783,0.03767938489194254,0.09353876375105585,2.417093675539183,segment
2024-04-30,dlog_SOLVPN__d_VIX,dlog_SOLVPN,d_VIX,PairwiseNet_SOLVPN_to_X,1,2023-10-31,2024-07-16,140.0,0.125143296436754,0.04174655843345178,0.03413508898940326,0.1100167364122583,2.4431381453023757,segment
2024-04-30,dlog_SOLVPN__dlog_DXY,dlog_SOLVPN,dlog_DXY,PairwiseNet_SOLVPN_to_X,1,2023-10-31,2024-07-16,140.0,0.07559545740286695,-0.004915302485195162,0.03237807669010009,0.059840850895005016,2.486582531095155,segment
2024-04-30,dlog_SOLVPN__dlog_GOLD,dlog_SOLVPN,dlog_GOLD,X_to_SOLVPN,1,2023-10-31,2024-07-16,140.0,0.11837116528705703,0.048205992230617604,0.025314100211593034,0.09883419265380367,2.771782226899223,segment
2024-05-01,dlog_SOLVPN__dlog_OIL,dlog_SOLVPN,dlog_OIL,X_to_SOLVPN,1,2023-10-31,2024-07-16,140.0,0.09492771513933455,0.030125094888669032,0.02073833762641822,0.07160177014150547,3.1247740980026557,segment
2024-05-02,dlog_SOLVPN__d_VIX,dlog_SOLVPN,d_VIX,SOLVPN_to_X,1,2023-10-31,2024-07-16,140.0,0.2792569993621136,0.1806369297449856,0.040579957608056626,0.26179684496109884,2.430265466752195,segment
2024-05-07,dlog_SOLVPN__d_VIX,dlog_SOLVPN,d_VIX,X_to_SOLVPN,1,2023-10-31,2024-07-16,140.0,0.2029501954479728,0.1388903713115338,0.030989497518970493,0.2008693663494748,2.0671462677710153,segment
2024-05-23,dlog_SOLVPN__dlog_OIL,dlog_SOLVPN,dlog_OIL,PairwiseNet_SOLVPN_to_X,1,2023-10-31,2024-07-16,140.0,0.12074868997981467,0.037659608993604064,0.037852467020776034,0.11336454303515614,2.1950770326437534,segment
2024-05-23,dlog_SOLVPN__dlog_OIL,dlog_SOLVPN,dlog_OIL,SOLVPN_to_X,1,2023-10-31,2024-07-16,140.0,0.1713425525576027,0.0677847038822731,0.0416566652974721,0.1510980344772173,2.4859850863197615,segment
2024-06-11,dlog_SOLVPN__dlog_COPPER,dlog_SOLVPN,dlog_COPPER,PairwiseNet_SOLVPN_to_X,1,2023-10-31,2024-07-16,140.0,0.08785355875745982,0.017537446635793867,0.027075957410357603,0.07168936145650907,2.596994486878876,segment
2024-06-11,dlog_SOLVPN__dlog_COPPER,dlog_SOLVPN,dlog_COPPER,SOLVPN_to_X,1,2023-10-31,2024-07-16,140.0,0.11773982032236034,0.054964603620284005,0.022318952289154943,0.0996025081985939,2.8126417355432762,segment
2024-06-18,dlog_SOLVPN__dlog_GAS,dlog_SOLVPN,dlog_GAS,SOLVPN_to_X,1,2023-10-31,2024-07-16,140.0,0.10391429487831598,0.04456909955628446,0.025912632747268842,0.09639436505082213,2.290203234107365,segment
2024-06-27,dlog_SOLVPN__d_PJM_LMP,dlog_SOLVPN,d_PJM_LMP,PairwiseNet_SOLVPN_to_X,1,2023-10-31,2024-07-16,140.0,0.17154548460935332,0.039393668634416845,0.06293250678141557,0.16525868219724799,2.0998975367998827,segment
2024-06-27,dlog_SOLVPN__d_PJM_LMP,dlog_SOLVPN,d_PJM_LMP,SOLVPN_to_X,1,2023-10-31,2024-07-16,140.0,0.18497745856413436,0.06297426034463197,0.05189075387295944,0.16675576809055084,2.3511548611953956,segment
2024-07-08,dlog_SOLVPN__dlog_COPPER,dlog_SOLVPN,dlog_COPPER,X_to_SOLVPN,1,2023-10-31,2024-07-16,140.0,0.07859841198848574,0.03742715698449014,0.017215856908628785,0.07185887080174772,2.3914728858695438,segment
2024-07-10,dlog_SOLVPN__d_PJM_LMP,dlog_SOLVPN,d_PJM_LMP,PairwiseNet_SOLVPN_to_X,1,2023-10-31,2024-07-16,140.0,0.19965138435830543,0.039393668634416845,0.06293250678141557,0.16525868219724799,2.5465013856910885,segment
2024-07-10,dlog_SOLVPN__d_PJM_LMP,dlog_SOLVPN,d_PJM_LMP,SOLVPN_to_X,1,2023-10-31,2024-07-16,140.0,0.2190247223402703,0.06297426034463197,0.05189075387295944,0.16675576809055084,3.0072883962658534,segment
2024-07-11,dlog_SOLVPN__dlog_GOLD,dlog_SOLVPN,dlog_GOLD,X_to_SOLVPN,1,2023-10-31,2024-07-16,140.0,0.09907793697372883,0.048205992230617604,0.025314100211593034,0.09883419265380367,2.0096287965160826,segment
2024-07-25,dlog_SOLVPN__dlog_GOLD,dlog_SOLVPN,dlog_GOLD,PairwiseNet_SOLVPN_to_X,2,2024-07-17,2025-04-15,145.0,0.07785635250320809,0.011690710791271675,0.02712771810026646,0.0659461469918046,2.439041922633607,segment
2024-07-25,dlog_SOLVPN__dlog_OIL,dlog_SOLVPN,dlog_OIL,X_to_SOLVPN,2,2024-07-17,2025-04-15,145.0,0.1291406051303887,0.034650965338352595,0.03687159489227934,0.10839415512291128,2.562667551216277,segment
2024-08-05,dlog_SOLVPN__d_VIX,dlog_SOLVPN,d_VIX,X_to_SOLVPN,2,2024-07-17,2025-04-15,145.0,0.34888605171979664,0.15118057729209672,0.05308253758957235,0.2573456524712414,3.7244917708406167,segment
2024-09-03,dlog_SOLVPN__d_PJM_LMP,dlog_SOLVPN,d_PJM_LMP,PairwiseNet_SOLVPN_to_X,2,2024-07-17,2025-04-15,145.0,0.1143127756487628,0.019672324610858924,0.035078567199959075,0.08982945901077707,2.697956575547199,segment
2024-09-03,dlog_SOLVPN__d_PJM_LMP,dlog_SOLVPN,d_PJM_LMP,SOLVPN_to_X,2,2024-07-17,2025-04-15,145.0,0.15322530824828107,0.061246745023425586,0.03574672607490754,0.13274019717324065,2.5730625801119156,segment
2024-09-30,dlog_SOLVPN__dlog_DXY,dlog_SOLVPN,dlog_DXY,PairwiseNet_SOLVPN_to_X,2,2024-07-17,2025-04-15,145.0,0.11326626477414853,0.025292486310226434,0.037853342033759244,0.10099917037774492,2.324068991991864,segment
2024-11-12,dlog_SOLVPN__d_UST10Y,dlog_SOLVPN,d_UST10Y,PairwiseNet_SOLVPN_to_X,2,2024-07-17,2025-04-15,145.0,0.14479813256689592,0.02355832992401656,0.04404028036628335,0.11163889065658326,2.752929854999264,segment
2024-11-12,dlog_SOLVPN__dlog_COPPER,dlog_SOLVPN,dlog_COPPER,SOLVPN_to_X,2,2024-07-17,2025-04-15,145.0,0.1947460490081969,0.0952153224878034,0.049750414711138044,0.1947161519100795,2.000600941686436,segment
2024-11-12,dlog_SOLVPN__dlog_COPPER,dlog_SOLVPN,dlog_COPPER,X_to_SOLVPN,2,2024-07-17,2025-04-15,145.0,0.2301677270890111,0.10134326955434632,0.04938177582749496,0.20010682120933623,2.6087449342584685,segment
2024-11-12,dlog_SOLVPN__dlog_DXY,dlog_SOLVPN,dlog_DXY,SOLVPN_to_X,2,2024-07-17,2025-04-15,145.0,0.18205212147218475,0.09048771177393679,0.04328509740943784,0.17705790659281245,2.1153795458083766,segment
2024-11-12,dlog_SOLVPN__dlog_GAS,dlog_SOLVPN,dlog_GAS,SOLVPN_to_X,2,2024-07-17,2025-04-15,145.0,0.2021805279467981,0.06588282599722467,0.04395485598952558,0.15379253797627584,3.100856523840122,segment
2024-11-12,dlog_SOLVPN__dlog_GOLD,dlog_SOLVPN,dlog_GOLD,PairwiseNet_SOLVPN_to_X,2,2024-07-17,2025-04-15,145.0,0.08184721703450411,0.011690710791271675,0.02712771810026646,0.0659461469918046,2.5861558271848644,segment
2024-11-12,dlog_SOLVPN__dlog_SILVER,dlog_SOLVPN,dlog_SILVER,PairwiseNet_SOLVPN_to_X,2,2024-07-17,2025-04-15,145.0,0.06932402609880926,-0.00975062542110459,0.03825327934142548,0.06675593326174636,2.067133926326725,segment
2024-11-20,dlog_SOLVPN__dlog_COPPER,dlog_SOLVPN,dlog_COPPER,SOLVPN_to_X,2,2024-07-17,2025-04-15,145.0,0.21066639667474635,0.0952153224878034,0.049750414711138044,0.1947161519100795,2.3206052624340425,segment
2024-12-02,dlog_SOLVPN__dlog_DXY,dlog_SOLVPN,dlog_DXY,X_to_SOLVPN,2,2024-07-17,2025-04-15,145.0,0.16603989224928098,0.06519522546371034,0.034463327594657894,0.13412188065302613,2.926144218331442,segment
2024-12-10,dlog_SOLVPN__dlog_COPPER,dlog_SOLVPN,dlog_COPPER,X_to_SOLVPN,2,2024-07-17,2025-04-15,145.0,0.2016585037447942,0.10134326955434632,0.04938177582749496,0.20010682120933623,2.031422169605209,segment
2024-12-18,dlog_SOLVPN__d_PJM_LMP,dlog_SOLVPN,d_PJM_LMP,PairwiseNet_SOLVPN_to_X,2,2024-07-17,2025-04-15,145.0,0.17135604277355188,0.019672324610858924,0.035078567199959075,0.08982945901077707,4.324113847012255,segment
2024-12-18,dlog_SOLVPN__d_PJM_LMP,dlog_SOLVPN,d_PJM_LMP,SOLVPN_to_X,2,2024-07-17,2025-04-15,145.0,0.18088041215728964,0.061246745023425586,0.03574672607490754,0.13274019717324065,3.346702768896116,segment
2024-12-18,dlog_SOLVPN__d_UST10Y,dlog_SOLVPN,d_UST10Y,PairwiseNet_SOLVPN_to_X,2,2024-07-17,2025-04-15,145.0,0.16828374081884462,0.02355832992401656,0.04404028036628335,0.11163889065658326,3.286205484868527,segment
2024-12-18,dlog_SOLVPN__d_UST10Y,dlog_SOLVPN,d_UST10Y,SOLVPN_to_X,2,2024-07-17,2025-04-15,145.0,0.2443496482974536,0.08245895102823954,0.04952839480583104,0.1815157406399016,3.2686441364369534,segment
2024-12-18,dlog_SOLVPN__d_VIX,dlog_SOLVPN,d_VIX,SOLVPN_to_X,2,2024-07-17,2025-04-15,145.0,0.26722469992892023,0.174958671627809,0.031574148384573904,0.23810696839695683,2.9222016434872202,segment
2024-12-18,dlog_SOLVPN__d_VIX,dlog_SOLVPN,d_VIX,X_to_SOLVPN,2,2024-07-17,2025-04-15,145.0,0.2748097722409105,0.15118057729209672,0.05308253758957235,0.2573456524712414,2.3289993388164585,segment
2024-12-18,dlog_SOLVPN__dlog_GAS,dlog_SOLVPN,dlog_GAS,PairwiseNet_SOLVPN_to_X,2,2024-07-17,2025-04-15,145.0,0.22337228921526348,0.005111095482204801,0.09299340449304734,0.1910979044682995,2.3470610084974033,segment
2024-12-18,dlog_SOLVPN__dlog_GAS,dlog_SOLVPN,dlog_GAS,SOLVPN_to_X,2,2024-07-17,2025-04-15,145.0,0.23317138390756484,0.06588282599722467,0.04395485598952558,0.15379253797627584,3.8059175520949253,segment
2024-12-18,dlog_SOLVPN__dlog_OIL,dlog_SOLVPN,dlog_OIL,PairwiseNet_SOLVPN_to_X,2,2024-07-17,2025-04-15,145.0,0.16673360064770507,0.02895089646450399,0.051276234150981335,0.13150336476646665,2.687067536541471,segment
2024-12-18,dlog_SOLVPN__dlog_OIL,dlog_SOLVPN,dlog_OIL,SOLVPN_to_X,2,2024-07-17,2025-04-15,145.0,0.18719134221260597,0.0636018618028566,0.038069935113648826,0.13974173203015425,3.246380117034665,segment
2024-12-18,dlog_SOLVPN__dlog_SILVER,dlog_SOLVPN,dlog_SILVER,PairwiseNet_SOLVPN_to_X,2,2024-07-17,2025-04-15,145.0,0.14113135074777583,-0.00975062542110459,0.03825327934142548,0.06675593326174636,3.9442886666578247,segment
2024-12-18,dlog_SOLVPN__dlog_SILVER,dlog_SOLVPN,dlog_SILVER,SOLVPN_to_X,2,2024-07-17,2025-04-15,145.0,0.21584303995136597,0.07411140184016471,0.04382576609288728,0.16176293402593928,3.2339797052447565,segment
2025-01-02,dlog_SOLVPN__dlog_DXY,dlog_SOLVPN,dlog_DXY,X_to_SOLVPN,2,2024-07-17,2025-04-15,145.0,0.1367527455391799,0.06519522546371034,0.034463327594657894,0.13412188065302613,2.076338098198085,segment
2025-01-06,dlog_SOLVPN__d_VIX,dlog_SOLVPN,d_VIX,SOLVPN_to_X,2,2024-07-17,2025-04-15,145.0,0.24888753701539384,0.174958671627809,0.031574148384573904,0.23810696839695683,2.3414365602875313,segment
2025-01-16,dlog_SOLVPN__dlog_OIL,dlog_SOLVPN,dlog_OIL,X_to_SOLVPN,2,2024-07-17,2025-04-15,145.0,0.2278284377006901,0.034650965338352595,0.03687159489227934,0.10839415512291128,5.239194912145977,segment
2025-01-21,dlog_SOLVPN__d_UST10Y,dlog_SOLVPN,d_UST10Y,SOLVPN_to_X,2,2024-07-17,2025-04-15,145.0,0.23055575223254465,0.08245895102823954,0.04952839480583104,0.1815157406399016,2.990139328861704,segment
2025-01-21,dlog_SOLVPN__dlog_DXY,dlog_SOLVPN,dlog_DXY,SOLVPN_to_X,2,2024-07-17,2025-04-15,145.0,0.18693647788118534,0.09048771177393679,0.04328509740943784,0.17705790659281245,2.228221070982711,segment
2025-01-21,dlog_SOLVPN__dlog_DXY,dlog_SOLVPN,dlog_DXY,X_to_SOLVPN,2,2024-07-17,2025-04-15,145.0,0.13418614486028096,0.06519522546371034,0.034463327594657894,0.13412188065302613,2.001864712775582,segment
2025-01-21,dlog_SOLVPN__dlog_GAS,dlog_SOLVPN,dlog_GAS,SOLVPN_to_X,2,2024-07-17,2025-04-15,145.0,0.2209442816280868,0.06588282599722467,0.04395485598952558,0.15379253797627584,3.5277434572374253,segment
2025-01-22,dlog_SOLVPN__d_UST10Y,dlog_SOLVPN,d_UST10Y,X_to_SOLVPN,2,2024-07-17,2025-04-15,145.0,0.1419829529567565,0.058900621104222985,0.027575351547369897,0.11405132419896277,3.0129201330330027,segment
2025-01-27,dlog_SOLVPN__d_PJM_LMP,dlog_SOLVPN,d_PJM_LMP,SOLVPN_to_X,2,2024-07-17,2025-04-15,145.0,0.21184539586637943,0.061246745023425586,0.03574672607490754,0.13274019717324065,4.2129354875009595,segment
2025-01-27,dlog_SOLVPN__d_UST10Y,dlog_SOLVPN,d_UST10Y,PairwiseNet_SOLVPN_to_X,2,2024-07-17,2025-04-15,145.0,0.13940295492103888,0.02355832992401656,0.04404028036628335,0.11163889065658326,2.630424330488854,segment
2025-01-27,dlog_SOLVPN__dlog_OIL,dlog_SOLVPN,dlog_OIL,SOLVPN_to_X,2,2024-07-17,2025-04-15,145.0,0.14864193333030928,0.0636018618028566,0.038069935113648826,0.13974173203015425,2.2337855652652303,segment
2025-01-28,dlog_SOLVPN__d_PJM_LMP,dlog_SOLVPN,d_PJM_LMP,X_to_SOLVPN,2,2024-07-17,2025-04-15,145.0,0.13968350363148593,0.04157442041256667,0.03419304476173109,0.10996050993602885,2.8692701659819164,segment
2025-02-18,dlog_SOLVPN__dlog_GAS,dlog_SOLVPN,dlog_GAS,X_to_SOLVPN,2,2024-07-17,2025-04-15,145.0,0.2294227887927943,0.060771730515019856,0.07124564932255484,0.20326302916012953,2.3671769417698765,segment
2025-02-24,dlog_SOLVPN__d_PJM_LMP,dlog_SOLVPN,d_PJM_LMP,X_to_SOLVPN,2,2024-07-17,2025-04-15,145.0,0.15104973910604583,0.04157442041256667,0.03419304476173109,0.10996050993602885,3.2016838353045447,segment
2025-02-26,dlog_SOLVPN__dlog_GAS,dlog_SOLVPN,dlog_GAS,X_to_SOLVPN,2,2024-07-17,2025-04-15,145.0,0.2895907538020329,0.060771730515019856,0.07124564932255484,0.20326302916012953,3.211691176412282,segment
2025-03-04,dlog_SOLVPN__dlog_DXY,dlog_SOLVPN,dlog_DXY,PairwiseNet_SOLVPN_to_X,2,2024-07-17,2025-04-15,145.0,0.1297078807333918,0.025292486310226434,0.037853342033759244,0.10099917037774492,2.75841943704847,segment
2025-03-13,dlog_SOLVPN__dlog_GAS,dlog_SOLVPN,dlog_GAS,X_to_SOLVPN,2,2024-07-17,2025-04-15,145.0,0.21958617199334285,0.060771730515019856,0.07124564932255484,0.20326302916012953,2.2291107315102505,segment
2025-04-07,dlog_SOLVPN__d_PJM_LMP,dlog_SOLVPN,d_PJM_LMP,SOLVPN_to_X,2,2024-07-17,2025-04-15,145.0,0.14615798579305872,0.061246745023425586,0.03574672607490754,0.13274019717324065,2.375357133173566,segment
2025-04-09,dlog_SOLVPN__d_PJM_LMP,dlog_SOLVPN,d_PJM_LMP,PairwiseNet_SOLVPN_to_X,2,2024-07-17,2025-04-15,145.0,0.10671285964742569,0.019672324610858924,0.035078567199959075,0.08982945901077707,2.481302458575569,segment
2025-04-09,dlog_SOLVPN__d_UST10Y,dlog_SOLVPN,d_UST10Y,PairwiseNet_SOLVPN_to_X,2,2024-07-17,2025-04-15,145.0,0.18634456167327812,0.02355832992401656,0.04404028036628335,0.11163889065658326,3.6963032568223273,segment
2025-04-09,dlog_SOLVPN__d_UST10Y,dlog_SOLVPN,d_UST10Y,SOLVPN_to_X,2,2024-07-17,2025-04-15,145.0,0.1948579005624158,0.08245895102823954,0.04952839480583104,0.1815157406399016,2.269384056859105,segment
2025-04-09,dlog_SOLVPN__d_VIX,dlog_SOLVPN,d_VIX,X_to_SOLVPN,2,2024-07-17,2025-04-15,145.0,0.344420357889747,0.15118057729209672,0.05308253758957235,0.2573456524712414,3.640364409323392,segment
2025-04-09,dlog_SOLVPN__dlog_GOLD,dlog_SOLVPN,dlog_GOLD,PairwiseNet_SOLVPN_to_X,2,2024-07-17,2025-04-15,145.0,0.06700997162175493,0.011690710791271675,0.02712771810026646,0.0659461469918046,2.0392154115586996,segment
2025-04-09,dlog_SOLVPN__dlog_OIL,dlog_SOLVPN,dlog_OIL,SOLVPN_to_X,2,2024-07-17,2025-04-15,145.0,0.18665692369587492,0.0636018618028566,0.038069935113648826,0.13974173203015425,3.2323423070111996,segment
2025-04-22,dlog_SOLVPN__dlog_DXY,dlog_SOLVPN,dlog_DXY,PairwiseNet_SOLVPN_to_X,3,2025-04-16,2026-01-06,141.0,0.1082936420634982,0.0170469797592097,0.0390961828248719,0.0952393454089535,2.3339020771674908,segment
2025-04-22,dlog_SOLVPN__dlog_DXY,dlog_SOLVPN,dlog_DXY,SOLVPN_to_X,3,2025-04-16,2026-01-06,141.0,0.13422720527095622,0.04808630133424846,0.03191071340681416,0.11190772814787678,2.6994352284933054,segment
2025-04-24,dlog_SOLVPN__dlog_GAS,dlog_SOLVPN,dlog_GAS,X_to_SOLVPN,3,2025-04-16,2026-01-06,141.0,0.07506403541409004,0.024583900407284386,0.02271528050488514,0.07001446141705467,2.222298553431881,segment
2025-04-29,dlog_SOLVPN__d_UST10Y,dlog_SOLVPN,d_UST10Y,PairwiseNet_SOLVPN_to_X,3,2025-04-16,2026-01-06,141.0,0.12180389737868803,0.027911230753173085,0.04590309190168061,0.11971741455653431,2.045454080231082,segment
2025-04-30,dlog_SOLVPN__dlog_OIL,dlog_SOLVPN,dlog_OIL,SOLVPN_to_X,3,2025-04-16,2026-01-06,141.0,0.22537447352713658,0.10298968521679407,0.0599552728703528,0.22290023095749967,2.04126813958444,segment
2025-05-06,dlog_SOLVPN__dlog_GOLD,dlog_SOLVPN,dlog_GOLD,PairwiseNet_SOLVPN_to_X,3,2025-04-16,2026-01-06,141.0,0.10605851283623138,0.0021118128593949855,0.04911852113889458,0.10034885513718415,2.1162424593953424,segment
2025-05-12,dlog_SOLVPN__dlog_OIL,dlog_SOLVPN,dlog_OIL,PairwiseNet_SOLVPN_to_X,3,2025-04-16,2026-01-06,141.0,0.20070662257667216,0.028364434910047365,0.08420573720845799,0.19677590932696334,2.0466798745550796,segment
2025-05-12,dlog_SOLVPN__dlog_OIL,dlog_SOLVPN,dlog_OIL,SOLVPN_to_X,3,2025-04-16,2026-01-06,141.0,0.22620718070933374,0.10298968521679407,0.0599552728703528,0.22290023095749967,2.055156946061859,segment
2025-05-19,dlog_SOLVPN__d_UST10Y,dlog_SOLVPN,d_UST10Y,PairwiseNet_SOLVPN_to_X,3,2025-04-16,2026-01-06,141.0,0.1476104740460183,0.027911230753173085,0.04590309190168061,0.11971741455653431,2.6076509954760314,segment
2025-05-20,dlog_SOLVPN__d_UST10Y,dlog_SOLVPN,d_UST10Y,SOLVPN_to_X,3,2025-04-16,2026-01-06,141.0,0.16425668163791035,0.06205315799141325,0.04322249755027646,0.14849815309196618,2.364590882968154,segment
2025-05-20,dlog_SOLVPN__dlog_OIL,dlog_SOLVPN,dlog_OIL,PairwiseNet_SOLVPN_to_X,3,2025-04-16,2026-01-06,141.0,0.2449718012710599,0.028364434910047365,0.08420573720845799,0.19677590932696334,2.5723587672510226,segment
2025-05-20,dlog_SOLVPN__dlog_OIL,dlog_SOLVPN,dlog_OIL,SOLVPN_to_X,3,2025-04-16,2026-01-06,141.0,0.2653739676995465,0.10298968521679407,0.0599552728703528,0.22290023095749967,2.7084237083515905,segment
2025-05-22,dlog_SOLVPN__dlog_SILVER,dlog_SOLVPN,dlog_SILVER,SOLVPN_to_X,3,2025-04-16,2026-01-06,141.0,0.16122692949400244,0.07024933321767879,0.03851486937402802,0.1472790719657348,2.362142148083544,segment
2025-05-27,dlog_SOLVPN__dlog_DXY,dlog_SOLVPN,dlog_DXY,SOLVPN_to_X,3,2025-04-16,2026-01-06,141.0,0.1654458963110277,0.04808630133424846,0.03191071340681416,0.11190772814787678,3.6777490205442565,segment
2025-05-28,dlog_SOLVPN__dlog_DXY,dlog_SOLVPN,dlog_DXY,PairwiseNet_SOLVPN_to_X,3,2025-04-16,2026-01-06,141.0,0.15170830753268358,0.0170469797592097,0.0390961828248719,0.0952393454089535,3.444359987180286,segment
2025-06-18,dlog_SOLVPN__dlog_GAS,dlog_SOLVPN,dlog_GAS,PairwiseNet_SOLVPN_to_X,3,2025-04-16,2026-01-06,141.0,0.09892354265828274,0.021211616149507454,0.035795193082487346,0.09280200231448214,2.171015709558933,segment
2025-06-18,dlog_SOLVPN__dlog_GAS,dlog_SOLVPN,dlog_GAS,SOLVPN_to_X,3,2025-04-16,2026-01-06,141.0,0.11544340243174228,0.045795516556791836,0.02825162539859905,0.10229876735398993,2.465270047025477,segment
2025-06-24,dlog_SOLVPN__d_PJM_LMP,dlog_SOLVPN,d_PJM_LMP,X_to_SOLVPN,3,2025-04-16,2026-01-06,141.0,0.1429505825990702,0.05848182764977202,0.030853494010539953,0.12018881567085193,2.737737091314279,segment
2025-06-24,dlog_SOLVPN__d_VIX,dlog_SOLVPN,d_VIX,PairwiseNet_SOLVPN_to_X,3,2025-04-16,2026-01-06,141.0,0.11998174636458875,0.023630174202229483,0.03653321973623239,0.09669661367469427,2.6373687525493703,segment
2025-06-24,dlog_SOLVPN__d_VIX,dlog_SOLVPN,d_VIX,SOLVPN_to_X,3,2025-04-16,2026-01-06,141.0,0.3058234677246448,0.2022955209974402,0.049193028395017116,0.3006815777874744,2.104524769157965,segment
2025-06-25,dlog_SOLVPN__d_PJM_LMP,dlog_SOLVPN,d_PJM_LMP,SOLVPN_to_X,3,2025-04-16,2026-01-06,141.0,0.1898548463612439,0.07402708483240847,0.036679090318793975,0.14738526546999642,3.1578689799045128,segment
2025-07-03,dlog_SOLVPN__d_PJM_LMP,dlog_SOLVPN,d_PJM_LMP,SOLVPN_to_X,3,2025-04-16,2026-01-06,141.0,0.17074111926975288,0.07402708483240847,0.036679090318793975,0.14738526546999642,2.636762078796408,segment
2025-07-08,dlog_SOLVPN__d_PJM_LMP,dlog_SOLVPN,d_PJM_LMP,PairwiseNet_SOLVPN_to_X,3,2025-04-16,2026-01-06,141.0,0.11458891109723263,0.01554525718263644,0.03677130561817986,0.08908786841899616,2.693503868016823,segment
2025-07-08,dlog_SOLVPN__d_VIX,dlog_SOLVPN,d_VIX,PairwiseNet_SOLVPN_to_X,3,2025-04-16,2026-01-06,141.0,0.10136528094467442,0.023630174202229483,0.03653321973623239,0.09669661367469427,2.127792384675855,segment
2025-07-08,dlog_SOLVPN__dlog_COPPER,dlog_SOLVPN,dlog_COPPER,X_to_SOLVPN,3,2025-04-16,2026-01-06,141.0,0.1940927302961511,0.05708863233675667,0.0399255592096044,0.13693975075596548,3.4314885169206852,segment
2025-07-08,dlog_SOLVPN__dlog_DXY,dlog_SOLVPN,dlog_DXY,X_to_SOLVPN,3,2025-04-16,2026-01-06,141.0,0.0957312150972095,0.031039321575038768,0.02122677486736599,0.07349287130977075,3.047655328065308,segment
2025-07-09,dlog_SOLVPN__dlog_COPPER,dlog_SOLVPN,dlog_COPPER,PairwiseNet_SOLVPN_to_X,3,2025-04-16,2026-01-06,141.0,0.20359828364032115,0.013736961675101921,0.07598346377468704,0.165703889224476,2.498718965066044,segment
2025-07-09,dlog_SOLVPN__dlog_COPPER,dlog_SOLVPN,dlog_COPPER,SOLVPN_to_X,3,2025-04-16,2026-01-06,141.0,0.21868606426251555,0.0708255940118586,0.0560366767935885,0.1828989475990356,2.6386373837853028,segment
2025-07-15,dlog_SOLVPN__dlog_GOLD,dlog_SOLVPN,dlog_GOLD,X_to_SOLVPN,3,2025-04-16,2026-01-06,141.0,0.16389004724402492,0.04961334389115344,0.036005814423742066,0.12162497273863757,3.1738402583533274,segment
2025-07-21,dlog_SOLVPN__dlog_DXY,dlog_SOLVPN,dlog_DXY,X_to_SOLVPN,3,2025-04-16,2026-01-06,141.0,0.0822160261871315,0.031039321575038768,0.02122677486736599,0.07349287130977075,2.410950553339675,segment
2025-07-22,dlog_SOLVPN__dlog_COPPER,dlog_SOLVPN,dlog_COPPER,PairwiseNet_SOLVPN_to_X,3,2025-04-16,2026-01-06,141.0,0.24484864149965052,0.013736961675101921,0.07598346377468704,0.165703889224476,3.0416049538076027,segment
2025-07-22,dlog_SOLVPN__dlog_COPPER,dlog_SOLVPN,dlog_COPPER,SOLVPN_to_X,3,2025-04-16,2026-01-06,141.0,0.2570125181662894,0.0708255940118586,0.0560366767935885,0.1828989475990356,3.322590396290837,segment
2025-07-24,dlog_SOLVPN__d_PJM_LMP,dlog_SOLVPN,d_PJM_LMP,X_to_SOLVPN,3,2025-04-16,2026-01-06,141.0,0.14790114825380044,0.05848182764977202,0.030853494010539953,0.12018881567085193,2.898191063011587,segment
2025-07-30,dlog_SOLVPN__dlog_COPPER,dlog_SOLVPN,dlog_COPPER,PairwiseNet_SOLVPN_to_X,3,2025-04-16,2026-01-06,141.0,0.19996213643414626,0.013736961675101921,0.07598346377468704,0.165703889224476,2.4508645106158347,segment
2025-07-30,dlog_SOLVPN__dlog_COPPER,dlog_SOLVPN,dlog_COPPER,SOLVPN_to_X,3,2025-04-16,2026-01-06,141.0,0.2276272852431681,0.0708255940118586,0.0560366767935885,0.1828989475990356,2.7981975413868607,segment
2025-07-31,dlog_SOLVPN__dlog_DXY,dlog_SOLVPN,dlog_DXY,X_to_SOLVPN,3,2025-04-16,2026-01-06,141.0,0.0775260757926819,0.031039321575038768,0.02122677486736599,0.07349287130977075,2.1900055240662963,segment
2025-08-06,dlog_SOLVPN__dlog_GAS,dlog_SOLVPN,dlog_GAS,PairwiseNet_SOLVPN_to_X,3,2025-04-16,2026-01-06,141.0,0.1150159665977051,0.021211616149507454,0.035795193082487346,0.09280200231448214,2.6205851224781087,segment
2025-08-06,dlog_SOLVPN__dlog_GAS,dlog_SOLVPN,dlog_GAS,SOLVPN_to_X,3,2025-04-16,2026-01-06,141.0,0.12415635533208269,0.045795516556791836,0.02825162539859905,0.10229876735398993,2.773675414058712,segment
2025-09-10,dlog_SOLVPN__dlog_GAS,dlog_SOLVPN,dlog_GAS,SOLVPN_to_X,3,2025-04-16,2026-01-06,141.0,0.11899110060103722,0.045795516556791836,0.02825162539859905,0.10229876735398993,2.59084505799355,segment
2025-09-11,dlog_SOLVPN__dlog_GAS,dlog_SOLVPN,dlog_GAS,PairwiseNet_SOLVPN_to_X,3,2025-04-16,2026-01-06,141.0,0.11171408628573523,0.021211616149507454,0.035795193082487346,0.09280200231448214,2.5283414431561133,segment
2025-09-22,dlog_SOLVPN__dlog_COPPER,dlog_SOLVPN,dlog_COPPER,X_to_SOLVPN,3,2025-04-16,2026-01-06,141.0,0.1787530085747749,0.05708863233675667,0.0399255592096044,0.13693975075596548,3.047280455091307,segment
2025-09-29,dlog_SOLVPN__dlog_DXY,dlog_SOLVPN,dlog_DXY,X_to_SOLVPN,3,2025-04-16,2026-01-06,141.0,0.081121950525191,0.031039321575038768,0.02122677486736599,0.07349287130977075,2.3594083068713934,segment
2025-10-02,dlog_SOLVPN__dlog_OIL,dlog_SOLVPN,dlog_OIL,X_to_SOLVPN,3,2025-04-16,2026-01-06,141.0,0.250996421752766,0.0746252503067467,0.04610937128968186,0.1668439928861104,3.825061294763019,segment
2025-10-08,dlog_SOLVPN__d_PJM_LMP,dlog_SOLVPN,d_PJM_LMP,X_to_SOLVPN,3,2025-04-16,2026-01-06,141.0,0.12128873027131697,0.05848182764977202,0.030853494010539953,0.12018881567085193,2.035649596123191,segment
2025-10-15,dlog_SOLVPN__dlog_COPPER,dlog_SOLVPN,dlog_COPPER,X_to_SOLVPN,3,2025-04-16,2026-01-06,141.0,0.22347015089381955,0.05708863233675667,0.0399255592096044,0.13693975075596548,4.167293379250616,segment
2025-10-16,dlog_SOLVPN__d_UST10Y,dlog_SOLVPN,d_UST10Y,SOLVPN_to_X,3,2025-04-16,2026-01-06,141.0,0.16665307067787646,0.06205315799141325,0.04322249755027646,0.14849815309196618,2.4200339780178703,segment
2025-10-16,dlog_SOLVPN__dlog_SILVER,dlog_SOLVPN,dlog_SILVER,SOLVPN_to_X,3,2025-04-16,2026-01-06,141.0,0.157609517283014,0.07024933321767879,0.03851486937402802,0.1472790719657348,2.2682196638642993,segment
2025-10-16,dlog_SOLVPN__dlog_SILVER,dlog_SOLVPN,dlog_SILVER,X_to_SOLVPN,3,2025-04-16,2026-01-06,141.0,0.19633687331194882,0.07355396464351158,0.043692334032799186,0.16093863270910996,2.810170511290744,segment
2025-10-20,dlog_SOLVPN__d_VIX,dlog_SOLVPN,d_VIX,PairwiseNet_SOLVPN_to_X,3,2025-04-16,2026-01-06,141.0,0.11277508752847303,0.023630174202229483,0.03653321973623239,0.09669661367469427,2.4401055797946185,segment
2025-10-20,dlog_SOLVPN__dlog_GOLD,dlog_SOLVPN,dlog_GOLD,PairwiseNet_SOLVPN_to_X,3,2025-04-16,2026-01-06,141.0,0.11071350220794514,0.0021118128593949855,0.04911852113889458,0.10034885513718415,2.2110130115980575,segment
2025-10-20,dlog_SOLVPN__dlog_GOLD,dlog_SOLVPN,dlog_GOLD,SOLVPN_to_X,3,2025-04-16,2026-01-06,141.0,0.1374264733920205,0.05172515675054841,0.034792560919198925,0.12131027858894626,2.46320806451994,segment
2025-10-23,dlog_SOLVPN__d_UST10Y,dlog_SOLVPN,d_UST10Y,X_to_SOLVPN,3,2025-04-16,2026-01-06,141.0,0.13194717310496762,0.034141927238240145,0.029771174933774194,0.09368427710578853,3.2852329840624255,segment
2025-11-04,dlog_SOLVPN__dlog_SILVER,dlog_SOLVPN,dlog_SILVER,X_to_SOLVPN,3,2025-04-16,2026-01-06,141.0,0.1673630414228158,0.07355396464351158,0.043692334032799186,0.16093863270910996,2.1470374347335883,segment
2025-11-10,dlog_SOLVPN__d_UST10Y,dlog_SOLVPN,d_UST10Y,SOLVPN_to_X,3,2025-04-16,2026-01-06,141.0,0.19510229406598145,0.06205315799141325,0.04322249755027646,0.14849815309196618,3.078238038415186,segment
2025-11-10,dlog_SOLVPN__dlog_GOLD,dlog_SOLVPN,dlog_GOLD,SOLVPN_to_X,3,2025-04-16,2026-01-06,141.0,0.12305275038224749,0.05172515675054841,0.034792560919198925,0.12131027858894626,2.050081734349704,segment
2025-11-12,dlog_SOLVPN__d_UST10Y,dlog_SOLVPN,d_UST10Y,X_to_SOLVPN,3,2025-04-16,2026-01-06,141.0,0.1026301501170156,0.034141927238240145,0.029771174933774194,0.09368427710578853,2.3004877379252617,segment
2025-11-13,dlog_SOLVPN__d_UST10Y,dlog_SOLVPN,d_UST10Y,PairwiseNet_SOLVPN_to_X,3,2025-04-16,2026-01-06,141.0,0.1400662532722679,0.027911230753173085,0.04590309190168061,0.11971741455653431,2.443299958079481,segment
2025-11-17,dlog_SOLVPN__dlog_GOLD,dlog_SOLVPN,dlog_GOLD,X_to_SOLVPN,3,2025-04-16,2026-01-06,141.0,0.16083192140874938,0.04961334389115344,0.036005814423742066,0.12162497273863757,3.0889060363611422,segment
2025-12-04,dlog_SOLVPN__dlog_DXY,dlog_SOLVPN,dlog_DXY,X_to_SOLVPN,3,2025-04-16,2026-01-06,141.0,0.08635575781402026,0.031039321575038768,0.02122677486736599,0.07349287130977075,2.6059746044616934,segment
2025-12-08,dlog_SOLVPN__dlog_GOLD,dlog_SOLVPN,dlog_GOLD,SOLVPN_to_X,3,2025-04-16,2026-01-06,141.0,0.13354670100314656,0.05172515675054841,0.034792560919198925,0.12131027858894626,2.351696514741118,segment
2025-12-22,dlog_SOLVPN__d_PJM_LMP,dlog_SOLVPN,d_PJM_LMP,PairwiseNet_SOLVPN_to_X,3,2025-04-16,2026-01-06,141.0,0.12212511541996592,0.01554525718263644,0.03677130561817986,0.08908786841899616,2.8984518348088253,segment
2025-12-22,dlog_SOLVPN__d_PJM_LMP,dlog_SOLVPN,d_PJM_LMP,SOLVPN_to_X,3,2025-04-16,2026-01-06,141.0,0.1556043553148749,0.07402708483240847,0.036679090318793975,0.14738526546999642,2.2240810710800836,segment
2025-12-29,dlog_SOLVPN__dlog_COPPER,dlog_SOLVPN,dlog_COPPER,X_to_SOLVPN,3,2025-04-16,2026-01-06,141.0,0.19410740010819563,0.05708863233675667,0.0399255592096044,0.13693975075596548,3.4318559460146028,segment
2025-12-29,dlog_SOLVPN__dlog_GAS,dlog_SOLVPN,dlog_GAS,X_to_SOLVPN,3,2025-04-16,2026-01-06,141.0,0.14367826752500332,0.024583900407284386,0.02271528050488514,0.07001446141705467,5.242918620005883,segment
2025-12-29,dlog_SOLVPN__dlog_GOLD,dlog_SOLVPN,dlog_GOLD,X_to_SOLVPN,3,2025-04-16,2026-01-06,141.0,0.1545565254225787,0.04961334389115344,0.036005814423742066,0.12162497273863757,2.914617630818711,segment
