break_idx,break_date,F_stat
198,2021-07-27,2.003033912411383
199,2021-07-28,1.978621667477587
200,2021-07-29,1.9274461195489587
201,2021-07-30,1.8708312631095245
202,2021-08-02,1.8908007922457302
203,2021-08-03,1.890905247650969
204,2021-08-04,1.8932650038557541
205,2021-08-05,1.9168592429728555
206,2021-08-06,1.9089645714176773
207,2021-08-09,1.9005568971896512
208,2021-08-10,1.8701216919636114
209,2021-08-11,1.9611109806400728
210,2021-08-12,1.9606279234418247
211,2021-08-13,1.9581565445733913
212,2021-08-16,1.9620313125653657
213,2021-08-17,1.9655530781468356
214,2021-08-18,2.0372569233653026
215,2021-08-19,1.9694920653769095
216,2021-08-20,2.069567019595003
217,2021-08-23,2.097592746201182
218,2021-08-24,2.1811007729189043
219,2021-08-25,2.2220565060515227
220,2021-08-26,2.2017270311189794
221,2021-08-27,2.196317268882265
222,2021-08-30,2.2355261661606147
223,2021-08-31,2.188829413227294
224,2021-09-01,2.184812196323301
225,2021-09-02,2.23620430977751
226,2021-09-03,2.2407570040296836
227,2021-09-07,2.245194706928722
228,2021-09-08,2.247812588181678
229,2021-09-09,2.2680533661443705
230,2021-09-10,2.3693269930208083
231,2021-09-13,2.629158352464224
232,2021-09-14,2.6283223136140585
233,2021-09-15,2.6345962875318443
234,2021-09-16,2.692238046459946
235,2021-09-17,2.7569042864168907
236,2021-09-20,2.7593352717521373
237,2021-09-21,2.731237044431024
238,2021-09-22,2.727682394468772
239,2021-09-23,2.5009270524708693
240,2021-09-24,2.0282066082808345
241,2021-09-27,2.0803726611148963
242,2021-09-28,2.1025529313551603
243,2021-09-29,2.103613532836865
244,2021-09-30,2.1239577178977362
245,2021-10-01,2.040452931189612
246,2021-10-04,2.102269754728428
247,2021-10-05,2.167499583958311
248,2021-10-06,2.099717781603801
249,2021-10-07,2.1372991862484856
250,2021-10-08,2.2042087645821145
251,2021-10-11,2.229226081176773
252,2021-10-12,2.2378164800468134
253,2021-10-13,2.2641359408697004
254,2021-10-14,2.4433899188464774
255,2021-10-15,2.420347749891651
256,2021-10-18,2.5078216372261024
257,2021-10-19,2.4983944572652397
258,2021-10-20,2.4432398161784348
259,2021-10-21,2.4439274806584366
260,2021-10-22,2.5589354407542664
261,2021-10-25,2.581477937606895
262,2021-10-26,2.5695990463888863
263,2021-10-27,2.5886818487534375
264,2021-10-28,2.5458756402980294
265,2021-10-29,2.5284430622542637
266,2021-11-01,2.5470343930909425
267,2021-11-02,2.546613307534181
268,2021-11-03,2.5571332948670293
269,2021-11-04,2.409214819511944
270,2021-11-05,2.320508115125885
271,2021-11-08,2.3207136750476534
272,2021-11-09,2.3484282675402155
273,2021-11-10,2.3576600020046694
274,2021-11-11,2.3580213823011293
275,2021-11-12,2.2998749222966106
276,2021-11-15,2.3001394692168926
277,2021-11-16,2.324972953086159
278,2021-11-17,2.34888090925022
279,2021-11-18,2.377716883239804
280,2021-11-19,2.400099086776184
281,2021-11-22,2.1783423891072227
282,2021-11-23,2.1828055696604887
283,2021-11-24,2.1936278821522897
284,2021-11-25,2.089752802160068
285,2021-11-26,2.090937559426031
286,2021-11-29,2.1331995752788115
287,2021-11-30,2.143070763035547
288,2021-12-01,2.136116591096259
289,2021-12-02,2.1371613347049503
290,2021-12-03,2.1673319838837224
291,2021-12-06,2.1721491585445123
292,2021-12-07,2.278022790231974
293,2021-12-08,2.2301488520596306
294,2021-12-09,2.215730383546271
295,2021-12-10,2.2262770429669785
296,2021-12-13,2.114848302037985
297,2021-12-14,2.0423678841780037
298,2021-12-15,2.0374807885567714
299,2021-12-16,1.9598199995124883
300,2021-12-17,1.9879072715247523
301,2021-12-20,1.9417316640594438
302,2021-12-21,1.94163304075033
303,2021-12-22,1.967053439888795
304,2021-12-23,1.9663498267991222
305,2021-12-27,1.9412274018187488
306,2021-12-28,1.854176581472631
307,2021-12-29,1.8512371861083061
308,2021-12-30,1.731860471962283
309,2021-12-31,1.7373299875842292
310,2022-01-03,1.782503228589174
311,2022-01-04,1.745746678328622
312,2022-01-05,1.8504084641399292
313,2022-01-06,1.709020739113295
314,2022-01-07,1.676153822618087
315,2022-01-10,1.6766767431254446
316,2022-01-11,1.680107413155003
317,2022-01-12,1.7507846181490925
318,2022-01-13,1.9300827168501065
319,2022-01-14,1.929080480286934
320,2022-01-18,1.7899634045983217
321,2022-01-19,1.7829754789921535
322,2022-01-20,1.8692180780310141
323,2022-01-21,1.8043719217007999
324,2022-01-24,1.7877290222505295
325,2022-01-25,1.8511695825316656
326,2022-01-26,1.8966174553291821
327,2022-01-27,1.982259114393387
328,2022-01-28,1.9834991308469314
329,2022-01-31,2.19890490796968
330,2022-02-01,2.1691618333975007
331,2022-02-02,2.2801129665049964
332,2022-02-03,2.3160383062536285
333,2022-02-04,2.144688302446804
334,2022-02-07,2.146837826394933
335,2022-02-08,2.116159150323421
336,2022-02-09,2.1132005597578347
337,2022-02-10,1.9547991643608038
338,2022-02-11,2.0792200683734197
339,2022-02-14,2.1466080757647146
340,2022-02-15,2.155443589482262
341,2022-02-16,2.1228153548057693
342,2022-02-17,2.0837353457902217
343,2022-02-18,2.061186216013979
344,2022-02-22,2.060659235620548
345,2022-02-23,2.0539217457570396
346,2022-02-24,2.0396356186951836
347,2022-02-25,1.9508836726122403
348,2022-02-28,1.934668578654882
349,2022-03-01,1.9190172443960727
350,2022-03-02,1.4119866722090888
351,2022-03-03,1.430728849272383
352,2022-03-04,1.3616189734643307
353,2022-03-07,1.1460712265414135
354,2022-03-08,1.02877465990672
355,2022-03-09,0.9509889965643801
356,2022-03-10,0.9369052931024134
357,2022-03-11,1.0268443562008436
358,2022-03-14,1.0492602577933279
359,2022-03-15,0.92436364669996
360,2022-03-16,0.9232745484622528
361,2022-03-17,0.8886600697051068
362,2022-03-18,0.8893850338632355
363,2022-03-21,0.889406717664535
364,2022-03-22,0.8900290081144321
365,2022-03-23,0.8942151288906952
366,2022-03-24,1.0125482592582593
367,2022-03-25,1.037665728310095
368,2022-03-28,1.0364425922277871
369,2022-03-29,1.0364993610382247
370,2022-03-30,1.0457130223229703
371,2022-03-31,1.0391834395650128
372,2022-04-01,1.0829932231566028
373,2022-04-04,1.1403280004599887
374,2022-04-05,1.1438887651767586
375,2022-04-06,1.0845192636736272
376,2022-04-07,1.0979943175498157
377,2022-04-08,1.0704120975268534
378,2022-04-11,1.0758106889280086
379,2022-04-12,1.085244733396813
380,2022-04-13,1.22037269656096
381,2022-04-14,1.193249057262969
382,2022-04-18,1.1890744579823427
383,2022-04-19,1.252858455310686
384,2022-04-20,1.3874071483038106
385,2022-04-21,1.2871994675951417
386,2022-04-22,1.3216358696273234
387,2022-04-25,1.3198596158785583
388,2022-04-26,1.1648889969660927
389,2022-04-27,1.2504847283517686
390,2022-04-28,1.2660560501437632
391,2022-04-29,1.2804385729813308
392,2022-05-02,1.2321273659417697
393,2022-05-03,1.1128828509662434
394,2022-05-04,1.117082712048442
395,2022-05-05,1.1095248920393774
396,2022-05-06,1.1214636582733197
397,2022-05-09,1.118054019557759
398,2022-05-10,0.9890472407560892
399,2022-05-11,0.9351278373757698
400,2022-05-12,0.9692962882212481
401,2022-05-13,0.901462530684032
402,2022-05-16,0.848148248022912
403,2022-05-17,0.8387910612548123
404,2022-05-18,0.8604461993691984
405,2022-05-19,0.8641202041578512
406,2022-05-20,0.880993637672838
407,2022-05-23,0.8788073462875079
408,2022-05-24,0.8860316135571311
409,2022-05-25,0.860050520918173
410,2022-05-26,0.8565825988889031
411,2022-05-27,0.8490504830008784
412,2022-05-30,0.8314348733549002
413,2022-05-31,0.8322035488595635
414,2022-06-01,0.8214837630680042
415,2022-06-02,0.852454163782172
416,2022-06-03,0.813951927080721
417,2022-06-06,0.7725848205514543
418,2022-06-07,0.8025174492618671
419,2022-06-08,0.7959975001051981
420,2022-06-09,0.8015681549849736
421,2022-06-10,0.7880388064305195
422,2022-06-13,0.7766092588461945
423,2022-06-14,0.772337600657959
424,2022-06-15,0.7639607101364871
425,2022-06-16,0.7432323556814587
426,2022-06-17,0.5291597287181045
427,2022-06-20,0.5462862050378333
428,2022-06-21,0.5479720060781318
429,2022-06-22,0.543844824833293
430,2022-06-23,0.48076076387252553
431,2022-06-24,0.6081763822819812
432,2022-06-27,0.6319134889770509
433,2022-06-28,0.631993244975428
434,2022-06-29,0.7041257331637373
435,2022-06-30,0.7880340874246162
436,2022-07-01,0.7881220183805274
437,2022-07-04,0.7580761837008594
438,2022-07-05,0.7648759055806124
439,2022-07-06,0.7359862396421569
440,2022-07-07,0.736125078518084
441,2022-07-08,0.6694527786033071
442,2022-07-11,0.6046464213322111
443,2022-07-12,0.6079092947948549
444,2022-07-13,0.5296012080881956
445,2022-07-14,0.5345064975177478
446,2022-07-15,0.5315492145102563
447,2022-07-18,0.5304624794748652
448,2022-07-19,0.6098052111207297
449,2022-07-20,0.7111923796593392
450,2022-07-21,0.7252225650531243
451,2022-07-22,0.7420373108768897
452,2022-07-25,0.744892458062757
453,2022-07-26,0.7404136665848355
454,2022-07-27,0.6870479311685858
455,2022-07-28,0.6892050069704435
456,2022-07-29,0.598660584782084
457,2022-08-01,0.6621417928324447
458,2022-08-02,0.6410440133138074
459,2022-08-03,0.6447838175082055
460,2022-08-04,0.6580354981558703
461,2022-08-05,0.6492492202415153
462,2022-08-08,0.6222381554779793
463,2022-08-09,0.6255425147181223
464,2022-08-10,0.6235411998185636
465,2022-08-11,0.6215213540535274
466,2022-08-12,0.6383766936711834
467,2022-08-15,0.6569640165025032
468,2022-08-16,0.6676457085451647
469,2022-08-17,0.6674344997692926
470,2022-08-18,0.6378660858020546
471,2022-08-19,0.6288204171621846
472,2022-08-22,0.6536487619088273
473,2022-08-23,0.6883029089668163
474,2022-08-24,0.7124934924319889
475,2022-08-25,0.7039128278757811
476,2022-08-26,0.6621266842859272
477,2022-08-29,0.7048653175138135
478,2022-08-30,0.6017385215590818
479,2022-08-31,0.5375302352628015
480,2022-09-01,0.5437681361801062
481,2022-09-02,0.5248219499717104
482,2022-09-05,0.5463235718360978
483,2022-09-06,0.5523622372015454
484,2022-09-07,0.5425494448905402
485,2022-09-08,0.5547710640612836
486,2022-09-09,0.5481636269960921
487,2022-09-12,0.5466648675279071
488,2022-09-13,0.5414874300048355
489,2022-09-14,0.5955229039352237
490,2022-09-15,0.5553081094959927
491,2022-09-16,0.5274528924491706
492,2022-09-19,0.5382750390634111
493,2022-09-20,0.5374398524415465
494,2022-09-21,0.5269139277804036
495,2022-09-22,0.5208378871474688
496,2022-09-23,0.5294515743786475
497,2022-09-26,0.5099583350093706
498,2022-09-27,0.4850701128799767
499,2022-09-28,0.47980788385013456
500,2022-09-29,0.5079441365685949
501,2022-09-30,0.5917512340921164
502,2022-10-03,0.5961735981089636
503,2022-10-04,0.5986977143271958
504,2022-10-05,0.5979241098372341
505,2022-10-06,0.6174201109676023
506,2022-10-07,0.6164791619045437
507,2022-10-10,0.5433100944820636
508,2022-10-11,0.6135215610738821
509,2022-10-12,0.6349115355379704
510,2022-10-13,0.6051424397156255
511,2022-10-14,0.6201116875516758
512,2022-10-17,0.6376633304329486
513,2022-10-18,0.7726518312248319
514,2022-10-19,0.8266352721751175
515,2022-10-20,0.8039386032226729
516,2022-10-21,0.8456267826038384
517,2022-10-24,0.8534413039989344
518,2022-10-25,0.793752983870599
519,2022-10-26,0.9603470774567522
520,2022-10-27,1.0174227972685488
521,2022-10-28,1.0150670505907904
522,2022-10-31,1.1579603183426441
523,2022-11-01,1.1533426058572598
524,2022-11-02,1.1432903406263701
525,2022-11-03,1.134631460291427
526,2022-11-04,1.1183659197798765
527,2022-11-07,1.1915568719093492
528,2022-11-08,1.140890659877022
529,2022-11-09,1.1913384431413343
530,2022-11-10,1.201314920292609
531,2022-11-14,1.3763525571793553
532,2022-11-15,1.3751006724853594
533,2022-11-16,1.4284782317789277
534,2022-11-17,1.3410044240931773
535,2022-11-18,1.3253523108688643
536,2022-11-21,1.3494278012662766
537,2022-11-22,1.3646418021127587
538,2022-11-23,1.3773064129578343
539,2022-11-24,1.356249289034782
540,2022-11-25,1.3545672693840565
541,2022-11-28,1.363446818595301
542,2022-11-29,1.411759853528708
543,2022-11-30,1.3941001174292291
544,2022-12-01,1.3239954256782152
545,2022-12-02,1.3670884507952312
546,2022-12-05,1.391171088600954
547,2022-12-06,1.4023688796314986
548,2022-12-07,1.4535001074106122
549,2022-12-08,1.5144702630714275
550,2022-12-09,1.5177091190423107
551,2022-12-12,1.5208881523477868
552,2022-12-13,1.5929732270648278
553,2022-12-14,1.5999881905089688
554,2022-12-15,1.629250513283357
555,2022-12-16,1.5464907603939892
556,2022-12-19,1.5528206580740573
557,2022-12-20,1.57434811325298
558,2022-12-21,1.514026192805009
559,2022-12-22,1.50200310516437
560,2022-12-23,1.5023127349189622
561,2022-12-27,1.4990862595364598
562,2022-12-28,1.4946957048974325
563,2022-12-29,1.5054529967701311
564,2022-12-30,1.5653971044973753
565,2023-01-03,1.5340298486041095
566,2023-01-04,1.4919415094742965
567,2023-01-05,1.5946595504775336
568,2023-01-06,1.8862479875096396
569,2023-01-09,1.8807808083940514
570,2023-01-10,1.8761517111120931
571,2023-01-11,1.847504880929585
572,2023-01-12,1.750236235741206
573,2023-01-13,1.7418438505302183
574,2023-01-16,1.7411703662750067
575,2023-01-17,1.7712982117462261
576,2023-01-18,1.7712954558668637
577,2023-01-19,1.8916609870162298
578,2023-01-20,1.8713618848469702
579,2023-01-23,1.880400546666362
580,2023-01-24,1.8789105391314058
581,2023-01-25,1.8679492719552113
582,2023-01-26,1.869903361362016
583,2023-01-27,1.8418614817025765
584,2023-01-30,1.8458153775540642
585,2023-01-31,1.8510116931047074
586,2023-02-01,1.8456387326682713
587,2023-02-02,2.0015838711797933
588,2023-02-03,1.982909064182174
589,2023-02-06,2.011563085274482
590,2023-02-07,2.026236334227286
591,2023-02-08,2.021654514270271
592,2023-02-09,2.0065260569345638
593,2023-02-10,2.030730650545359
594,2023-02-13,1.9867655483764026
595,2023-02-14,1.988894377605633
596,2023-02-15,1.9860938119585358
597,2023-02-16,2.0098592369522432
598,2023-02-17,2.014055438650987
599,2023-02-20,1.9955155468737173
600,2023-02-21,1.9761661848979384
601,2023-02-22,2.06937122812333
602,2023-02-23,2.063880728748694
603,2023-02-24,2.1838494078148827
604,2023-02-27,2.041320305211583
605,2023-02-28,2.0375799565239032
606,2023-03-01,2.0696518774703265
607,2023-03-02,2.1020459878534314
608,2023-03-03,2.194222369921473
609,2023-03-06,2.2172155457356943
610,2023-03-07,2.2270381083730855
611,2023-03-08,2.17188212429565
612,2023-03-09,2.121559340446442
613,2023-03-10,2.1944719555837433
614,2023-03-13,2.1825753003662336
615,2023-03-14,2.181737729624199
616,2023-03-15,2.238701694817492
617,2023-03-16,2.307201325970235
618,2023-03-17,2.3183730183243436
619,2023-03-20,2.3568659654765254
620,2023-03-21,2.361868338488611
621,2023-03-22,2.3661055870924494
622,2023-03-23,2.4994211677256444
623,2023-03-24,2.392426432726196
624,2023-03-27,2.4363195953343375
625,2023-03-28,2.4207849298398814
626,2023-03-29,2.399244719488007
627,2023-03-30,2.404122696537663
628,2023-03-31,2.4133105162008364
629,2023-04-03,2.387210969778079
630,2023-04-04,2.3025330457076345
631,2023-04-05,2.213468859704048
632,2023-04-06,2.229773159397988
633,2023-04-10,2.225438237626057
634,2023-04-11,2.243697172363961
635,2023-04-12,2.239876699259143
636,2023-04-13,2.263830693890421
637,2023-04-14,2.2650951718757497
638,2023-04-17,2.269084578486347
639,2023-04-18,2.334685444738633
640,2023-04-19,2.34148603020402
641,2023-04-20,2.340926621404602
642,2023-04-21,2.2698018540804785
643,2023-04-24,2.2518974991001315
644,2023-04-25,2.20920527469137
645,2023-04-26,2.145730409231523
646,2023-04-27,2.14583038197233
647,2023-04-28,2.160114250868253
648,2023-05-01,2.1569306140866416
649,2023-05-02,2.145814093211898
650,2023-05-03,2.0214358192768427
651,2023-05-04,1.961668619942183
652,2023-05-05,1.9220365201770095
653,2023-05-08,1.943097810844943
654,2023-05-09,1.942556503128034
655,2023-05-10,1.9374469220031143
656,2023-05-11,1.9657181387741025
657,2023-05-12,1.906463097409284
658,2023-05-15,1.8894134980671744
659,2023-05-16,1.889653103336486
660,2023-05-17,1.7751922601400403
661,2023-05-18,1.6362170722469098
662,2023-05-19,1.6711910259715517
663,2023-05-22,1.682848639648612
664,2023-05-23,1.7345779555500311
665,2023-05-24,1.7332796563409107
666,2023-05-25,1.6357303762530695
667,2023-05-26,1.58548999831057
668,2023-05-29,1.4115411091803944
669,2023-05-30,1.4141182682092466
670,2023-05-31,1.414130901164507
671,2023-06-01,1.41406838995675
672,2023-06-02,1.4199614892202201
673,2023-06-05,1.405066801186795
674,2023-06-06,1.4217066282267294
675,2023-06-07,1.4218755351431822
676,2023-06-08,1.4290409002012163
677,2023-06-09,1.4351397582411527
678,2023-06-12,1.4351091439262533
679,2023-06-13,1.4795000502725868
680,2023-06-14,1.4493405515572095
681,2023-06-15,1.443444294729871
682,2023-06-16,1.4433734017739017
683,2023-06-20,1.4359692667863082
684,2023-06-21,1.437140726288426
685,2023-06-22,1.4326030008828188
686,2023-06-23,1.4281258528185319
687,2023-06-26,1.4202420420746034
688,2023-06-27,1.430998415484803
689,2023-06-28,1.4477743769910751
690,2023-06-29,1.4715002242854653
691,2023-06-30,1.5165274038384842
692,2023-07-03,1.507428462714985
693,2023-07-05,1.486030326417793
694,2023-07-06,1.5035823702055495
695,2023-07-07,1.468302613374546
696,2023-07-10,1.4636326754107953
697,2023-07-11,1.463594829499136
698,2023-07-12,1.4865495457701758
699,2023-07-13,1.5017959926754212
700,2023-07-14,1.4874298478067667
701,2023-07-17,1.4871369514790034
702,2023-07-18,1.3995950141782514
703,2023-07-19,1.401773075220973
704,2023-07-20,1.3952632736966064
705,2023-07-21,1.4323852433771729
706,2023-07-24,1.4317763963099204
707,2023-07-25,1.3817543651345419
708,2023-07-26,1.389433303000491
709,2023-07-27,1.3784355004218474
710,2023-07-28,1.3707941456617234
711,2023-07-31,1.354488212220234
712,2023-08-01,1.2875159374141183
713,2023-08-02,1.3268961074541767
714,2023-08-03,1.307149128007214
715,2023-08-04,1.3658151262703107
716,2023-08-07,1.3575463321583099
717,2023-08-08,1.3782161168782157
718,2023-08-09,1.3820431969072309
719,2023-08-10,1.3862539337351785
720,2023-08-11,1.3897459617428944
721,2023-08-14,1.37530530788356
722,2023-08-15,1.3679764895263984
723,2023-08-16,1.3603727098995138
724,2023-08-17,1.3702082934513649
725,2023-08-18,1.3623484936969101
726,2023-08-21,1.367386366750805
727,2023-08-22,1.3667807669666179
728,2023-08-23,1.3292024127896434
729,2023-08-24,1.2803020513028882
730,2023-08-25,1.2888946909827235
731,2023-08-28,1.2851215455280258
732,2023-08-29,1.2873059638907098
733,2023-08-30,1.276682258835026
734,2023-08-31,1.2783666512411178
735,2023-09-01,1.2804180773907234
736,2023-09-05,1.248643831823977
737,2023-09-06,1.2427270800888794
738,2023-09-07,1.224285853417542
739,2023-09-08,1.2247023666447456
740,2023-09-11,1.204899387192934
741,2023-09-12,1.2184904382322992
742,2023-09-13,1.2186543999458983
743,2023-09-14,1.2200824016842484
744,2023-09-15,1.149824086197162
745,2023-09-18,1.1405016557919494
746,2023-09-19,1.1347635876050541
747,2023-09-20,1.0806903837657083
748,2023-09-21,1.0838641372725881
749,2023-09-22,1.0019534636832783
750,2023-09-25,1.0023266528900616
751,2023-09-26,1.013623073506878
752,2023-09-27,1.0170848561694075
753,2023-09-28,1.0170324740760026
754,2023-09-29,0.9765884092279316
755,2023-10-02,0.9616523431360945
756,2023-10-03,0.9605766464466863
757,2023-10-04,0.9526292965589934
758,2023-10-05,0.9589429921715911
759,2023-10-06,0.9716828248504427
760,2023-10-09,0.9523790442428589
761,2023-10-10,0.9369494883224571
762,2023-10-11,0.9633684264306527
763,2023-10-12,0.9972584093046415
764,2023-10-13,0.995833007158753
765,2023-10-16,1.0012134894280902
766,2023-10-17,1.0052428291269018
767,2023-10-18,1.0032112529156345
768,2023-10-19,1.03028408879633
769,2023-10-20,1.0637719983603153
770,2023-10-23,1.0495127502397905
771,2023-10-24,1.0462429808597509
772,2023-10-25,0.9397467751184283
773,2023-10-26,0.9220626502314773
774,2023-10-27,0.9186310097599365
775,2023-10-30,0.9323663835160522
776,2023-10-31,0.9378282924204918
777,2023-11-01,0.9514489196680975
778,2023-11-02,0.9550167074846196
779,2023-11-03,1.008218699244876
780,2023-11-06,1.054041141388996
781,2023-11-07,1.0573390474516087
782,2023-11-08,1.0509566550207798
783,2023-11-09,1.049395206156179
784,2023-11-10,1.0458884441730543
785,2023-11-13,1.093026547063487
786,2023-11-14,1.1173954526925134
787,2023-11-15,1.2526662298699434
788,2023-11-16,1.2009011007633874
789,2023-11-17,1.1994024716479281
790,2023-11-20,1.2000688374028254
791,2023-11-21,1.1722074027808531
792,2023-11-22,1.1809980302521093
793,2023-11-24,1.2016017195502913
794,2023-11-27,1.1991156444075983
795,2023-11-28,1.2158815519270758
796,2023-11-29,1.2119860268118474
797,2023-11-30,1.2115934601509188
798,2023-12-01,1.1749124780963651
799,2023-12-04,1.165768561005223
800,2023-12-05,1.1643895318658348
801,2023-12-06,1.160010668857048
802,2023-12-07,1.139353438662243
803,2023-12-08,1.1389051273449902
804,2023-12-11,1.140651223599562
805,2023-12-12,1.1532243934397959
806,2023-12-13,1.152813439717356
807,2023-12-14,1.181310733228874
808,2023-12-15,1.1664580519269103
809,2023-12-18,1.1673929071590292
810,2023-12-19,1.1555964710459454
811,2023-12-20,1.1541076786141746
812,2023-12-21,1.190106902540532
813,2023-12-22,1.2202580402269758
814,2023-12-26,1.2225858517448647
815,2023-12-27,1.2366328865480933
816,2023-12-28,1.233916493795268
817,2023-12-29,1.2609206291208288
818,2024-01-02,1.2523575196855294
819,2024-01-03,1.234000167101539
820,2024-01-04,1.247018136341225
821,2024-01-05,1.253527565229515
822,2024-01-08,1.2369748317512517
823,2024-01-09,1.2531235215238106
824,2024-01-10,1.2510752105738943
825,2024-01-11,1.2518504905882404
826,2024-01-12,1.2509867934346381
827,2024-01-16,1.267692451770998
828,2024-01-17,1.2102417894859259
829,2024-01-18,1.1857191752905354
830,2024-01-19,1.1842673411640907
831,2024-01-22,1.1638538131591554
832,2024-01-23,1.1844524747784215
833,2024-01-24,1.1714914183274867
834,2024-01-25,1.186724574952211
835,2024-01-26,1.1883460251714255
836,2024-01-29,1.1711482758305962
837,2024-01-30,1.1278606448996655
838,2024-01-31,1.1613807082438223
839,2024-02-01,1.1735915312340728
840,2024-02-02,1.228842685823721
841,2024-02-05,1.2307745139032968
842,2024-02-06,1.2312410217275254
843,2024-02-07,1.2349814454418893
844,2024-02-08,1.2598973224308876
845,2024-02-09,1.3010063712540298
846,2024-02-12,1.3319011154090847
847,2024-02-13,1.310488172698841
848,2024-02-14,1.3292582272515505
849,2024-02-15,1.3562975299762399
850,2024-02-16,1.3071815214297116
851,2024-02-20,1.4642422109394766
852,2024-02-21,1.463209790901128
853,2024-02-22,1.4639730835045046
854,2024-02-23,1.4732962383072925
855,2024-02-26,1.4667116848411192
856,2024-02-27,1.4320798993341213
857,2024-02-28,1.433344621895227
858,2024-02-29,1.4263575343478456
859,2024-03-01,1.4212235828379725
860,2024-03-04,1.4231650949100227
861,2024-03-05,1.4531532956634199
862,2024-03-06,1.4621732222127608
863,2024-03-07,1.4577870337865038
864,2024-03-08,1.449892265439641
865,2024-03-11,1.4588169965678726
866,2024-03-12,1.4659008217520273
867,2024-03-13,1.4742270113696947
868,2024-03-14,1.487960323595786
869,2024-03-15,1.4905592620753194
870,2024-03-18,1.5972341902189142
871,2024-03-19,1.5981211851319093
872,2024-03-20,1.5597006485153588
873,2024-03-21,1.5346154751150163
874,2024-03-22,1.4931169906398876
875,2024-03-25,1.4879238476689773
876,2024-03-26,1.4961882300759315
877,2024-03-27,1.500147110511987
878,2024-03-28,1.49352409272544
879,2024-04-01,1.4868060790991073
880,2024-04-02,1.4772533783973696
881,2024-04-03,1.4914447731140532
882,2024-04-04,1.5158439578472638
883,2024-04-05,1.6052689178136166
884,2024-04-08,1.6040751917604332
885,2024-04-09,1.608252785953988
886,2024-04-10,1.6031809686367018
887,2024-04-11,1.6622633397771809
888,2024-04-12,1.6737031629381716
889,2024-04-15,1.7865307817816736
890,2024-04-16,1.9802861159802616
891,2024-04-17,1.9081141182693424
892,2024-04-18,1.9331236862603831
893,2024-04-19,1.9194275724874386
894,2024-04-22,2.073956694860811
895,2024-04-23,2.0941553347214463
896,2024-04-24,2.240591914198977
897,2024-04-25,2.2307336994907354
898,2024-04-26,2.232991434779605
899,2024-04-29,2.1991161845182954
900,2024-04-30,2.1346852245579306
901,2024-05-01,2.0359418855516638
902,2024-05-02,1.9855976446898524
903,2024-05-03,2.0906984102888146
904,2024-05-06,2.084675304065788
905,2024-05-07,2.0899076108250707
906,2024-05-08,2.0863849642988246
907,2024-05-09,2.0573129985825314
908,2024-05-10,2.040036284174197
909,2024-05-13,2.063318337747502
910,2024-05-14,2.0729861078062104
911,2024-05-15,2.049743405934536
912,2024-05-16,2.0821614026752293
913,2024-05-17,2.1013184264104434
914,2024-05-20,2.1721912820664526
915,2024-05-21,2.1791292260171082
916,2024-05-22,2.1980937125487974
917,2024-05-23,1.9517538389546196
918,2024-05-24,1.9204537873434506
919,2024-05-28,1.9197143803641101
920,2024-05-29,1.9205288057016106
921,2024-05-30,1.8996318039664015
922,2024-05-31,1.9463766876161845
923,2024-06-03,1.9820675914544226
924,2024-06-04,1.9977741840929084
925,2024-06-05,2.037767225422718
926,2024-06-06,1.9893785374310817
927,2024-06-07,1.9896029786227138
928,2024-06-10,1.952807230957781
929,2024-06-11,1.9219450510822778
930,2024-06-12,1.9104328001882354
931,2024-06-13,1.90990794558326
932,2024-06-14,1.9811571893462239
933,2024-06-17,1.9875631543986818
934,2024-06-18,1.9572614510236404
935,2024-06-20,1.9611417612175364
936,2024-06-21,1.9906574142202094
937,2024-06-24,1.9973907438708352
938,2024-06-25,1.988262334332735
939,2024-06-26,1.9969461649647124
940,2024-06-27,1.9951930561074571
941,2024-06-28,2.009504828856697
942,2024-07-01,2.0066003398780894
943,2024-07-02,2.015041795418779
944,2024-07-03,2.0176251057629195
945,2024-07-05,1.9279667920695205
946,2024-07-08,1.9951998591207294
947,2024-07-09,2.0568875512532054
948,2024-07-10,2.065258897142518
949,2024-07-11,2.059255143588205
950,2024-07-12,2.132492239624277
951,2024-07-15,2.0886415007376975
952,2024-07-16,2.076659057115212
953,2024-07-17,2.097902840529358
954,2024-07-18,2.0047608460881743
955,2024-07-19,1.9250110960477917
956,2024-07-22,1.906819540120425
957,2024-07-23,1.9304849827634687
958,2024-07-24,1.9275661447514396
959,2024-07-25,1.877052184010272
960,2024-07-26,1.9096327138494853
961,2024-07-29,1.927763753067222
962,2024-07-30,1.937047228428653
963,2024-07-31,1.953333133346681
964,2024-08-01,1.851609735186795
965,2024-08-02,1.8964713215962616
966,2024-08-05,1.943320943595265
967,2024-08-06,1.7284043367845567
968,2024-08-07,1.8134749933758538
969,2024-08-08,1.8104883124219953
970,2024-08-09,1.8541497955096058
971,2024-08-12,1.8507378062027227
972,2024-08-13,1.8315065347164567
973,2024-08-14,1.8944329413751892
974,2024-08-15,1.9130250862376017
975,2024-08-16,1.8139249798541885
976,2024-08-19,1.8235672172268382
977,2024-08-20,1.822929355665149
978,2024-08-21,1.8068742335912296
979,2024-08-22,1.8037326743605402
980,2024-08-23,1.8124915334689662
981,2024-08-26,1.8186490500528327
982,2024-08-27,1.8178523797177222
983,2024-08-28,1.8179085232614993
984,2024-08-29,1.803211087563298
985,2024-08-30,1.7972085851131616
986,2024-09-03,1.8120561731083082
987,2024-09-04,1.7357576854424572
988,2024-09-05,1.7279610682853308
989,2024-09-06,1.6760243910308568
990,2024-09-09,1.6579713325741716
991,2024-09-10,1.5579464377920575
992,2024-09-11,1.6411276245577504
993,2024-09-12,1.6350935699280291
994,2024-09-13,1.6403618075171993
995,2024-09-16,1.6270650753214622
996,2024-09-17,1.625549567839394
997,2024-09-18,1.6293036730081911
998,2024-09-19,1.6398679040667585
999,2024-09-20,1.608828873306001
1000,2024-09-23,1.6152495051810989
1001,2024-09-24,1.624338545750972
1002,2024-09-25,1.5295615982389823
1003,2024-09-26,1.5296246680803844
1004,2024-09-27,1.5577941744261756
1005,2024-09-30,1.5621288841419234
1006,2024-10-01,1.580367639024569
1007,2024-10-02,1.5435918559224409
1008,2024-10-03,1.5033607397849778
1009,2024-10-04,1.4366049224046114
1010,2024-10-07,1.4249542264949957
1011,2024-10-08,1.4255316172828265
1012,2024-10-09,1.3699752300203702
1013,2024-10-10,1.389697932038445
1014,2024-10-11,1.3928231057910452
1015,2024-10-15,1.3566879829710887
1016,2024-10-16,1.4386518555530554
1017,2024-10-17,1.396425136627925
1018,2024-10-18,1.3855658921728877
1019,2024-10-21,1.374211091552385
1020,2024-10-22,1.3781667710076846
1021,2024-10-23,1.3746415215761187
1022,2024-10-24,1.3801244948247149
1023,2024-10-25,1.3834276187050887
1024,2024-10-28,1.356726952324042
1025,2024-10-29,1.367205258103868
1026,2024-10-30,1.3681701780749964
1027,2024-10-31,1.359502271327991
1028,2024-11-01,1.3849039574185373
1029,2024-11-04,1.395451711561605
1030,2024-11-05,1.3967710291309485
1031,2024-11-06,1.401215134045345
1032,2024-11-07,1.596077911557074
1033,2024-11-08,1.502542754085976
1034,2024-11-12,1.5777737692691747
1035,2024-11-13,1.7554586536948389
1036,2024-11-14,1.7998044816430903
1037,2024-11-15,1.797388051334678
1038,2024-11-18,1.789777576481172
1039,2024-11-19,1.7815558714542035
1040,2024-11-20,1.7825911277957707
1041,2024-11-21,1.7673981472431266
1042,2024-11-22,1.798499009586769
1043,2024-11-25,1.8470499948792591
1044,2024-11-26,1.839305062674004
1045,2024-11-27,1.8641053267353687
1046,2024-11-29,1.8639473523622434
1047,2024-12-02,1.8637068455351284
1048,2024-12-03,1.8480750268416373
1049,2024-12-04,1.8285784850479005
1050,2024-12-05,1.8293600844832003
1051,2024-12-06,1.8082211657479415
1052,2024-12-09,1.7959265195561456
1053,2024-12-10,1.8234719300649074
1054,2024-12-11,1.8249014462876776
1055,2024-12-12,1.8420728130134623
1056,2024-12-13,1.8519150605836532
1057,2024-12-16,1.879731247392257
1058,2024-12-17,1.8812846162783063
1059,2024-12-18,1.827438475578026
1060,2024-12-19,2.4695506243911813
1061,2024-12-20,2.6881270106314057
1062,2024-12-23,2.914172728003357
1063,2024-12-24,2.9729647918962714
1064,2024-12-26,2.97047857550449
1065,2024-12-27,2.9754577490783625
1066,2024-12-30,2.9672914346828865
1067,2024-12-31,3.0049137823424417
1068,2025-01-02,3.059273622073583
1069,2025-01-03,3.0326756677712554
1070,2025-01-06,3.050293260539826
1071,2025-01-07,3.0562599343592196
1072,2025-01-08,3.1153000476154693
1073,2025-01-10,3.041075212728284
1074,2025-01-13,3.1605895232472254
1075,2025-01-14,3.1485683674530796
1076,2025-01-15,3.156002858797674
1077,2025-01-16,3.101889138157381
1078,2025-01-17,3.108474700171484
1079,2025-01-21,3.1913860169646995
1080,2025-01-22,3.233693988958714
1081,2025-01-23,3.2361075994791193
1082,2025-01-24,3.2451510508784227
1083,2025-01-27,3.2440282636456512
1084,2025-01-28,3.1311994810984136
1085,2025-01-29,3.0795062159775215
1086,2025-01-30,3.0757470523847945
1087,2025-01-31,3.051345031678556
1088,2025-02-03,3.054947078581029
1089,2025-02-04,3.2097348731462043
1090,2025-02-05,3.2394603043090258
1091,2025-02-06,3.1563579409337565
1092,2025-02-07,3.150176005858564
1093,2025-02-10,3.281738765227533
1094,2025-02-11,3.178404297799564
1095,2025-02-12,3.160308587027777
1096,2025-02-13,3.1191198273140706
1097,2025-02-14,3.0953120319060883
1098,2025-02-18,3.149319676346057
1099,2025-02-19,3.14204731708581
1100,2025-02-20,3.1479930628541806
1101,2025-02-21,3.1489616188056173
1102,2025-02-24,3.193225655910336
1103,2025-02-25,3.168975213316785
1104,2025-02-26,3.138908329198844
1105,2025-02-27,3.11659459489549
1106,2025-02-28,3.413850902235864
1107,2025-03-03,3.484636559065115
1108,2025-03-04,3.6648625238334436
1109,2025-03-05,3.660618699580213
1110,2025-03-06,3.412932493407605
1111,2025-03-07,3.515638447028573
1112,2025-03-10,3.7023686577698807
1113,2025-03-11,3.7269010168818637
1114,2025-03-12,3.689772505217116
1115,2025-03-13,3.5005782955766382
1116,2025-03-14,3.5832843781579315
1117,2025-03-17,3.9041216337163505
1118,2025-03-18,3.865942863699919
1119,2025-03-19,3.92025344425675
1120,2025-03-20,3.842457857710258
1121,2025-03-21,3.8606997865132557
1122,2025-03-24,3.8588257668760964
1123,2025-03-25,3.986521047658632
1124,2025-03-26,4.054923294115398
1125,2025-03-27,4.159764674201186
