Date,Pair,DirectionMetric,Spillover,GlobalMean,GlobalStd,GlobalThreshold,GlobalZ,SpikeType
2022-12-07,dlog_SOLVPN__dlog_OIL,X_to_SOLVPN,0.3177333385061732,0.04475749579592846,0.039030250627404735,0.1355418587552719,6.993955670850272,global
2022-12-13,dlog_SOLVPN__d_PJM_LMP,SOLVPN_to_X,0.17694189551721634,0.056854538580277884,0.04079367317907995,0.15174062239481784,2.943774060496282,global
2022-12-13,dlog_SOLVPN__dlog_GAS,SOLVPN_to_X,0.1603786719706603,0.05471914646089037,0.036251424962393204,0.13903996092341697,2.9146309591796697,global
2022-12-13,dlog_SOLVPN__dlog_OIL,SOLVPN_to_X,0.20155663292253986,0.07167022242088025,0.05065766404428086,0.18949994898787753,2.5640031563264216,global
2022-12-15,dlog_SOLVPN__d_PJM_LMP,X_to_SOLVPN,0.24098331711617973,0.041491212795981766,0.03672836208659335,0.1269213830093979,5.431554607577149,global
2022-12-19,dlog_SOLVPN__dlog_GOLD,X_to_SOLVPN,0.20448168842689401,0.06327363745403829,0.04160720578137133,0.160051998101508,3.39383643580503,global
2022-12-21,dlog_SOLVPN__dlog_OIL,X_to_SOLVPN,0.14767665152438042,0.04475749579592846,0.039030250627404735,0.1355418587552719,2.636907375024341,global
2022-12-27,dlog_SOLVPN__d_PJM_LMP,X_to_SOLVPN,0.34286141850575363,0.041491212795981766,0.03672836208659335,0.1269213830093979,8.205381034940801,global
2023-01-04,dlog_SOLVPN__dlog_DXY,PairwiseNet_SOLVPN_to_X,0.09793892752515826,0.008401786256489269,0.03803214606335672,0.09686455799985699,2.3542489850431134,global
2023-01-05,dlog_SOLVPN__dlog_DXY,SOLVPN_to_X,0.2150690490176567,0.07882227514383927,0.045041513073556846,0.1835888345529325,3.0249155629233453,global
2023-01-09,dlog_SOLVPN__dlog_GAS,SOLVPN_to_X,0.1400430653027008,0.05471914646089037,0.036251424962393204,0.13903996092341697,2.353670757227459,global
2023-01-10,dlog_SOLVPN__dlog_GOLD,SOLVPN_to_X,0.1909751359780761,0.06966464600440392,0.042518837377985716,0.1685634617455987,2.85309988359374,global
2023-01-17,dlog_SOLVPN__dlog_GOLD,X_to_SOLVPN,0.18421819974844086,0.06327363745403829,0.04160720578137133,0.160051998101508,2.9068177019604793,global
2023-01-25,dlog_SOLVPN__dlog_GOLD,X_to_SOLVPN,0.1986630563139369,0.06327363745403829,0.04160720578137133,0.160051998101508,3.253989695230054,global
2023-01-26,dlog_SOLVPN__dlog_GOLD,SOLVPN_to_X,0.17185400877262602,0.06966464600440392,0.042518837377985716,0.1685634617455987,2.403390334024773,global
2023-02-02,dlog_SOLVPN__dlog_OIL,PairwiseNet_SOLVPN_to_X,0.18529819483051413,0.026912726624951807,0.05775970993643783,0.1612618119371062,2.7421444529388905,global
2023-02-02,dlog_SOLVPN__dlog_OIL,SOLVPN_to_X,0.20696595062441916,0.07167022242088025,0.05065766404428086,0.18949994898787753,2.6707849790561653,global
2023-02-06,dlog_SOLVPN__dlog_GOLD,SOLVPN_to_X,0.17704559734967298,0.06966464600440392,0.042518837377985716,0.1685634617455987,2.5254912402864984,global
2023-02-06,dlog_SOLVPN__dlog_GOLD,X_to_SOLVPN,0.16799063144402188,0.06327363745403829,0.04160720578137133,0.160051998101508,2.516799482768156,global
2023-09-21,dlog_SOLVPN__dlog_GAS,SOLVPN_to_X,0.14621103015757436,0.05471914646089037,0.036251424962393204,0.13903996092341697,2.5238148235992535,global
2023-10-04,dlog_SOLVPN__dlog_GAS,SOLVPN_to_X,0.15443501004532642,0.05471914646089037,0.036251424962393204,0.13903996092341697,2.750674316606315,global
2023-10-05,dlog_SOLVPN__d_UST10Y,X_to_SOLVPN,0.1674999640196762,0.0669126158511119,0.04303263049172508,0.16700651437486444,2.3374668715152485,global
2023-10-19,dlog_SOLVPN__dlog_GAS,SOLVPN_to_X,0.15888272954011273,0.05471914646089037,0.036251424962393204,0.13903996092341697,2.873365203913513,global
2023-10-26,dlog_SOLVPN__d_UST10Y,X_to_SOLVPN,0.19758464982500842,0.0669126158511119,0.04303263049172508,0.16700651437486444,3.0365802062466063,global
2023-10-31,dlog_SOLVPN__d_UST10Y,SOLVPN_to_X,0.2284984630717757,0.08669082933970051,0.04963530897488943,0.20214255801529335,2.856991054569961,global
2023-11-06,dlog_SOLVPN__dlog_GAS,SOLVPN_to_X,0.17687561364891363,0.05471914646089037,0.036251424962393204,0.13903996092341697,3.369701116983592,global
2023-11-07,dlog_SOLVPN__d_UST10Y,X_to_SOLVPN,0.17411411022274004,0.0669126158511119,0.04303263049172508,0.16700651437486444,2.4911675894933345,global
2023-11-20,dlog_SOLVPN__d_UST10Y,X_to_SOLVPN,0.17235360688342272,0.0669126158511119,0.04303263049172508,0.16700651437486444,2.450256696545346,global
2023-12-05,dlog_SOLVPN__d_UST10Y,X_to_SOLVPN,0.2147293400958114,0.0669126158511119,0.04303263049172508,0.16700651437486444,3.434991599528729,global
2023-12-05,dlog_SOLVPN__dlog_SILVER,PairwiseNet_SOLVPN_to_X,0.09784313487334649,-0.003342952787844317,0.03789668244350564,0.08480473057574982,2.670051337924728,global
2023-12-21,dlog_SOLVPN__dlog_SILVER,PairwiseNet_SOLVPN_to_X,0.08639597022145398,-0.003342952787844317,0.03789668244350564,0.08480473057574982,2.367988890401589,global
2024-01-16,dlog_SOLVPN__dlog_GAS,X_to_SOLVPN,0.4812721722101756,0.038432434600687126,0.050308822545497095,0.15545075584151336,8.802426993973146,global
2024-01-16,dlog_SOLVPN__dlog_SILVER,X_to_SOLVPN,0.1917635812728997,0.07277309284399588,0.043783625738606634,0.1746138063119949,2.717693804969258,global
2024-01-17,dlog_SOLVPN__dlog_DXY,X_to_SOLVPN,0.23682564605529421,0.07042048888735,0.04846926662367878,0.18316000305402685,3.433209717405751,global
2024-01-17,dlog_SOLVPN__dlog_GOLD,PairwiseNet_SOLVPN_to_X,0.11233470225435122,0.006391008550365622,0.03843151428052714,0.09578271076687175,2.756687986079856,global
2024-01-17,dlog_SOLVPN__dlog_SILVER,PairwiseNet_SOLVPN_to_X,0.09547111482585646,-0.003342952787844317,0.03789668244350564,0.08480473057574982,2.607459578051655,global
2024-01-25,dlog_SOLVPN__dlog_DXY,X_to_SOLVPN,0.2714487083177325,0.07042048888735,0.04846926662367878,0.18316000305402685,4.147539945078802,global
2024-02-01,dlog_SOLVPN__dlog_GAS,X_to_SOLVPN,0.18862691547291613,0.038432434600687126,0.050308822545497095,0.15545075584151336,2.9854501312647437,global
2024-02-14,dlog_SOLVPN__d_UST10Y,PairwiseNet_SOLVPN_to_X,0.11756505116546012,0.019778213488588617,0.04095028708666206,0.11502858125216457,2.3879402229812867,global
2024-03-04,dlog_SOLVPN__dlog_GOLD,PairwiseNet_SOLVPN_to_X,0.09961514386215009,0.006391008550365622,0.03843151428052714,0.09578271076687175,2.425721105634919,global
2024-03-04,dlog_SOLVPN__dlog_GOLD,SOLVPN_to_X,0.1783849909075604,0.06966464600440392,0.042518837377985716,0.1685634617455987,2.556992420480595,global
2024-03-14,dlog_SOLVPN__dlog_GOLD,PairwiseNet_SOLVPN_to_X,0.11469488625157032,0.006391008550365622,0.03843151428052714,0.09578271076687175,2.8181007105432005,global
2024-04-11,dlog_SOLVPN__d_VIX,PairwiseNet_SOLVPN_to_X,0.1293683152150097,0.020837552851360453,0.0416756874936585,0.11777520196161012,2.6041744933461173,global
2024-04-30,dlog_SOLVPN__d_VIX,PairwiseNet_SOLVPN_to_X,0.125143296436754,0.020837552851360453,0.0416756874936585,0.11777520196161012,2.502795991098288,global
2024-06-27,dlog_SOLVPN__d_PJM_LMP,PairwiseNet_SOLVPN_to_X,0.17154548460935332,0.015363325784296113,0.049743444464705286,0.13106657760920062,3.1397535998110047,global
2024-06-27,dlog_SOLVPN__d_PJM_LMP,SOLVPN_to_X,0.18497745856413436,0.056854538580277884,0.04079367317907995,0.15174062239481784,3.14075468079107,global
2024-07-10,dlog_SOLVPN__d_PJM_LMP,PairwiseNet_SOLVPN_to_X,0.19965138435830543,0.015363325784296113,0.049743444464705286,0.13106657760920062,3.704770760391716,global
2024-07-10,dlog_SOLVPN__d_PJM_LMP,SOLVPN_to_X,0.2190247223402703,0.056854538580277884,0.04079367317907995,0.15174062239481784,3.9753758639993584,global
2024-08-05,dlog_SOLVPN__d_VIX,X_to_SOLVPN,0.34888605171979664,0.14949370286906175,0.04786009989571706,0.26081629522649963,4.166149867743553,global
2024-08-14,dlog_SOLVPN__dlog_SILVER,X_to_SOLVPN,0.18327450911950346,0.07277309284399588,0.043783625738606634,0.1746138063119949,2.5238068892515653,global
2024-09-03,dlog_SOLVPN__d_PJM_LMP,SOLVPN_to_X,0.15322530824828107,0.056854538580277884,0.04079367317907995,0.15174062239481784,2.3623950028953167,global
2024-09-30,dlog_SOLVPN__dlog_DXY,PairwiseNet_SOLVPN_to_X,0.11326626477414853,0.008401786256489269,0.03803214606335672,0.09686455799985699,2.757259039312911,global
2024-11-07,dlog_SOLVPN__d_VIX,PairwiseNet_SOLVPN_to_X,0.1247773689139756,0.020837552851360453,0.0416756874936585,0.11777520196161012,2.4940156314981237,global
2024-11-12,dlog_SOLVPN__d_UST10Y,PairwiseNet_SOLVPN_to_X,0.14479813256689592,0.019778213488588617,0.04095028708666206,0.11502858125216457,3.052968073550517,global
2024-11-12,dlog_SOLVPN__dlog_COPPER,SOLVPN_to_X,0.1947460490081969,0.07321494385464093,0.04478521544143841,0.17738535497142666,2.7136434190535765,global
2024-11-12,dlog_SOLVPN__dlog_COPPER,X_to_SOLVPN,0.2301677270890111,0.06734323892920387,0.04484690499912325,0.17165713995716453,3.6306739152454424,global
2024-11-12,dlog_SOLVPN__dlog_GAS,SOLVPN_to_X,0.2021805279467981,0.05471914646089037,0.036251424962393204,0.13903996092341697,4.067740278868552,global
2024-11-20,dlog_SOLVPN__dlog_COPPER,SOLVPN_to_X,0.21066639667474635,0.07321494385464093,0.04478521544143841,0.17738535497142666,3.069125635888439,global
2024-11-25,dlog_SOLVPN__dlog_COPPER,X_to_SOLVPN,0.1937511899591551,0.06734323892920387,0.04484690499912325,0.17165713995716453,2.818654955841936,global
2024-12-10,dlog_SOLVPN__dlog_COPPER,X_to_SOLVPN,0.2016585037447942,0.06734323892920387,0.04484690499912325,0.17165713995716453,2.994972893184405,global
2024-12-18,dlog_SOLVPN__d_PJM_LMP,PairwiseNet_SOLVPN_to_X,0.17135604277355188,0.015363325784296113,0.049743444464705286,0.13106657760920062,3.135945221886234,global
2024-12-18,dlog_SOLVPN__d_PJM_LMP,SOLVPN_to_X,0.18088041215728964,0.056854538580277884,0.04079367317907995,0.15174062239481784,3.040321302584133,global
2024-12-18,dlog_SOLVPN__d_UST10Y,PairwiseNet_SOLVPN_to_X,0.16828374081884462,0.019778213488588617,0.04095028708666206,0.11502858125216457,3.626483179860925,global
2024-12-18,dlog_SOLVPN__d_UST10Y,SOLVPN_to_X,0.2443496482974536,0.08669082933970051,0.04963530897488943,0.20214255801529335,3.1763440626009376,global
2024-12-18,dlog_SOLVPN__d_VIX,X_to_SOLVPN,0.2748097722409105,0.14949370286906175,0.04786009989571706,0.26081629522649963,2.6183829462308155,global
2024-12-18,dlog_SOLVPN__dlog_GAS,PairwiseNet_SOLVPN_to_X,0.22337228921526348,0.016286711860203248,0.06356263765363684,0.16413340704256255,3.257976462265509,global
2024-12-18,dlog_SOLVPN__dlog_GAS,SOLVPN_to_X,0.23317138390756484,0.05471914646089037,0.036251424962393204,0.13903996092341697,4.92262683830494,global
2024-12-18,dlog_SOLVPN__dlog_OIL,PairwiseNet_SOLVPN_to_X,0.16673360064770507,0.026912726624951807,0.05775970993643783,0.1612618119371062,2.420733659788464,global
2024-12-18,dlog_SOLVPN__dlog_SILVER,PairwiseNet_SOLVPN_to_X,0.14113135074777583,-0.003342952787844317,0.03789668244350564,0.08480473057574982,3.8123206101482565,global
2024-12-18,dlog_SOLVPN__dlog_SILVER,SOLVPN_to_X,0.21584303995136597,0.06943014005615157,0.037329584679862984,0.15625875402151287,3.9221679306331834,global
2025-01-16,dlog_SOLVPN__dlog_OIL,X_to_SOLVPN,0.2278284377006901,0.04475749579592846,0.039030250627404735,0.1355418587552719,4.690488504734839,global
2025-01-21,dlog_SOLVPN__d_UST10Y,SOLVPN_to_X,0.23055575223254465,0.08669082933970051,0.04963530897488943,0.20214255801529335,2.8984391527737965,global
2025-01-21,dlog_SOLVPN__dlog_DXY,SOLVPN_to_X,0.18693647788118534,0.07882227514383927,0.045041513073556846,0.1835888345529325,2.4003235095762845,global
2025-01-21,dlog_SOLVPN__dlog_GAS,SOLVPN_to_X,0.2209442816280868,0.05471914646089037,0.036251424962393204,0.13903996092341697,4.585340723561526,global
2025-01-27,dlog_SOLVPN__d_PJM_LMP,SOLVPN_to_X,0.21184539586637943,0.056854538580277884,0.04079367317907995,0.15174062239481784,3.7993846890351826,global
2025-01-27,dlog_SOLVPN__d_UST10Y,PairwiseNet_SOLVPN_to_X,0.13940295492103888,0.019778213488588617,0.04095028708666206,0.11502858125216457,2.921218627339326,global
2025-01-27,dlog_SOLVPN__d_VIX,PairwiseNet_SOLVPN_to_X,0.12139296228923194,0.020837552851360453,0.0416756874936585,0.11777520196161012,2.4128074540623308,global
2025-01-28,dlog_SOLVPN__d_PJM_LMP,X_to_SOLVPN,0.13968350363148593,0.041491212795981766,0.03672836208659335,0.1269213830093979,2.6734731759613775,global
2025-02-04,dlog_SOLVPN__d_VIX,PairwiseNet_SOLVPN_to_X,0.13450616910269098,0.020837552851360453,0.0416756874936585,0.11777520196161012,2.7274562961589224,global
2025-02-18,dlog_SOLVPN__dlog_GAS,X_to_SOLVPN,0.2294227887927943,0.038432434600687126,0.050308822545497095,0.15545075584151336,3.7963590584809226,global
2025-02-24,dlog_SOLVPN__d_PJM_LMP,X_to_SOLVPN,0.15104973910604583,0.041491212795981766,0.03672836208659335,0.1269213830093979,2.982940705380796,global
2025-02-26,dlog_SOLVPN__dlog_GAS,X_to_SOLVPN,0.2895907538020329,0.038432434600687126,0.050308822545497095,0.15545075584151336,4.992331493630351,global
2025-03-04,dlog_SOLVPN__dlog_DXY,PairwiseNet_SOLVPN_to_X,0.1297078807333918,0.008401786256489269,0.03803214606335672,0.09686455799985699,3.189567432635066,global
2025-03-13,dlog_SOLVPN__dlog_GAS,X_to_SOLVPN,0.21958617199334285,0.038432434600687126,0.050308822545497095,0.15545075584151336,3.6008343711250292,global
2025-03-27,dlog_SOLVPN__dlog_GAS,X_to_SOLVPN,0.17197856525236163,0.038432434600687126,0.050308822545497095,0.15545075584151336,2.6545270569769595,global
2025-04-03,dlog_SOLVPN__dlog_SILVER,X_to_SOLVPN,0.18140055712041864,0.07277309284399588,0.043783625738606634,0.1746138063119949,2.4810065965057673,global
2025-04-09,dlog_SOLVPN__d_UST10Y,PairwiseNet_SOLVPN_to_X,0.18634456167327812,0.019778213488588617,0.04095028708666206,0.11502858125216457,4.067525774170749,global
2025-04-09,dlog_SOLVPN__d_VIX,X_to_SOLVPN,0.344420357889747,0.14949370286906175,0.04786009989571706,0.26081629522649963,4.072842627688059,global
2025-04-22,dlog_SOLVPN__dlog_DXY,PairwiseNet_SOLVPN_to_X,0.1082936420634982,0.008401786256489269,0.03803214606335672,0.09686455799985699,2.6265111529757434,global
2025-04-29,dlog_SOLVPN__d_UST10Y,PairwiseNet_SOLVPN_to_X,0.12180389737868803,0.019778213488588617,0.04095028708666206,0.11502858125216457,2.4914522253332443,global
2025-04-30,dlog_SOLVPN__dlog_OIL,PairwiseNet_SOLVPN_to_X,0.19472100445145385,0.026912726624951807,0.05775970993643783,0.1612618119371062,2.9052825578793264,global
2025-04-30,dlog_SOLVPN__dlog_OIL,SOLVPN_to_X,0.22537447352713658,0.07167022242088025,0.05065766404428086,0.18949994898787753,3.0341756574464314,global
2025-05-06,dlog_SOLVPN__d_VIX,X_to_SOLVPN,0.2644443573077977,0.14949370286906175,0.04786009989571706,0.26081629522649963,2.4018055685049404,global
2025-05-06,dlog_SOLVPN__dlog_GOLD,PairwiseNet_SOLVPN_to_X,0.10605851283623138,0.006391008550365622,0.03843151428052714,0.09578271076687175,2.5933795779773963,global
2025-05-12,dlog_SOLVPN__dlog_OIL,PairwiseNet_SOLVPN_to_X,0.20070662257667216,0.026912726624951807,0.05775970993643783,0.1612618119371062,3.0089122009610736,global
2025-05-12,dlog_SOLVPN__dlog_OIL,SOLVPN_to_X,0.22620718070933374,0.07167022242088025,0.05065766404428086,0.18949994898787753,3.0506135883677876,global
2025-05-19,dlog_SOLVPN__d_UST10Y,PairwiseNet_SOLVPN_to_X,0.1476104740460183,0.019778213488588617,0.04095028708666206,0.11502858125216457,3.121645039677048,global
2025-05-20,dlog_SOLVPN__dlog_OIL,PairwiseNet_SOLVPN_to_X,0.2449718012710599,0.026912726624951807,0.05775970993643783,0.1612618119371062,3.7752799466284213,global
2025-05-20,dlog_SOLVPN__dlog_OIL,SOLVPN_to_X,0.2653739676995465,0.07167022242088025,0.05065766404428086,0.18949994898787753,3.823779657691006,global
2025-05-22,dlog_SOLVPN__dlog_SILVER,SOLVPN_to_X,0.16122692949400244,0.06943014005615157,0.037329584679862984,0.15625875402151287,2.4590894922913407,global
2025-05-27,dlog_SOLVPN__d_VIX,X_to_SOLVPN,0.2870986704585383,0.14949370286906175,0.04786009989571706,0.26081629522649963,2.8751500287150606,global
2025-05-28,dlog_SOLVPN__dlog_DXY,PairwiseNet_SOLVPN_to_X,0.15170830753268358,0.008401786256489269,0.03803214606335672,0.09686455799985699,3.7680366771168754,global
2025-06-05,dlog_SOLVPN__d_VIX,X_to_SOLVPN,0.28236609825667813,0.14949370286906175,0.04786009989571706,0.26081629522649963,2.7762665702147222,global
2025-06-17,dlog_SOLVPN__dlog_OIL,PairwiseNet_SOLVPN_to_X,0.16506342509452648,0.026912726624951807,0.05775970993643783,0.1612618119371062,2.391817732838406,global
2025-06-24,dlog_SOLVPN__d_PJM_LMP,X_to_SOLVPN,0.1429505825990702,0.041491212795981766,0.03672836208659335,0.1269213830093979,2.7624256579664714,global
2025-06-24,dlog_SOLVPN__d_VIX,PairwiseNet_SOLVPN_to_X,0.11998174636458875,0.020837552851360453,0.0416756874936585,0.11777520196161012,2.378945602956505,global
2025-06-24,dlog_SOLVPN__d_VIX,SOLVPN_to_X,0.3058234677246448,0.1703312557204222,0.04898251988802248,0.2842645969799625,2.7661339660345656,global
2025-06-25,dlog_SOLVPN__d_PJM_LMP,SOLVPN_to_X,0.1898548463612439,0.056854538580277884,0.04079367317907995,0.15174062239481784,3.2603170397798844,global
2025-07-03,dlog_SOLVPN__d_PJM_LMP,SOLVPN_to_X,0.17074111926975288,0.056854538580277884,0.04079367317907995,0.15174062239481784,2.791770679475831,global
2025-07-08,dlog_SOLVPN__dlog_COPPER,X_to_SOLVPN,0.1940927302961511,0.06734323892920387,0.04484690499912325,0.17165713995716453,2.826270650548241,global
2025-07-09,dlog_SOLVPN__dlog_COPPER,PairwiseNet_SOLVPN_to_X,0.20359828364032115,0.005871704925437054,0.04969703780413654,0.12146701485785866,3.97863911917958,global
2025-07-09,dlog_SOLVPN__dlog_COPPER,SOLVPN_to_X,0.21868606426251555,0.07321494385464093,0.04478521544143841,0.17738535497142666,3.248195168293744,global
2025-07-15,dlog_SOLVPN__dlog_GOLD,X_to_SOLVPN,0.16389004724402492,0.06327363745403829,0.04160720578137133,0.160051998101508,2.4182448184260266,global
2025-07-22,dlog_SOLVPN__dlog_COPPER,PairwiseNet_SOLVPN_to_X,0.24484864149965052,0.005871704925437054,0.04969703780413654,0.12146701485785866,4.808675670289592,global
2025-07-22,dlog_SOLVPN__dlog_COPPER,SOLVPN_to_X,0.2570125181662894,0.07321494385464093,0.04478521544143841,0.17738535497142666,4.103978790768216,global
2025-07-24,dlog_SOLVPN__d_PJM_LMP,X_to_SOLVPN,0.14790114825380044,0.041491212795981766,0.03672836208659335,0.1269213830093979,2.8972142892443493,global
2025-07-30,dlog_SOLVPN__dlog_COPPER,PairwiseNet_SOLVPN_to_X,0.19996213643414626,0.005871704925437054,0.04969703780413654,0.12146701485785866,3.90547284274062,global
2025-07-30,dlog_SOLVPN__dlog_COPPER,SOLVPN_to_X,0.2276272852431681,0.07321494385464093,0.04478521544143841,0.17738535497142666,3.4478418796586623,global
2025-08-04,dlog_SOLVPN__dlog_OIL,X_to_SOLVPN,0.1632663911017302,0.04475749579592846,0.039030250627404735,0.1355418587552719,3.0363344687976914,global
2025-08-25,dlog_SOLVPN__dlog_OIL,X_to_SOLVPN,0.1420064050355167,0.04475749579592846,0.039030250627404735,0.1355418587552719,2.4916291255200345,global
2025-09-22,dlog_SOLVPN__dlog_COPPER,X_to_SOLVPN,0.1787530085747749,0.06734323892920387,0.04484690499912325,0.17165713995716453,2.4842242658160933,global
2025-10-02,dlog_SOLVPN__dlog_OIL,X_to_SOLVPN,0.250996421752766,0.04475749579592846,0.039030250627404735,0.1355418587552719,5.284078955209904,global
2025-10-15,dlog_SOLVPN__dlog_COPPER,X_to_SOLVPN,0.22347015089381955,0.06734323892920387,0.04484690499912325,0.17165713995716453,3.4813308068342277,global
2025-10-16,dlog_SOLVPN__dlog_SILVER,SOLVPN_to_X,0.157609517283014,0.06943014005615157,0.037329584679862984,0.15625875402151287,2.3621847921182413,global
2025-10-16,dlog_SOLVPN__dlog_SILVER,X_to_SOLVPN,0.19633687331194882,0.07277309284399588,0.043783625738606634,0.1746138063119949,2.822145913763359,global
2025-10-20,dlog_SOLVPN__dlog_GOLD,PairwiseNet_SOLVPN_to_X,0.11071350220794514,0.006391008550365622,0.03843151428052714,0.09578271076687175,2.714503854729416,global
2025-11-13,dlog_SOLVPN__d_UST10Y,PairwiseNet_SOLVPN_to_X,0.1400662532722679,0.019778213488588617,0.04095028708666206,0.11502858125216457,2.9374162757178413,global
2025-11-17,dlog_SOLVPN__dlog_GOLD,X_to_SOLVPN,0.16083192140874938,0.06327363745403829,0.04160720578137133,0.160051998101508,2.3447449095077317,global
2025-12-18,dlog_SOLVPN__dlog_OIL,X_to_SOLVPN,0.1382173103343585,0.04475749579592846,0.039030250627404735,0.1355418587552719,2.394548152678478,global
2025-12-22,dlog_SOLVPN__d_PJM_LMP,SOLVPN_to_X,0.1556043553148749,0.056854538580277884,0.04079367317907995,0.15174062239481784,2.4207140234980966,global
2025-12-29,dlog_SOLVPN__dlog_COPPER,X_to_SOLVPN,0.19410740010819563,0.06734323892920387,0.04484690499912325,0.17165713995716453,2.826597759231545,global
