pair,min_size,model,penalty,segment_id,start_idx,end_idx,start_date,end_date,length
dlog_SOLVPN__dlog_COPPER,30,normal,30.0,0,0,504,2022-12-01,2025-06-30,505
dlog_SOLVPN__dlog_COPPER,30,normal,30.0,1,505,534,2025-07-01,2025-08-20,30
dlog_SOLVPN__dlog_COPPER,30,normal,30.0,2,535,605,2025-08-21,2026-01-06,71
dlog_SOLVPN__dlog_COPPER,60,normal,20.0,0,0,409,2022-12-01,2025-01-02,410
dlog_SOLVPN__dlog_COPPER,60,normal,20.0,1,410,469,2025-01-06,2025-04-24,60
dlog_SOLVPN__dlog_COPPER,60,normal,20.0,2,470,529,2025-04-28,2025-08-12,60
dlog_SOLVPN__dlog_COPPER,60,normal,20.0,3,530,605,2025-08-13,2026-01-06,76
dlog_SOLVPN__dlog_COPPER,90,normal,30.0,0,0,504,2022-12-01,2025-06-30,505
dlog_SOLVPN__dlog_COPPER,90,normal,30.0,1,505,605,2025-07-01,2026-01-06,101
dlog_SOLVPN__dlog_COPPER,120,normal,20.0,0,0,454,2022-12-01,2025-03-27,455
dlog_SOLVPN__dlog_COPPER,120,normal,20.0,1,455,605,2025-03-31,2026-01-06,151
dlog_SOLVPN__dlog_GOLD,30,normal,20.0,0,0,454,2022-12-01,2025-03-27,455
dlog_SOLVPN__dlog_GOLD,30,normal,20.0,1,455,605,2025-03-31,2026-01-06,151
dlog_SOLVPN__dlog_GOLD,60,normal,20.0,0,0,454,2022-12-01,2025-03-27,455
dlog_SOLVPN__dlog_GOLD,60,normal,20.0,1,455,605,2025-03-31,2026-01-06,151
dlog_SOLVPN__dlog_GOLD,90,normal,15.0,0,0,454,2022-12-01,2025-03-27,455
dlog_SOLVPN__dlog_GOLD,90,normal,15.0,1,455,605,2025-03-31,2026-01-06,151
dlog_SOLVPN__dlog_GOLD,120,normal,10.0,0,0,454,2022-12-01,2025-03-27,455
dlog_SOLVPN__dlog_GOLD,120,normal,10.0,1,455,605,2025-03-31,2026-01-06,151
dlog_SOLVPN__dlog_SILVER,30,normal,30.0,0,0,554,2022-12-01,2025-09-25,555
dlog_SOLVPN__dlog_SILVER,30,normal,30.0,1,555,605,2025-09-29,2026-01-06,51
dlog_SOLVPN__dlog_SILVER,60,normal,30.0,0,0,544,2022-12-01,2025-09-09,545
dlog_SOLVPN__dlog_SILVER,60,normal,30.0,1,545,605,2025-09-10,2026-01-06,61
dlog_SOLVPN__dlog_SILVER,90,normal,30.0,0,0,605,2022-12-01,2026-01-06,606
dlog_SOLVPN__dlog_SILVER,120,normal,30.0,0,0,605,2022-12-01,2026-01-06,606
dlog_SOLVPN__dlog_DXY,30,normal,30.0,0,0,414,2022-12-01,2025-01-14,415
dlog_SOLVPN__dlog_DXY,30,normal,30.0,1,415,479,2025-01-15,2025-05-13,65
dlog_SOLVPN__dlog_DXY,30,normal,30.0,2,480,605,2025-05-14,2026-01-06,126
dlog_SOLVPN__dlog_DXY,60,normal,30.0,0,0,414,2022-12-01,2025-01-14,415
dlog_SOLVPN__dlog_DXY,60,normal,30.0,1,415,479,2025-01-15,2025-05-13,65
dlog_SOLVPN__dlog_DXY,60,normal,30.0,2,480,605,2025-05-14,2026-01-06,126
dlog_SOLVPN__dlog_DXY,90,normal,20.0,0,0,414,2022-12-01,2025-01-14,415
dlog_SOLVPN__dlog_DXY,90,normal,20.0,1,415,504,2025-01-15,2025-06-30,90
dlog_SOLVPN__dlog_DXY,90,normal,20.0,2,505,605,2025-07-01,2026-01-06,101
dlog_SOLVPN__dlog_DXY,120,normal,20.0,0,0,414,2022-12-01,2025-01-14,415
dlog_SOLVPN__dlog_DXY,120,normal,20.0,1,415,605,2025-01-15,2026-01-06,191
dlog_SOLVPN__dlog_OIL,30,normal,30.0,0,0,605,2022-12-01,2026-01-06,606
dlog_SOLVPN__dlog_OIL,60,normal,30.0,0,0,605,2022-12-01,2026-01-06,606
dlog_SOLVPN__dlog_OIL,90,normal,20.0,0,0,605,2022-12-01,2026-01-06,606
dlog_SOLVPN__dlog_OIL,120,normal,15.0,0,0,605,2022-12-01,2026-01-06,606
dlog_SOLVPN__dlog_GAS,30,normal,30.0,0,0,29,2022-12-01,2023-01-26,30
dlog_SOLVPN__dlog_GAS,30,normal,30.0,1,30,214,2023-01-30,2024-01-03,185
dlog_SOLVPN__dlog_GAS,30,normal,30.0,2,215,244,2024-01-04,2024-02-28,30
dlog_SOLVPN__dlog_GAS,30,normal,30.0,3,245,379,2024-02-29,2024-10-31,135
dlog_SOLVPN__dlog_GAS,30,normal,30.0,4,380,434,2024-11-04,2025-02-20,55
dlog_SOLVPN__dlog_GAS,30,normal,30.0,5,435,605,2025-02-24,2026-01-06,171
dlog_SOLVPN__dlog_GAS,60,normal,20.0,0,0,59,2022-12-01,2023-03-22,60
dlog_SOLVPN__dlog_GAS,60,normal,20.0,1,60,179,2023-03-23,2023-10-30,120
dlog_SOLVPN__dlog_GAS,60,normal,20.0,2,180,239,2023-10-31,2024-02-20,60
dlog_SOLVPN__dlog_GAS,60,normal,20.0,3,240,374,2024-02-21,2024-10-23,135
dlog_SOLVPN__dlog_GAS,60,normal,20.0,4,375,434,2024-10-24,2025-02-20,60
dlog_SOLVPN__dlog_GAS,60,normal,20.0,5,435,605,2025-02-24,2026-01-06,171
dlog_SOLVPN__dlog_GAS,90,normal,30.0,0,0,179,2022-12-01,2023-10-30,180
dlog_SOLVPN__dlog_GAS,90,normal,30.0,1,180,269,2023-10-31,2024-04-15,90
dlog_SOLVPN__dlog_GAS,90,normal,30.0,2,270,374,2024-04-16,2024-10-23,105
dlog_SOLVPN__dlog_GAS,90,normal,30.0,3,375,464,2024-10-24,2025-04-15,90
dlog_SOLVPN__dlog_GAS,90,normal,30.0,4,465,605,2025-04-16,2026-01-06,141
dlog_SOLVPN__dlog_GAS,120,normal,15.0,0,0,219,2022-12-01,2024-01-11,220
dlog_SOLVPN__dlog_GAS,120,normal,15.0,1,220,434,2024-01-16,2025-02-20,215
dlog_SOLVPN__dlog_GAS,120,normal,15.0,2,435,605,2025-02-24,2026-01-06,171
dlog_SOLVPN__d_UST10Y,30,normal,30.0,0,0,494,2022-12-01,2025-06-10,495
dlog_SOLVPN__d_UST10Y,30,normal,30.0,1,495,605,2025-06-11,2026-01-06,111
dlog_SOLVPN__d_UST10Y,60,normal,30.0,0,0,494,2022-12-01,2025-06-10,495
dlog_SOLVPN__d_UST10Y,60,normal,30.0,1,495,605,2025-06-11,2026-01-06,111
dlog_SOLVPN__d_UST10Y,90,normal,30.0,0,0,494,2022-12-01,2025-06-10,495
dlog_SOLVPN__d_UST10Y,90,normal,30.0,1,495,605,2025-06-11,2026-01-06,111
dlog_SOLVPN__d_UST10Y,120,normal,30.0,0,0,484,2022-12-01,2025-05-21,485
dlog_SOLVPN__d_UST10Y,120,normal,30.0,1,485,605,2025-05-22,2026-01-06,121
dlog_SOLVPN__d_VIX,30,normal,30.0,0,0,59,2022-12-01,2023-03-22,60
dlog_SOLVPN__d_VIX,30,normal,30.0,1,60,319,2023-03-23,2024-07-16,260
dlog_SOLVPN__d_VIX,30,normal,30.0,2,320,349,2024-07-17,2024-09-09,30
dlog_SOLVPN__d_VIX,30,normal,30.0,3,350,399,2024-09-10,2024-12-10,50
dlog_SOLVPN__d_VIX,30,normal,30.0,4,400,469,2024-12-11,2025-04-24,70
dlog_SOLVPN__d_VIX,30,normal,30.0,5,470,605,2025-04-28,2026-01-06,136
dlog_SOLVPN__d_VIX,60,normal,30.0,0,0,59,2022-12-01,2023-03-22,60
dlog_SOLVPN__d_VIX,60,normal,30.0,1,60,319,2023-03-23,2024-07-16,260
dlog_SOLVPN__d_VIX,60,normal,30.0,2,320,469,2024-07-17,2025-04-24,150
dlog_SOLVPN__d_VIX,60,normal,30.0,3,470,605,2025-04-28,2026-01-06,136
dlog_SOLVPN__d_VIX,90,normal,15.0,0,0,184,2022-12-01,2023-11-07,185
dlog_SOLVPN__d_VIX,90,normal,15.0,1,185,319,2023-11-08,2024-07-16,135
dlog_SOLVPN__d_VIX,90,normal,15.0,2,320,469,2024-07-17,2025-04-24,150
dlog_SOLVPN__d_VIX,90,normal,15.0,3,470,605,2025-04-28,2026-01-06,136
dlog_SOLVPN__d_VIX,120,normal,5.0,0,0,184,2022-12-01,2023-11-07,185
dlog_SOLVPN__d_VIX,120,normal,5.0,1,185,319,2023-11-08,2024-07-16,135
dlog_SOLVPN__d_VIX,120,normal,5.0,2,320,469,2024-07-17,2025-04-24,150
dlog_SOLVPN__d_VIX,120,normal,5.0,3,470,605,2025-04-28,2026-01-06,136
dlog_SOLVPN__d_PJM_LMP,30,normal,30.0,0,0,29,2022-12-01,2023-01-26,30
dlog_SOLVPN__d_PJM_LMP,30,normal,30.0,1,30,124,2023-01-30,2023-07-20,95
dlog_SOLVPN__d_PJM_LMP,30,normal,30.0,2,125,224,2023-07-24,2024-01-23,100
dlog_SOLVPN__d_PJM_LMP,30,normal,30.0,3,225,314,2024-01-24,2024-07-08,90
dlog_SOLVPN__d_PJM_LMP,30,normal,30.0,4,315,349,2024-07-09,2024-09-09,35
dlog_SOLVPN__d_PJM_LMP,30,normal,30.0,5,350,409,2024-09-10,2025-01-02,60
dlog_SOLVPN__d_PJM_LMP,30,normal,30.0,6,410,439,2025-01-06,2025-03-03,30
dlog_SOLVPN__d_PJM_LMP,30,normal,30.0,7,440,469,2025-03-04,2025-04-24,30
dlog_SOLVPN__d_PJM_LMP,30,normal,30.0,8,470,499,2025-04-28,2025-06-18,30
dlog_SOLVPN__d_PJM_LMP,30,normal,30.0,9,500,605,2025-06-23,2026-01-06,106
dlog_SOLVPN__d_PJM_LMP,60,normal,30.0,0,0,59,2022-12-01,2023-03-22,60
dlog_SOLVPN__d_PJM_LMP,60,normal,30.0,1,60,124,2023-03-23,2023-07-20,65
dlog_SOLVPN__d_PJM_LMP,60,normal,30.0,2,125,224,2023-07-24,2024-01-23,100
dlog_SOLVPN__d_PJM_LMP,60,normal,30.0,3,225,309,2024-01-24,2024-06-26,85
dlog_SOLVPN__d_PJM_LMP,60,normal,30.0,4,310,434,2024-06-27,2025-02-20,125
dlog_SOLVPN__d_PJM_LMP,60,normal,30.0,5,435,499,2025-02-24,2025-06-18,65
dlog_SOLVPN__d_PJM_LMP,60,normal,30.0,6,500,605,2025-06-23,2026-01-06,106
dlog_SOLVPN__d_PJM_LMP,90,normal,30.0,0,0,89,2022-12-01,2023-05-16,90
dlog_SOLVPN__d_PJM_LMP,90,normal,30.0,1,90,414,2023-05-17,2025-01-14,325
dlog_SOLVPN__d_PJM_LMP,90,normal,30.0,2,415,605,2025-01-15,2026-01-06,191
dlog_SOLVPN__d_PJM_LMP,120,normal,30.0,0,0,414,2022-12-01,2025-01-14,415
dlog_SOLVPN__d_PJM_LMP,120,normal,30.0,1,415,605,2025-01-15,2026-01-06,191
