pair,min_size,selected_model,selected_penalty,n_cp,n_segments,min_segment_length,max_segment_length,mean_segment_length,gaussian_nll,n_params,bic_score,change_idx,change_dates
dlog_SOLVPN__dlog_COPPER,30,normal,30.0,2,3,30,505,202.0,471.0473782807758,15,1038.1979563525913,505|535,2025-07-01|2025-08-21
dlog_SOLVPN__dlog_COPPER,60,normal,20.0,3,4,60,410,151.5,462.6509523080606,20,1053.4395043375075,410|470|530,2025-01-06|2025-04-28|2025-08-13
dlog_SOLVPN__dlog_COPPER,90,normal,30.0,1,2,101,505,303.0,509.10008266932687,10,1082.268965199347,505,2025-07-01
dlog_SOLVPN__dlog_COPPER,120,normal,20.0,1,2,151,455,303.0,511.4542845840592,10,1086.9773690288116,455,2025-03-31
dlog_SOLVPN__dlog_GOLD,30,normal,20.0,1,2,151,455,303.0,559.2037431985491,10,1182.4762862577913,455,2025-03-31
dlog_SOLVPN__dlog_GOLD,60,normal,20.0,1,2,151,455,303.0,559.2037431985491,10,1182.4762862577913,455,2025-03-31
dlog_SOLVPN__dlog_GOLD,90,normal,15.0,1,2,151,455,303.0,559.2037431985491,10,1182.4762862577913,455,2025-03-31
dlog_SOLVPN__dlog_GOLD,120,normal,10.0,1,2,151,455,303.0,559.2037431985491,10,1182.4762862577913,455,2025-03-31
dlog_SOLVPN__dlog_SILVER,30,normal,30.0,1,2,51,555,303.0,559.2190466526207,10,1182.5068931659346,555,2025-09-29
dlog_SOLVPN__dlog_SILVER,60,normal,30.0,1,2,61,545,303.0,562.3210538832733,10,1188.7109076272397,545,2025-09-10
dlog_SOLVPN__dlog_SILVER,90,normal,30.0,0,1,606,606,606.0,585.7143238099237,5,1203.463047550194,,
dlog_SOLVPN__dlog_SILVER,120,normal,30.0,0,1,606,606,606.0,585.7143238099237,5,1203.463047550194,,
dlog_SOLVPN__dlog_DXY,30,normal,30.0,2,3,65,415,202.0,554.1835397878618,15,1204.4702793667634,415|480,2025-01-15|2025-05-14
dlog_SOLVPN__dlog_DXY,60,normal,30.0,2,3,65,415,202.0,554.1835397878618,15,1204.4702793667634,415|480,2025-01-15|2025-05-14
dlog_SOLVPN__dlog_DXY,90,normal,20.0,2,3,90,415,202.0,557.2232215499292,15,1210.5496428908982,415|505,2025-01-15|2025-07-01
dlog_SOLVPN__dlog_DXY,120,normal,20.0,1,2,191,415,303.0,573.8399392880413,10,1211.7486784367757,415,2025-01-15
dlog_SOLVPN__dlog_OIL,30,normal,30.0,0,1,606,606,606.0,605.9739410825642,5,1243.982282095475,,
dlog_SOLVPN__dlog_OIL,60,normal,30.0,0,1,606,606,606.0,605.9739410825642,5,1243.982282095475,,
dlog_SOLVPN__dlog_OIL,90,normal,20.0,0,1,606,606,606.0,605.9739410825642,5,1243.982282095475,,
dlog_SOLVPN__dlog_OIL,120,normal,15.0,0,1,606,606,606.0,605.9739410825642,5,1243.982282095475,,
dlog_SOLVPN__dlog_GAS,30,normal,30.0,5,6,30,185,101.0,426.3852012780718,30,1044.976802138223,30|215|245|380|435,2023-01-30|2024-01-04|2024-02-29|2024-11-04|2025-02-24
dlog_SOLVPN__dlog_GAS,60,normal,20.0,5,6,60,171,101.0,447.26966759887046,30,1086.7457347798204,60|180|240|375|435,2023-03-23|2023-10-31|2024-02-21|2024-10-24|2025-02-24
dlog_SOLVPN__dlog_GAS,90,normal,30.0,4,5,90,180,121.2,487.70216081212885,25,1135.5763212759905,180|270|375|465,2023-10-31|2024-04-16|2024-10-24|2025-04-16
dlog_SOLVPN__dlog_GAS,120,normal,15.0,2,3,171,220,202.0,521.8083991339183,15,1139.7199980588764,220|435,2024-01-16|2025-02-24
dlog_SOLVPN__d_UST10Y,30,normal,30.0,1,2,111,495,303.0,559.4104943889348,10,1182.8897886385628,495,2025-06-11
dlog_SOLVPN__d_UST10Y,60,normal,30.0,1,2,111,495,303.0,559.4104943889348,10,1182.8897886385628,495,2025-06-11
dlog_SOLVPN__d_UST10Y,90,normal,30.0,1,2,111,495,303.0,559.4104943889348,10,1182.8897886385628,495,2025-06-11
dlog_SOLVPN__d_UST10Y,120,normal,30.0,1,2,121,485,303.0,559.9234412792454,10,1183.915682419184,485,2025-05-22
dlog_SOLVPN__d_VIX,30,normal,30.0,5,6,30,260,101.0,262.35990030777015,30,716.9262001976197,60|320|350|400|470,2023-03-23|2024-07-17|2024-09-10|2024-12-11|2025-04-28
dlog_SOLVPN__d_VIX,60,normal,30.0,3,4,60,260,151.5,297.3136807627156,20,722.7649612468175,60|320|470,2023-03-23|2024-07-17|2025-04-28
dlog_SOLVPN__d_VIX,90,normal,15.0,3,4,135,185,151.5,298.64052983669706,20,725.4186593947804,185|320|470,2023-11-08|2024-07-17|2025-04-28
dlog_SOLVPN__d_VIX,120,normal,5.0,3,4,135,185,151.5,298.64052983669706,20,725.4186593947804,185|320|470,2023-11-08|2024-07-17|2025-04-28
dlog_SOLVPN__d_PJM_LMP,30,normal,30.0,9,10,30,106,60.6,357.2000728840652,50,1034.744145071596,30|125|225|315|350|410|440|470|500,2023-01-30|2023-07-24|2024-01-24|2024-07-09|2024-09-10|2025-01-06|2025-03-04|2025-04-28|2025-06-23
dlog_SOLVPN__d_PJM_LMP,60,normal,30.0,6,7,60,125,86.57142857142857,458.1549039413844,35,1140.550607395195,60|125|225|310|435|500,2023-03-23|2023-07-24|2024-01-24|2024-06-27|2025-02-24|2025-06-23
dlog_SOLVPN__d_PJM_LMP,90,normal,30.0,2,3,90,325,202.0,550.5695832949443,15,1197.2423663809284,90|415,2023-05-17|2025-01-15
dlog_SOLVPN__d_PJM_LMP,120,normal,30.0,1,2,191,415,303.0,569.927244978775,10,1203.9232898182431,415,2025-01-15
