pair,cluster_id,cluster_start,cluster_end,representative_date,n_occurrences,n_unique_min_size,min_sizes,dates
dlog_SOLVPN__d_PJM_LMP,1,2023-01-30,2023-01-30,2023-01-30,1,1,30,2023-01-30
dlog_SOLVPN__d_PJM_LMP,2,2023-03-23,2023-03-23,2023-03-23,1,1,60,2023-03-23
dlog_SOLVPN__d_PJM_LMP,3,2023-05-17,2023-05-17,2023-05-17,1,1,90,2023-05-17
dlog_SOLVPN__d_PJM_LMP,4,2023-07-24,2023-07-24,2023-07-24,2,2,30|60,2023-07-24|2023-07-24
dlog_SOLVPN__d_PJM_LMP,5,2024-01-24,2024-01-24,2024-01-24,2,2,30|60,2024-01-24|2024-01-24
dlog_SOLVPN__d_PJM_LMP,6,2024-06-27,2024-06-27,2024-06-27,1,1,60,2024-06-27
dlog_SOLVPN__d_PJM_LMP,7,2024-07-09,2024-07-09,2024-07-09,1,1,30,2024-07-09
dlog_SOLVPN__d_PJM_LMP,8,2024-09-10,2024-09-10,2024-09-10,1,1,30,2024-09-10
dlog_SOLVPN__d_PJM_LMP,9,2025-01-06,2025-01-15,2025-01-15,3,3,30|90|120,2025-01-06|2025-01-15|2025-01-15
dlog_SOLVPN__d_PJM_LMP,10,2025-02-24,2025-03-04,2025-02-28,2,2,30|60,2025-02-24|2025-03-04
dlog_SOLVPN__d_PJM_LMP,11,2025-04-28,2025-04-28,2025-04-28,1,1,30,2025-04-28
dlog_SOLVPN__d_PJM_LMP,12,2025-06-23,2025-06-23,2025-06-23,2,2,30|60,2025-06-23|2025-06-23
dlog_SOLVPN__d_UST10Y,1,2025-05-22,2025-05-22,2025-05-22,1,1,120,2025-05-22
dlog_SOLVPN__d_UST10Y,2,2025-06-11,2025-06-11,2025-06-11,3,3,30|60|90,2025-06-11|2025-06-11|2025-06-11
dlog_SOLVPN__d_VIX,1,2023-03-23,2023-03-23,2023-03-23,2,2,30|60,2023-03-23|2023-03-23
dlog_SOLVPN__d_VIX,2,2023-11-08,2023-11-08,2023-11-08,2,2,90|120,2023-11-08|2023-11-08
dlog_SOLVPN__d_VIX,3,2024-07-17,2024-07-17,2024-07-17,4,4,30|60|90|120,2024-07-17|2024-07-17|2024-07-17|2024-07-17
dlog_SOLVPN__d_VIX,4,2024-09-10,2024-09-10,2024-09-10,1,1,30,2024-09-10
dlog_SOLVPN__d_VIX,5,2024-12-11,2024-12-11,2024-12-11,1,1,30,2024-12-11
dlog_SOLVPN__d_VIX,6,2025-04-28,2025-04-28,2025-04-28,4,4,30|60|90|120,2025-04-28|2025-04-28|2025-04-28|2025-04-28
dlog_SOLVPN__dlog_COPPER,1,2025-01-06,2025-01-06,2025-01-06,1,1,60,2025-01-06
dlog_SOLVPN__dlog_COPPER,2,2025-03-31,2025-03-31,2025-03-31,1,1,120,2025-03-31
dlog_SOLVPN__dlog_COPPER,3,2025-04-28,2025-04-28,2025-04-28,1,1,60,2025-04-28
dlog_SOLVPN__dlog_COPPER,4,2025-07-01,2025-07-01,2025-07-01,2,2,30|90,2025-07-01|2025-07-01
dlog_SOLVPN__dlog_COPPER,5,2025-08-13,2025-08-21,2025-08-17,2,2,30|60,2025-08-13|2025-08-21
dlog_SOLVPN__dlog_DXY,1,2025-01-15,2025-01-15,2025-01-15,4,4,30|60|90|120,2025-01-15|2025-01-15|2025-01-15|2025-01-15
dlog_SOLVPN__dlog_DXY,2,2025-05-14,2025-05-14,2025-05-14,2,2,30|60,2025-05-14|2025-05-14
dlog_SOLVPN__dlog_DXY,3,2025-07-01,2025-07-01,2025-07-01,1,1,90,2025-07-01
dlog_SOLVPN__dlog_GAS,1,2023-01-30,2023-01-30,2023-01-30,1,1,30,2023-01-30
dlog_SOLVPN__dlog_GAS,2,2023-03-23,2023-03-23,2023-03-23,1,1,60,2023-03-23
dlog_SOLVPN__dlog_GAS,3,2023-10-31,2023-10-31,2023-10-31,2,2,60|90,2023-10-31|2023-10-31
dlog_SOLVPN__dlog_GAS,4,2024-01-04,2024-01-04,2024-01-04,1,1,30,2024-01-04
dlog_SOLVPN__dlog_GAS,5,2024-01-16,2024-01-16,2024-01-16,1,1,120,2024-01-16
dlog_SOLVPN__dlog_GAS,6,2024-02-21,2024-02-29,2024-02-25,2,2,30|60,2024-02-21|2024-02-29
dlog_SOLVPN__dlog_GAS,7,2024-04-16,2024-04-16,2024-04-16,1,1,90,2024-04-16
dlog_SOLVPN__dlog_GAS,8,2024-10-24,2024-10-24,2024-10-24,2,2,60|90,2024-10-24|2024-10-24
dlog_SOLVPN__dlog_GAS,9,2024-11-04,2024-11-04,2024-11-04,1,1,30,2024-11-04
dlog_SOLVPN__dlog_GAS,10,2025-02-24,2025-02-24,2025-02-24,3,3,30|60|120,2025-02-24|2025-02-24|2025-02-24
dlog_SOLVPN__dlog_GAS,11,2025-04-16,2025-04-16,2025-04-16,1,1,90,2025-04-16
dlog_SOLVPN__dlog_GOLD,1,2025-03-31,2025-03-31,2025-03-31,4,4,30|60|90|120,2025-03-31|2025-03-31|2025-03-31|2025-03-31
dlog_SOLVPN__dlog_SILVER,1,2025-09-10,2025-09-10,2025-09-10,1,1,60,2025-09-10
dlog_SOLVPN__dlog_SILVER,2,2025-09-29,2025-09-29,2025-09-29,1,1,30,2025-09-29
