pair,model,min_size,penalty,n_cp,n_segments,min_segment_length,max_segment_length,mean_segment_length,gaussian_nll,n_params,bic_score,change_idx,change_dates,error_msg
dlog_SOLVPN__dlog_COPPER,normal,30,5,13,14,30,105,43.285714285714285,381.84583897010026,70,1212.1732769650525,60|165|195|250|280|320|360|390|435|470|500|530|575,2023-03-23|2023-10-03|2023-11-28|2024-03-11|2024-05-02|2024-07-17|2024-09-26|2024-11-21|2025-02-24|2025-04-28|2025-06-23|2025-08-13|2025-11-04,
dlog_SOLVPN__dlog_COPPER,normal,30,7,11,12,30,105,50.5,389.91741271075574,60,1164.2476245856703,60|165|250|280|320|390|435|470|500|530|575,2023-03-23|2023-10-03|2024-03-11|2024-05-02|2024-07-17|2024-11-21|2025-02-24|2025-04-28|2025-06-23|2025-08-13|2025-11-04,
dlog_SOLVPN__dlog_COPPER,normal,30,10,11,12,30,105,50.5,389.91741271075574,60,1164.2476245856703,60|165|250|280|320|390|435|470|500|530|575,2023-03-23|2023-10-03|2024-03-11|2024-05-02|2024-07-17|2024-11-21|2025-02-24|2025-04-28|2025-06-23|2025-08-13|2025-11-04,
dlog_SOLVPN__dlog_COPPER,normal,30,15,7,8,30,160,75.75,417.69023628275704,40,1091.6556720082867,60|165|250|410|470|500|530,2023-03-23|2023-10-03|2024-03-11|2025-01-06|2025-04-28|2025-06-23|2025-08-13,
dlog_SOLVPN__dlog_COPPER,normal,30,20,4,5,30,410,121.2,445.89056884073204,25,1051.953137333197,410|470|500|530,2025-01-06|2025-04-28|2025-06-23|2025-08-13,
dlog_SOLVPN__dlog_COPPER,normal,30,30,2,3,30,505,202.0,471.0473782807758,15,1038.1979563525913,505|535,2025-07-01|2025-08-21,
dlog_SOLVPN__dlog_COPPER,normal,30,50,2,3,30,505,202.0,471.0473782807758,15,1038.1979563525913,505|535,2025-07-01|2025-08-21,
dlog_SOLVPN__dlog_COPPER,normal,60,5,7,8,60,105,75.75,428.12978301198666,40,1112.534765466746,60|165|250|320|410|470|530,2023-03-23|2023-10-03|2024-03-11|2024-07-17|2025-01-06|2025-04-28|2025-08-13,
dlog_SOLVPN__dlog_COPPER,normal,60,7,7,8,60,105,75.75,428.12978301198666,40,1112.534765466746,60|165|250|320|410|470|530,2023-03-23|2023-10-03|2024-03-11|2024-07-17|2025-01-06|2025-04-28|2025-08-13,
dlog_SOLVPN__dlog_COPPER,normal,60,10,7,8,60,105,75.75,428.12978301198666,40,1112.534765466746,60|165|250|320|410|470|530,2023-03-23|2023-10-03|2024-03-11|2024-07-17|2025-01-06|2025-04-28|2025-08-13,
dlog_SOLVPN__dlog_COPPER,normal,60,15,6,7,60,160,86.57142857142857,434.4506197500856,35,1093.1420390125973,60|165|250|410|470|530,2023-03-23|2023-10-03|2024-03-11|2025-01-06|2025-04-28|2025-08-13,
dlog_SOLVPN__dlog_COPPER,normal,60,20,3,4,60,410,151.5,462.6509523080606,20,1053.4395043375075,410|470|530,2025-01-06|2025-04-28|2025-08-13,
dlog_SOLVPN__dlog_COPPER,normal,60,30,3,4,60,410,151.5,462.6509523080606,20,1053.4395043375075,410|470|530,2025-01-06|2025-04-28|2025-08-13,
dlog_SOLVPN__dlog_COPPER,normal,60,50,2,3,60,470,202.0,479.7056037087466,15,1055.514407208533,470|530,2025-04-28|2025-08-13,
dlog_SOLVPN__dlog_COPPER,normal,90,5,4,5,95,160,121.2,480.8348169315278,25,1121.8416335147886,95|250|410|505,2023-05-25|2024-03-11|2025-01-06|2025-07-01,
dlog_SOLVPN__dlog_COPPER,normal,90,7,4,5,95,160,121.2,480.8348169315278,25,1121.8416335147886,95|250|410|505,2023-05-25|2024-03-11|2025-01-06|2025-07-01,
dlog_SOLVPN__dlog_COPPER,normal,90,10,4,5,95,160,121.2,480.8348169315278,25,1121.8416335147886,95|250|410|505,2023-05-25|2024-03-11|2025-01-06|2025-07-01,
dlog_SOLVPN__dlog_COPPER,normal,90,15,2,3,95,410,202.0,496.2323845855624,15,1088.5679689621645,410|505,2025-01-06|2025-07-01,
dlog_SOLVPN__dlog_COPPER,normal,90,20,2,3,95,410,202.0,496.2323845855624,15,1088.5679689621645,410|505,2025-01-06|2025-07-01,
dlog_SOLVPN__dlog_COPPER,normal,90,30,1,2,101,505,303.0,509.10008266932687,10,1082.268965199347,505,2025-07-01,
dlog_SOLVPN__dlog_COPPER,normal,90,50,1,2,101,505,303.0,509.10008266932687,10,1082.268965199347,505,2025-07-01,
dlog_SOLVPN__dlog_COPPER,normal,120,5,3,4,125,210,151.5,494.7633416477089,20,1117.6642830168041,135|260|470,2023-08-09|2024-03-27|2025-04-28,
dlog_SOLVPN__dlog_COPPER,normal,120,7,3,4,125,210,151.5,494.7633416477089,20,1117.6642830168041,135|260|470,2023-08-09|2024-03-27|2025-04-28,
dlog_SOLVPN__dlog_COPPER,normal,120,10,3,4,125,210,151.5,494.7633416477089,20,1117.6642830168041,135|260|470,2023-08-09|2024-03-27|2025-04-28,
dlog_SOLVPN__dlog_COPPER,normal,120,15,2,3,136,320,202.0,500.7960801195766,15,1097.695360030193,320|470,2024-07-17|2025-04-28,
dlog_SOLVPN__dlog_COPPER,normal,120,20,1,2,151,455,303.0,511.4542845840592,10,1086.9773690288116,455,2025-03-31,
dlog_SOLVPN__dlog_COPPER,normal,120,30,1,2,151,455,303.0,511.4542845840592,10,1086.9773690288116,455,2025-03-31,
dlog_SOLVPN__dlog_COPPER,normal,120,50,1,2,151,455,303.0,511.4542845840592,10,1086.9773690288116,455,2025-03-31,
dlog_SOLVPN__dlog_COPPER,rbf,30,5,0,1,606,606,606.0,591.9225370325821,5,1215.8794739955108,,,
dlog_SOLVPN__dlog_COPPER,rbf,30,7,0,1,606,606,606.0,591.9225370325821,5,1215.8794739955108,,,
dlog_SOLVPN__dlog_COPPER,rbf,30,10,0,1,606,606,606.0,591.9225370325821,5,1215.8794739955108,,,
dlog_SOLVPN__dlog_COPPER,rbf,30,15,0,1,606,606,606.0,591.9225370325821,5,1215.8794739955108,,,
dlog_SOLVPN__dlog_COPPER,rbf,30,20,0,1,606,606,606.0,591.9225370325821,5,1215.8794739955108,,,
dlog_SOLVPN__dlog_COPPER,rbf,30,30,0,1,606,606,606.0,591.9225370325821,5,1215.8794739955108,,,
dlog_SOLVPN__dlog_COPPER,rbf,30,50,0,1,606,606,606.0,591.9225370325821,5,1215.8794739955108,,,
dlog_SOLVPN__dlog_COPPER,rbf,60,5,0,1,606,606,606.0,591.9225370325821,5,1215.8794739955108,,,
dlog_SOLVPN__dlog_COPPER,rbf,60,7,0,1,606,606,606.0,591.9225370325821,5,1215.8794739955108,,,
dlog_SOLVPN__dlog_COPPER,rbf,60,10,0,1,606,606,606.0,591.9225370325821,5,1215.8794739955108,,,
dlog_SOLVPN__dlog_COPPER,rbf,60,15,0,1,606,606,606.0,591.9225370325821,5,1215.8794739955108,,,
dlog_SOLVPN__dlog_COPPER,rbf,60,20,0,1,606,606,606.0,591.9225370325821,5,1215.8794739955108,,,
dlog_SOLVPN__dlog_COPPER,rbf,60,30,0,1,606,606,606.0,591.9225370325821,5,1215.8794739955108,,,
dlog_SOLVPN__dlog_COPPER,rbf,60,50,0,1,606,606,606.0,591.9225370325821,5,1215.8794739955108,,,
dlog_SOLVPN__dlog_COPPER,rbf,90,5,0,1,606,606,606.0,591.9225370325821,5,1215.8794739955108,,,
dlog_SOLVPN__dlog_COPPER,rbf,90,7,0,1,606,606,606.0,591.9225370325821,5,1215.8794739955108,,,
dlog_SOLVPN__dlog_COPPER,rbf,90,10,0,1,606,606,606.0,591.9225370325821,5,1215.8794739955108,,,
dlog_SOLVPN__dlog_COPPER,rbf,90,15,0,1,606,606,606.0,591.9225370325821,5,1215.8794739955108,,,
dlog_SOLVPN__dlog_COPPER,rbf,90,20,0,1,606,606,606.0,591.9225370325821,5,1215.8794739955108,,,
dlog_SOLVPN__dlog_COPPER,rbf,90,30,0,1,606,606,606.0,591.9225370325821,5,1215.8794739955108,,,
dlog_SOLVPN__dlog_COPPER,rbf,90,50,0,1,606,606,606.0,591.9225370325821,5,1215.8794739955108,,,
dlog_SOLVPN__dlog_COPPER,rbf,120,5,0,1,606,606,606.0,591.9225370325821,5,1215.8794739955108,,,
dlog_SOLVPN__dlog_COPPER,rbf,120,7,0,1,606,606,606.0,591.9225370325821,5,1215.8794739955108,,,
dlog_SOLVPN__dlog_COPPER,rbf,120,10,0,1,606,606,606.0,591.9225370325821,5,1215.8794739955108,,,
dlog_SOLVPN__dlog_COPPER,rbf,120,15,0,1,606,606,606.0,591.9225370325821,5,1215.8794739955108,,,
dlog_SOLVPN__dlog_COPPER,rbf,120,20,0,1,606,606,606.0,591.9225370325821,5,1215.8794739955108,,,
dlog_SOLVPN__dlog_COPPER,rbf,120,30,0,1,606,606,606.0,591.9225370325821,5,1215.8794739955108,,,
dlog_SOLVPN__dlog_COPPER,rbf,120,50,0,1,606,606,606.0,591.9225370325821,5,1215.8794739955108,,,
dlog_SOLVPN__dlog_GOLD,normal,30,5,12,13,30,165,46.61538461538461,477.1657962556762,65,1370.7787916058578,45|75|105|155|190|245|410|455|485|515|545|575,2023-02-27|2023-04-20|2023-06-14|2023-09-14|2023-11-16|2024-02-29|2025-01-06|2025-03-31|2025-05-22|2025-07-17|2025-09-10|2025-11-04,
dlog_SOLVPN__dlog_GOLD,normal,30,7,9,10,30,220,60.6,489.17822367807355,50,1298.7004466596127,45|75|105|155|190|410|450|480|550,2023-02-27|2023-04-20|2023-06-14|2023-09-14|2023-11-16|2025-01-06|2025-03-20|2025-05-14|2025-09-18,
dlog_SOLVPN__dlog_GOLD,normal,30,10,7,8,30,220,75.75,498.808169693914,40,1253.8915388306007,105|155|190|410|450|480|550,2023-06-14|2023-09-14|2023-11-16|2025-01-06|2025-03-20|2025-05-14|2025-09-18,
dlog_SOLVPN__dlog_GOLD,normal,30,15,7,8,30,220,75.75,498.808169693914,40,1253.8915388306007,105|155|190|410|450|480|550,2023-06-14|2023-09-14|2023-11-16|2025-01-06|2025-03-20|2025-05-14|2025-09-18,
dlog_SOLVPN__dlog_GOLD,normal,30,20,1,2,151,455,303.0,559.2037431985491,10,1182.4762862577913,455,2025-03-31,
dlog_SOLVPN__dlog_GOLD,normal,30,30,1,2,151,455,303.0,559.2037431985491,10,1182.4762862577913,455,2025-03-31,
dlog_SOLVPN__dlog_GOLD,normal,30,50,1,2,151,455,303.0,559.2037431985491,10,1182.4762862577913,455,2025-03-31,
dlog_SOLVPN__dlog_GOLD,normal,60,5,6,7,60,155,86.57142857142857,514.6858397033589,35,1253.6124789191438,105|165|245|400|465|545,2023-06-14|2023-10-03|2024-02-29|2024-12-11|2025-04-16|2025-09-10,
dlog_SOLVPN__dlog_GOLD,normal,60,7,6,7,60,155,86.57142857142857,514.6858397033589,35,1253.6124789191438,105|165|245|400|465|545,2023-06-14|2023-10-03|2024-02-29|2024-12-11|2025-04-16|2025-09-10,
dlog_SOLVPN__dlog_GOLD,normal,60,10,6,7,60,155,86.57142857142857,514.6858397033589,35,1253.6124789191438,105|165|245|400|465|545,2023-06-14|2023-10-03|2024-02-29|2024-12-11|2025-04-16|2025-09-10,
dlog_SOLVPN__dlog_GOLD,normal,60,15,5,6,61,230,101.0,521.4076491273885,30,1235.0216978368564,105|170|400|465|545,2023-06-14|2023-10-12|2024-12-11|2025-04-16|2025-09-10,
dlog_SOLVPN__dlog_GOLD,normal,60,20,1,2,151,455,303.0,559.2037431985491,10,1182.4762862577913,455,2025-03-31,
dlog_SOLVPN__dlog_GOLD,normal,60,30,1,2,151,455,303.0,559.2037431985491,10,1182.4762862577913,455,2025-03-31,
dlog_SOLVPN__dlog_GOLD,normal,60,50,1,2,151,455,303.0,559.2037431985491,10,1182.4762862577913,455,2025-03-31,
dlog_SOLVPN__dlog_GOLD,normal,90,5,4,5,90,155,121.2,535.79056987632,25,1231.7531394043729,90|245|375|465,2023-05-17|2024-02-29|2024-10-24|2025-04-16,
dlog_SOLVPN__dlog_GOLD,normal,90,7,4,5,90,155,121.2,535.79056987632,25,1231.7531394043729,90|245|375|465,2023-05-17|2024-02-29|2024-10-24|2025-04-16,
dlog_SOLVPN__dlog_GOLD,normal,90,10,4,5,90,155,121.2,535.79056987632,25,1231.7531394043729,90|245|375|465,2023-05-17|2024-02-29|2024-10-24|2025-04-16,
dlog_SOLVPN__dlog_GOLD,normal,90,15,1,2,151,455,303.0,559.2037431985491,10,1182.4762862577913,455,2025-03-31,
dlog_SOLVPN__dlog_GOLD,normal,90,20,1,2,151,455,303.0,559.2037431985491,10,1182.4762862577913,455,2025-03-31,
dlog_SOLVPN__dlog_GOLD,normal,90,30,1,2,151,455,303.0,559.2037431985491,10,1182.4762862577913,455,2025-03-31,
dlog_SOLVPN__dlog_GOLD,normal,90,50,1,2,151,455,303.0,559.2037431985491,10,1182.4762862577913,455,2025-03-31,
dlog_SOLVPN__dlog_GOLD,normal,120,5,3,4,120,210,151.5,549.0948464616715,20,1226.3272926447294,120|245|455,2023-07-13|2024-02-29|2025-03-31,
dlog_SOLVPN__dlog_GOLD,normal,120,7,3,4,120,210,151.5,549.0948464616715,20,1226.3272926447294,120|245|455,2023-07-13|2024-02-29|2025-03-31,
dlog_SOLVPN__dlog_GOLD,normal,120,10,1,2,151,455,303.0,559.2037431985491,10,1182.4762862577913,455,2025-03-31,
dlog_SOLVPN__dlog_GOLD,normal,120,15,1,2,151,455,303.0,559.2037431985491,10,1182.4762862577913,455,2025-03-31,
dlog_SOLVPN__dlog_GOLD,normal,120,20,1,2,151,455,303.0,559.2037431985491,10,1182.4762862577913,455,2025-03-31,
dlog_SOLVPN__dlog_GOLD,normal,120,30,1,2,151,455,303.0,559.2037431985491,10,1182.4762862577913,455,2025-03-31,
dlog_SOLVPN__dlog_GOLD,normal,120,50,1,2,151,455,303.0,559.2037431985491,10,1182.4762862577913,455,2025-03-31,
dlog_SOLVPN__dlog_GOLD,rbf,30,5,0,1,606,606,606.0,590.4477792648428,5,1212.9299584600321,,,
dlog_SOLVPN__dlog_GOLD,rbf,30,7,0,1,606,606,606.0,590.4477792648428,5,1212.9299584600321,,,
dlog_SOLVPN__dlog_GOLD,rbf,30,10,0,1,606,606,606.0,590.4477792648428,5,1212.9299584600321,,,
dlog_SOLVPN__dlog_GOLD,rbf,30,15,0,1,606,606,606.0,590.4477792648428,5,1212.9299584600321,,,
dlog_SOLVPN__dlog_GOLD,rbf,30,20,0,1,606,606,606.0,590.4477792648428,5,1212.9299584600321,,,
dlog_SOLVPN__dlog_GOLD,rbf,30,30,0,1,606,606,606.0,590.4477792648428,5,1212.9299584600321,,,
dlog_SOLVPN__dlog_GOLD,rbf,30,50,0,1,606,606,606.0,590.4477792648428,5,1212.9299584600321,,,
dlog_SOLVPN__dlog_GOLD,rbf,60,5,0,1,606,606,606.0,590.4477792648428,5,1212.9299584600321,,,
dlog_SOLVPN__dlog_GOLD,rbf,60,7,0,1,606,606,606.0,590.4477792648428,5,1212.9299584600321,,,
dlog_SOLVPN__dlog_GOLD,rbf,60,10,0,1,606,606,606.0,590.4477792648428,5,1212.9299584600321,,,
dlog_SOLVPN__dlog_GOLD,rbf,60,15,0,1,606,606,606.0,590.4477792648428,5,1212.9299584600321,,,
dlog_SOLVPN__dlog_GOLD,rbf,60,20,0,1,606,606,606.0,590.4477792648428,5,1212.9299584600321,,,
dlog_SOLVPN__dlog_GOLD,rbf,60,30,0,1,606,606,606.0,590.4477792648428,5,1212.9299584600321,,,
dlog_SOLVPN__dlog_GOLD,rbf,60,50,0,1,606,606,606.0,590.4477792648428,5,1212.9299584600321,,,
dlog_SOLVPN__dlog_GOLD,rbf,90,5,0,1,606,606,606.0,590.4477792648428,5,1212.9299584600321,,,
dlog_SOLVPN__dlog_GOLD,rbf,90,7,0,1,606,606,606.0,590.4477792648428,5,1212.9299584600321,,,
dlog_SOLVPN__dlog_GOLD,rbf,90,10,0,1,606,606,606.0,590.4477792648428,5,1212.9299584600321,,,
dlog_SOLVPN__dlog_GOLD,rbf,90,15,0,1,606,606,606.0,590.4477792648428,5,1212.9299584600321,,,
dlog_SOLVPN__dlog_GOLD,rbf,90,20,0,1,606,606,606.0,590.4477792648428,5,1212.9299584600321,,,
dlog_SOLVPN__dlog_GOLD,rbf,90,30,0,1,606,606,606.0,590.4477792648428,5,1212.9299584600321,,,
dlog_SOLVPN__dlog_GOLD,rbf,90,50,0,1,606,606,606.0,590.4477792648428,5,1212.9299584600321,,,
dlog_SOLVPN__dlog_GOLD,rbf,120,5,0,1,606,606,606.0,590.4477792648428,5,1212.9299584600321,,,
dlog_SOLVPN__dlog_GOLD,rbf,120,7,0,1,606,606,606.0,590.4477792648428,5,1212.9299584600321,,,
dlog_SOLVPN__dlog_GOLD,rbf,120,10,0,1,606,606,606.0,590.4477792648428,5,1212.9299584600321,,,
dlog_SOLVPN__dlog_GOLD,rbf,120,15,0,1,606,606,606.0,590.4477792648428,5,1212.9299584600321,,,
dlog_SOLVPN__dlog_GOLD,rbf,120,20,0,1,606,606,606.0,590.4477792648428,5,1212.9299584600321,,,
dlog_SOLVPN__dlog_GOLD,rbf,120,30,0,1,606,606,606.0,590.4477792648428,5,1212.9299584600321,,,
dlog_SOLVPN__dlog_GOLD,rbf,120,50,0,1,606,606,606.0,590.4477792648428,5,1212.9299584600321,,,
dlog_SOLVPN__dlog_SILVER,normal,30,5,13,14,30,105,43.285714285714285,478.3535377271136,70,1405.188674479079,105|155|210|245|285|320|350|380|435|465|510|540|575,2023-06-14|2023-09-14|2023-12-26|2024-02-29|2024-05-13|2024-07-17|2024-09-10|2024-11-04|2025-02-24|2025-04-16|2025-07-09|2025-09-02|2025-11-04,
dlog_SOLVPN__dlog_SILVER,normal,30,7,10,11,30,105,55.09090909090909,490.3231460336093,55,1333.024691301031,105|155|210|245|285|320|410|470|545|575,2023-06-14|2023-09-14|2023-12-26|2024-02-29|2024-05-13|2024-07-17|2025-01-06|2025-04-28|2025-09-10|2025-11-04,
dlog_SOLVPN__dlog_SILVER,normal,30,10,4,5,51,285,121.2,523.510611055668,25,1207.193221763069,285|375|470|555,2024-05-13|2024-10-24|2025-04-28|2025-09-29,
dlog_SOLVPN__dlog_SILVER,normal,30,15,4,5,51,285,121.2,523.510611055668,25,1207.193221763069,285|375|470|555,2024-05-13|2024-10-24|2025-04-28|2025-09-29,
dlog_SOLVPN__dlog_SILVER,normal,30,20,3,4,50,415,151.5,533.3699453774807,20,1194.8774904763477,415|465|555,2025-01-15|2025-04-16|2025-09-29,
dlog_SOLVPN__dlog_SILVER,normal,30,30,1,2,51,555,303.0,559.2190466526207,10,1182.5068931659346,555,2025-09-29,
dlog_SOLVPN__dlog_SILVER,normal,30,50,1,2,51,555,303.0,559.2190466526207,10,1182.5068931659346,555,2025-09-29,
dlog_SOLVPN__dlog_SILVER,normal,60,5,6,7,61,130,86.57142857142857,516.9935630725909,35,1258.2279256576078,85|155|285|375|470|545,2023-05-09|2023-09-14|2024-05-13|2024-10-24|2025-04-28|2025-09-10,
dlog_SOLVPN__dlog_SILVER,normal,60,7,4,5,61,285,121.2,525.8511340035982,25,1211.8742676589293,285|375|470|545,2024-05-13|2024-10-24|2025-04-28|2025-09-10,
dlog_SOLVPN__dlog_SILVER,normal,60,10,4,5,61,285,121.2,525.8511340035982,25,1211.8742676589293,285|375|470|545,2024-05-13|2024-10-24|2025-04-28|2025-09-10,
dlog_SOLVPN__dlog_SILVER,normal,60,15,4,5,61,285,121.2,525.8511340035982,25,1211.8742676589293,285|375|470|545,2024-05-13|2024-10-24|2025-04-28|2025-09-10,
dlog_SOLVPN__dlog_SILVER,normal,60,20,3,4,60,410,151.5,535.8456612199061,20,1199.8289221611985,410|470|545,2025-01-06|2025-04-28|2025-09-10,
dlog_SOLVPN__dlog_SILVER,normal,60,30,1,2,61,545,303.0,562.3210538832733,10,1188.7109076272397,545,2025-09-10,
dlog_SOLVPN__dlog_SILVER,normal,60,50,0,1,606,606,606.0,585.7143238099237,5,1203.463047550194,,,
dlog_SOLVPN__dlog_SILVER,normal,90,5,3,4,90,285,151.5,551.7848092073,20,1231.7072181359863,285|375|470,2024-05-13|2024-10-24|2025-04-28,
dlog_SOLVPN__dlog_SILVER,normal,90,7,3,4,90,285,151.5,551.7848092073,20,1231.7072181359863,285|375|470,2024-05-13|2024-10-24|2025-04-28,
dlog_SOLVPN__dlog_SILVER,normal,90,10,3,4,90,285,151.5,551.7848092073,20,1231.7072181359863,285|375|470,2024-05-13|2024-10-24|2025-04-28,
dlog_SOLVPN__dlog_SILVER,normal,90,15,3,4,90,285,151.5,551.7848092073,20,1231.7072181359863,285|375|470,2024-05-13|2024-10-24|2025-04-28,
dlog_SOLVPN__dlog_SILVER,normal,90,20,1,2,96,510,303.0,570.216527994059,10,1204.5018558488111,510,2025-07-09,
dlog_SOLVPN__dlog_SILVER,normal,90,30,0,1,606,606,606.0,585.7143238099237,5,1203.463047550194,,,
dlog_SOLVPN__dlog_SILVER,normal,90,50,0,1,606,606,606.0,585.7143238099237,5,1203.463047550194,,,
dlog_SOLVPN__dlog_SILVER,normal,120,5,3,4,120,245,151.5,560.9635255000509,20,1250.064650721488,245|365|485,2024-02-29|2024-10-07|2025-05-22,
dlog_SOLVPN__dlog_SILVER,normal,120,7,2,3,136,285,202.0,564.6524265171324,15,1225.4080528253046,285|470,2024-05-13|2025-04-28,
dlog_SOLVPN__dlog_SILVER,normal,120,10,2,3,136,285,202.0,564.6524265171324,15,1225.4080528253046,285|470,2024-05-13|2025-04-28,
dlog_SOLVPN__dlog_SILVER,normal,120,15,1,2,285,321,303.0,572.3877480256435,10,1208.8442959119802,285,2024-05-13,
dlog_SOLVPN__dlog_SILVER,normal,120,20,1,2,285,321,303.0,572.3877480256435,10,1208.8442959119802,285,2024-05-13,
dlog_SOLVPN__dlog_SILVER,normal,120,30,0,1,606,606,606.0,585.7143238099237,5,1203.463047550194,,,
dlog_SOLVPN__dlog_SILVER,normal,120,50,0,1,606,606,606.0,585.7143238099237,5,1203.463047550194,,,
dlog_SOLVPN__dlog_SILVER,rbf,30,5,0,1,606,606,606.0,585.7143238099237,5,1203.463047550194,,,
dlog_SOLVPN__dlog_SILVER,rbf,30,7,0,1,606,606,606.0,585.7143238099237,5,1203.463047550194,,,
dlog_SOLVPN__dlog_SILVER,rbf,30,10,0,1,606,606,606.0,585.7143238099237,5,1203.463047550194,,,
dlog_SOLVPN__dlog_SILVER,rbf,30,15,0,1,606,606,606.0,585.7143238099237,5,1203.463047550194,,,
dlog_SOLVPN__dlog_SILVER,rbf,30,20,0,1,606,606,606.0,585.7143238099237,5,1203.463047550194,,,
dlog_SOLVPN__dlog_SILVER,rbf,30,30,0,1,606,606,606.0,585.7143238099237,5,1203.463047550194,,,
dlog_SOLVPN__dlog_SILVER,rbf,30,50,0,1,606,606,606.0,585.7143238099237,5,1203.463047550194,,,
dlog_SOLVPN__dlog_SILVER,rbf,60,5,0,1,606,606,606.0,585.7143238099237,5,1203.463047550194,,,
dlog_SOLVPN__dlog_SILVER,rbf,60,7,0,1,606,606,606.0,585.7143238099237,5,1203.463047550194,,,
dlog_SOLVPN__dlog_SILVER,rbf,60,10,0,1,606,606,606.0,585.7143238099237,5,1203.463047550194,,,
dlog_SOLVPN__dlog_SILVER,rbf,60,15,0,1,606,606,606.0,585.7143238099237,5,1203.463047550194,,,
dlog_SOLVPN__dlog_SILVER,rbf,60,20,0,1,606,606,606.0,585.7143238099237,5,1203.463047550194,,,
dlog_SOLVPN__dlog_SILVER,rbf,60,30,0,1,606,606,606.0,585.7143238099237,5,1203.463047550194,,,
dlog_SOLVPN__dlog_SILVER,rbf,60,50,0,1,606,606,606.0,585.7143238099237,5,1203.463047550194,,,
dlog_SOLVPN__dlog_SILVER,rbf,90,5,0,1,606,606,606.0,585.7143238099237,5,1203.463047550194,,,
dlog_SOLVPN__dlog_SILVER,rbf,90,7,0,1,606,606,606.0,585.7143238099237,5,1203.463047550194,,,
dlog_SOLVPN__dlog_SILVER,rbf,90,10,0,1,606,606,606.0,585.7143238099237,5,1203.463047550194,,,
dlog_SOLVPN__dlog_SILVER,rbf,90,15,0,1,606,606,606.0,585.7143238099237,5,1203.463047550194,,,
dlog_SOLVPN__dlog_SILVER,rbf,90,20,0,1,606,606,606.0,585.7143238099237,5,1203.463047550194,,,
dlog_SOLVPN__dlog_SILVER,rbf,90,30,0,1,606,606,606.0,585.7143238099237,5,1203.463047550194,,,
dlog_SOLVPN__dlog_SILVER,rbf,90,50,0,1,606,606,606.0,585.7143238099237,5,1203.463047550194,,,
dlog_SOLVPN__dlog_SILVER,rbf,120,5,0,1,606,606,606.0,585.7143238099237,5,1203.463047550194,,,
dlog_SOLVPN__dlog_SILVER,rbf,120,7,0,1,606,606,606.0,585.7143238099237,5,1203.463047550194,,,
dlog_SOLVPN__dlog_SILVER,rbf,120,10,0,1,606,606,606.0,585.7143238099237,5,1203.463047550194,,,
dlog_SOLVPN__dlog_SILVER,rbf,120,15,0,1,606,606,606.0,585.7143238099237,5,1203.463047550194,,,
dlog_SOLVPN__dlog_SILVER,rbf,120,20,0,1,606,606,606.0,585.7143238099237,5,1203.463047550194,,,
dlog_SOLVPN__dlog_SILVER,rbf,120,30,0,1,606,606,606.0,585.7143238099237,5,1203.463047550194,,,
dlog_SOLVPN__dlog_SILVER,rbf,120,50,0,1,606,606,606.0,585.7143238099237,5,1203.463047550194,,,
dlog_SOLVPN__dlog_DXY,normal,30,5,15,16,30,70,37.875,471.39660698135725,80,1455.3436128482597,55|125|155|190|220|280|320|350|380|410|445|480|510|540|575,2023-03-15|2023-07-24|2023-09-14|2023-11-16|2024-01-16|2024-05-02|2024-07-17|2024-09-10|2024-11-04|2025-01-06|2025-03-12|2025-05-14|2025-07-09|2025-09-02|2025-11-04,
dlog_SOLVPN__dlog_DXY,normal,30,7,9,10,30,160,60.6,495.47012232700087,50,1311.2842439574674,55|125|155|190|220|380|410|470|565,2023-03-15|2023-07-24|2023-09-14|2023-11-16|2024-01-16|2024-11-04|2025-01-06|2025-04-28|2025-10-16,
dlog_SOLVPN__dlog_DXY,normal,30,10,8,9,30,160,67.33333333333333,500.065497967815,45,1288.4405953087492,125|155|190|220|380|410|470|565,2023-07-24|2023-09-14|2023-11-16|2024-01-16|2024-11-04|2025-01-06|2025-04-28|2025-10-16,
dlog_SOLVPN__dlog_DXY,normal,30,15,5,6,30,215,101.0,519.7145678360525,30,1231.6355352541846,215|380|410|470|565,2024-01-04|2024-11-04|2025-01-06|2025-04-28|2025-10-16,
dlog_SOLVPN__dlog_DXY,normal,30,20,3,4,41,415,151.5,538.8066793820544,20,1205.7509584854952,415|470|565,2025-01-15|2025-04-28|2025-10-16,
dlog_SOLVPN__dlog_DXY,normal,30,30,2,3,65,415,202.0,554.1835397878618,15,1204.4702793667634,415|480,2025-01-15|2025-05-14,
dlog_SOLVPN__dlog_DXY,normal,30,50,0,1,606,606,606.0,590.4780451572454,5,1212.9904902448375,,,
dlog_SOLVPN__dlog_DXY,normal,60,5,8,9,60,95,67.33333333333333,515.5070519851683,45,1319.3237033434557,60|120|180|240|335|410|470|540,2023-03-23|2023-07-13|2023-10-31|2024-02-21|2024-08-13|2025-01-06|2025-04-28|2025-09-02,
dlog_SOLVPN__dlog_DXY,normal,60,7,7,8,60,120,75.75,519.2093473480768,40,1294.6938941389262,60|180|240|335|410|470|540,2023-03-23|2023-10-31|2024-02-21|2024-08-13|2025-01-06|2025-04-28|2025-09-02,
dlog_SOLVPN__dlog_DXY,normal,60,10,4,5,60,325,121.2,533.7416206719931,25,1227.6552409957192,85|410|470|540,2023-05-09|2025-01-06|2025-04-28|2025-09-02,
dlog_SOLVPN__dlog_DXY,normal,60,15,4,5,60,325,121.2,533.7416206719931,25,1227.6552409957192,85|410|470|540,2023-05-09|2025-01-06|2025-04-28|2025-09-02,
dlog_SOLVPN__dlog_DXY,normal,60,20,3,4,60,410,151.5,542.8049884639003,20,1213.7475766491868,410|470|540,2025-01-06|2025-04-28|2025-09-02,
dlog_SOLVPN__dlog_DXY,normal,60,30,2,3,65,415,202.0,554.1835397878618,15,1204.4702793667634,415|480,2025-01-15|2025-05-14,
dlog_SOLVPN__dlog_DXY,normal,60,50,0,1,606,606,606.0,590.4780451572454,5,1212.9904902448375,,,
dlog_SOLVPN__dlog_DXY,normal,90,5,3,4,100,215,151.5,548.4072470464292,20,1224.9520938142448,215|380|480,2024-01-04|2024-11-04|2025-05-14,
dlog_SOLVPN__dlog_DXY,normal,90,7,3,4,100,215,151.5,548.4072470464292,20,1224.9520938142448,215|380|480,2024-01-04|2024-11-04|2025-05-14,
dlog_SOLVPN__dlog_DXY,normal,90,10,3,4,100,215,151.5,548.4072470464292,20,1224.9520938142448,215|380|480,2024-01-04|2024-11-04|2025-05-14,
dlog_SOLVPN__dlog_DXY,normal,90,15,3,4,100,215,151.5,548.4072470464292,20,1224.9520938142448,215|380|480,2024-01-04|2024-11-04|2025-05-14,
dlog_SOLVPN__dlog_DXY,normal,90,20,2,3,90,415,202.0,557.2232215499292,15,1210.5496428908982,415|505,2025-01-15|2025-07-01,
dlog_SOLVPN__dlog_DXY,normal,90,30,2,3,90,415,202.0,557.2232215499292,15,1210.5496428908982,415|505,2025-01-15|2025-07-01,
dlog_SOLVPN__dlog_DXY,normal,90,50,0,1,606,606,606.0,590.4780451572454,5,1212.9904902448375,,,
dlog_SOLVPN__dlog_DXY,normal,120,5,3,4,120,215,151.5,557.6668759424072,20,1243.4713516062006,215|360|480,2024-01-04|2024-09-26|2025-05-14,
dlog_SOLVPN__dlog_DXY,normal,120,7,3,4,120,215,151.5,557.6668759424072,20,1243.4713516062006,215|360|480,2024-01-04|2024-09-26|2025-05-14,
dlog_SOLVPN__dlog_DXY,normal,120,10,3,4,120,215,151.5,557.6668759424072,20,1243.4713516062006,215|360|480,2024-01-04|2024-09-26|2025-05-14,
dlog_SOLVPN__dlog_DXY,normal,120,15,2,3,165,226,202.0,564.9727233960027,15,1226.0486465830452,215|380,2024-01-04|2024-11-04,
dlog_SOLVPN__dlog_DXY,normal,120,20,1,2,191,415,303.0,573.8399392880413,10,1211.7486784367757,415,2025-01-15,
dlog_SOLVPN__dlog_DXY,normal,120,30,1,2,191,415,303.0,573.8399392880413,10,1211.7486784367757,415,2025-01-15,
dlog_SOLVPN__dlog_DXY,normal,120,50,0,1,606,606,606.0,590.4780451572454,5,1212.9904902448375,,,
dlog_SOLVPN__dlog_DXY,rbf,30,5,0,1,606,606,606.0,590.4780451572454,5,1212.9904902448375,,,
dlog_SOLVPN__dlog_DXY,rbf,30,7,0,1,606,606,606.0,590.4780451572454,5,1212.9904902448375,,,
dlog_SOLVPN__dlog_DXY,rbf,30,10,0,1,606,606,606.0,590.4780451572454,5,1212.9904902448375,,,
dlog_SOLVPN__dlog_DXY,rbf,30,15,0,1,606,606,606.0,590.4780451572454,5,1212.9904902448375,,,
dlog_SOLVPN__dlog_DXY,rbf,30,20,0,1,606,606,606.0,590.4780451572454,5,1212.9904902448375,,,
dlog_SOLVPN__dlog_DXY,rbf,30,30,0,1,606,606,606.0,590.4780451572454,5,1212.9904902448375,,,
dlog_SOLVPN__dlog_DXY,rbf,30,50,0,1,606,606,606.0,590.4780451572454,5,1212.9904902448375,,,
dlog_SOLVPN__dlog_DXY,rbf,60,5,0,1,606,606,606.0,590.4780451572454,5,1212.9904902448375,,,
dlog_SOLVPN__dlog_DXY,rbf,60,7,0,1,606,606,606.0,590.4780451572454,5,1212.9904902448375,,,
dlog_SOLVPN__dlog_DXY,rbf,60,10,0,1,606,606,606.0,590.4780451572454,5,1212.9904902448375,,,
dlog_SOLVPN__dlog_DXY,rbf,60,15,0,1,606,606,606.0,590.4780451572454,5,1212.9904902448375,,,
dlog_SOLVPN__dlog_DXY,rbf,60,20,0,1,606,606,606.0,590.4780451572454,5,1212.9904902448375,,,
dlog_SOLVPN__dlog_DXY,rbf,60,30,0,1,606,606,606.0,590.4780451572454,5,1212.9904902448375,,,
dlog_SOLVPN__dlog_DXY,rbf,60,50,0,1,606,606,606.0,590.4780451572454,5,1212.9904902448375,,,
dlog_SOLVPN__dlog_DXY,rbf,90,5,0,1,606,606,606.0,590.4780451572454,5,1212.9904902448375,,,
dlog_SOLVPN__dlog_DXY,rbf,90,7,0,1,606,606,606.0,590.4780451572454,5,1212.9904902448375,,,
dlog_SOLVPN__dlog_DXY,rbf,90,10,0,1,606,606,606.0,590.4780451572454,5,1212.9904902448375,,,
dlog_SOLVPN__dlog_DXY,rbf,90,15,0,1,606,606,606.0,590.4780451572454,5,1212.9904902448375,,,
dlog_SOLVPN__dlog_DXY,rbf,90,20,0,1,606,606,606.0,590.4780451572454,5,1212.9904902448375,,,
dlog_SOLVPN__dlog_DXY,rbf,90,30,0,1,606,606,606.0,590.4780451572454,5,1212.9904902448375,,,
dlog_SOLVPN__dlog_DXY,rbf,90,50,0,1,606,606,606.0,590.4780451572454,5,1212.9904902448375,,,
dlog_SOLVPN__dlog_DXY,rbf,120,5,0,1,606,606,606.0,590.4780451572454,5,1212.9904902448375,,,
dlog_SOLVPN__dlog_DXY,rbf,120,7,0,1,606,606,606.0,590.4780451572454,5,1212.9904902448375,,,
dlog_SOLVPN__dlog_DXY,rbf,120,10,0,1,606,606,606.0,590.4780451572454,5,1212.9904902448375,,,
dlog_SOLVPN__dlog_DXY,rbf,120,15,0,1,606,606,606.0,590.4780451572454,5,1212.9904902448375,,,
dlog_SOLVPN__dlog_DXY,rbf,120,20,0,1,606,606,606.0,590.4780451572454,5,1212.9904902448375,,,
dlog_SOLVPN__dlog_DXY,rbf,120,30,0,1,606,606,606.0,590.4780451572454,5,1212.9904902448375,,,
dlog_SOLVPN__dlog_DXY,rbf,120,50,0,1,606,606,606.0,590.4780451572454,5,1212.9904902448375,,,
dlog_SOLVPN__dlog_OIL,normal,30,5,13,14,30,110,43.285714285714285,507.813585370135,70,1464.108769765122,110|155|190|235|270|320|350|380|435|470|510|540|570,2023-06-26|2023-09-14|2023-11-16|2024-02-12|2024-04-16|2024-07-17|2024-09-10|2024-11-04|2025-02-24|2025-04-28|2025-07-09|2025-09-02|2025-10-27,
dlog_SOLVPN__dlog_OIL,normal,30,7,11,12,30,110,50.5,516.1319365157487,60,1416.6766721956565,110|155|190|235|270|320|380|435|470|510|540,2023-06-26|2023-09-14|2023-11-16|2024-02-12|2024-04-16|2024-07-17|2024-11-04|2025-02-24|2025-04-28|2025-07-09|2025-09-02,
dlog_SOLVPN__dlog_OIL,normal,30,10,9,10,30,110,60.6,526.7762174309602,50,1373.896434165386,110|155|190|235|320|380|470|510|540,2023-06-26|2023-09-14|2023-11-16|2024-02-12|2024-07-17|2024-11-04|2025-04-28|2025-07-09|2025-09-02,
dlog_SOLVPN__dlog_OIL,normal,30,15,5,6,60,220,101.0,554.6132763556632,30,1301.4329522934058,220|320|380|470|540,2024-01-16|2024-07-17|2024-11-04|2025-04-28|2025-09-02,
dlog_SOLVPN__dlog_OIL,normal,30,20,3,4,50,420,151.5,571.7128170465479,20,1271.5632338144821,420|470|540,2025-01-27|2025-04-28|2025-09-02,
dlog_SOLVPN__dlog_OIL,normal,30,30,0,1,606,606,606.0,605.9739410825642,5,1243.982282095475,,,
dlog_SOLVPN__dlog_OIL,normal,30,50,0,1,606,606,606.0,605.9739410825642,5,1243.982282095475,,,
dlog_SOLVPN__dlog_OIL,normal,60,5,7,8,60,100,75.75,545.3259158612483,40,1346.9270311652692,100|160|220|320|380|470|540,2023-06-06|2023-09-25|2024-01-16|2024-07-17|2024-11-04|2025-04-28|2025-09-02,
dlog_SOLVPN__dlog_OIL,normal,60,7,7,8,60,100,75.75,545.3259158612483,40,1346.9270311652692,100|160|220|320|380|470|540,2023-06-06|2023-09-25|2024-01-16|2024-07-17|2024-11-04|2025-04-28|2025-09-02,
dlog_SOLVPN__dlog_OIL,normal,60,10,5,6,60,220,101.0,554.6132763556632,30,1301.4329522934058,220|320|380|470|540,2024-01-16|2024-07-17|2024-11-04|2025-04-28|2025-09-02,
dlog_SOLVPN__dlog_OIL,normal,60,15,5,6,60,220,101.0,554.6132763556632,30,1301.4329522934058,220|320|380|470|540,2024-01-16|2024-07-17|2024-11-04|2025-04-28|2025-09-02,
dlog_SOLVPN__dlog_OIL,normal,60,20,3,4,66,380,151.5,572.29608241759,20,1272.7297645565664,380|470|540,2024-11-04|2025-04-28|2025-09-02,
dlog_SOLVPN__dlog_OIL,normal,60,30,0,1,606,606,606.0,605.9739410825642,5,1243.982282095475,,,
dlog_SOLVPN__dlog_OIL,normal,60,50,0,1,606,606,606.0,605.9739410825642,5,1243.982282095475,,,
dlog_SOLVPN__dlog_OIL,normal,90,5,4,5,90,220,121.2,577.2667167392576,25,1314.7054331302481,220|320|410|505,2024-01-16|2024-07-17|2025-01-06|2025-07-01,
dlog_SOLVPN__dlog_OIL,normal,90,7,3,4,100,220,151.5,581.0142247321729,20,1290.1660491857322,220|320|505,2024-01-16|2024-07-17|2025-07-01,
dlog_SOLVPN__dlog_OIL,normal,90,10,3,4,100,220,151.5,581.0142247321729,20,1290.1660491857322,220|320|505,2024-01-16|2024-07-17|2025-07-01,
dlog_SOLVPN__dlog_OIL,normal,90,15,2,3,90,380,202.0,588.1827427717013,15,1272.4686853344424,380|470,2024-11-04|2025-04-28,
dlog_SOLVPN__dlog_OIL,normal,90,20,0,1,606,606,606.0,605.9739410825642,5,1243.982282095475,,,
dlog_SOLVPN__dlog_OIL,normal,90,30,0,1,606,606,606.0,605.9739410825642,5,1243.982282095475,,,
dlog_SOLVPN__dlog_OIL,normal,90,50,0,1,606,606,606.0,605.9739410825642,5,1243.982282095475,,,
dlog_SOLVPN__dlog_OIL,normal,120,5,3,4,120,205,151.5,584.8000493201682,20,1297.7376983617228,205|325|470,2023-12-14|2024-07-25|2025-04-28,
dlog_SOLVPN__dlog_OIL,normal,120,7,3,4,120,205,151.5,584.8000493201682,20,1297.7376983617228,205|325|470,2023-12-14|2024-07-25|2025-04-28,
dlog_SOLVPN__dlog_OIL,normal,120,10,3,4,120,205,151.5,584.8000493201682,20,1297.7376983617228,205|325|470,2023-12-14|2024-07-25|2025-04-28,
dlog_SOLVPN__dlog_OIL,normal,120,15,0,1,606,606,606.0,605.9739410825642,5,1243.982282095475,,,
dlog_SOLVPN__dlog_OIL,normal,120,20,0,1,606,606,606.0,605.9739410825642,5,1243.982282095475,,,
dlog_SOLVPN__dlog_OIL,normal,120,30,0,1,606,606,606.0,605.9739410825642,5,1243.982282095475,,,
dlog_SOLVPN__dlog_OIL,normal,120,50,0,1,606,606,606.0,605.9739410825642,5,1243.982282095475,,,
dlog_SOLVPN__dlog_OIL,rbf,30,5,0,1,606,606,606.0,605.9739410825642,5,1243.982282095475,,,
dlog_SOLVPN__dlog_OIL,rbf,30,7,0,1,606,606,606.0,605.9739410825642,5,1243.982282095475,,,
dlog_SOLVPN__dlog_OIL,rbf,30,10,0,1,606,606,606.0,605.9739410825642,5,1243.982282095475,,,
dlog_SOLVPN__dlog_OIL,rbf,30,15,0,1,606,606,606.0,605.9739410825642,5,1243.982282095475,,,
dlog_SOLVPN__dlog_OIL,rbf,30,20,0,1,606,606,606.0,605.9739410825642,5,1243.982282095475,,,
dlog_SOLVPN__dlog_OIL,rbf,30,30,0,1,606,606,606.0,605.9739410825642,5,1243.982282095475,,,
dlog_SOLVPN__dlog_OIL,rbf,30,50,0,1,606,606,606.0,605.9739410825642,5,1243.982282095475,,,
dlog_SOLVPN__dlog_OIL,rbf,60,5,0,1,606,606,606.0,605.9739410825642,5,1243.982282095475,,,
dlog_SOLVPN__dlog_OIL,rbf,60,7,0,1,606,606,606.0,605.9739410825642,5,1243.982282095475,,,
dlog_SOLVPN__dlog_OIL,rbf,60,10,0,1,606,606,606.0,605.9739410825642,5,1243.982282095475,,,
dlog_SOLVPN__dlog_OIL,rbf,60,15,0,1,606,606,606.0,605.9739410825642,5,1243.982282095475,,,
dlog_SOLVPN__dlog_OIL,rbf,60,20,0,1,606,606,606.0,605.9739410825642,5,1243.982282095475,,,
dlog_SOLVPN__dlog_OIL,rbf,60,30,0,1,606,606,606.0,605.9739410825642,5,1243.982282095475,,,
dlog_SOLVPN__dlog_OIL,rbf,60,50,0,1,606,606,606.0,605.9739410825642,5,1243.982282095475,,,
dlog_SOLVPN__dlog_OIL,rbf,90,5,0,1,606,606,606.0,605.9739410825642,5,1243.982282095475,,,
dlog_SOLVPN__dlog_OIL,rbf,90,7,0,1,606,606,606.0,605.9739410825642,5,1243.982282095475,,,
dlog_SOLVPN__dlog_OIL,rbf,90,10,0,1,606,606,606.0,605.9739410825642,5,1243.982282095475,,,
dlog_SOLVPN__dlog_OIL,rbf,90,15,0,1,606,606,606.0,605.9739410825642,5,1243.982282095475,,,
dlog_SOLVPN__dlog_OIL,rbf,90,20,0,1,606,606,606.0,605.9739410825642,5,1243.982282095475,,,
dlog_SOLVPN__dlog_OIL,rbf,90,30,0,1,606,606,606.0,605.9739410825642,5,1243.982282095475,,,
dlog_SOLVPN__dlog_OIL,rbf,90,50,0,1,606,606,606.0,605.9739410825642,5,1243.982282095475,,,
dlog_SOLVPN__dlog_OIL,rbf,120,5,0,1,606,606,606.0,605.9739410825642,5,1243.982282095475,,,
dlog_SOLVPN__dlog_OIL,rbf,120,7,0,1,606,606,606.0,605.9739410825642,5,1243.982282095475,,,
dlog_SOLVPN__dlog_OIL,rbf,120,10,0,1,606,606,606.0,605.9739410825642,5,1243.982282095475,,,
dlog_SOLVPN__dlog_OIL,rbf,120,15,0,1,606,606,606.0,605.9739410825642,5,1243.982282095475,,,
dlog_SOLVPN__dlog_OIL,rbf,120,20,0,1,606,606,606.0,605.9739410825642,5,1243.982282095475,,,
dlog_SOLVPN__dlog_OIL,rbf,120,30,0,1,606,606,606.0,605.9739410825642,5,1243.982282095475,,,
dlog_SOLVPN__dlog_OIL,rbf,120,50,0,1,606,606,606.0,605.9739410825642,5,1243.982282095475,,,
dlog_SOLVPN__dlog_GAS,normal,30,5,15,16,30,85,37.875,339.6967156025591,80,1191.9438300906634,30|115|155|190|220|250|300|345|375|405|435|470|505|540|575,2023-01-30|2023-07-05|2023-09-14|2023-11-16|2024-01-16|2024-03-11|2024-06-10|2024-08-29|2024-10-24|2024-12-19|2025-02-24|2025-04-28|2025-07-01|2025-09-02|2025-11-04,
dlog_SOLVPN__dlog_GAS,normal,30,7,14,15,30,85,40.4,344.0736829440918,75,1168.6633648433822,30|115|155|190|220|250|300|375|405|435|470|505|540|575,2023-01-30|2023-07-05|2023-09-14|2023-11-16|2024-01-16|2024-03-11|2024-06-10|2024-10-24|2024-12-19|2025-02-24|2025-04-28|2025-07-01|2025-09-02|2025-11-04,
dlog_SOLVPN__dlog_GAS,normal,30,10,13,14,30,85,43.285714285714285,348.98448606135867,70,1146.4505711475695,30|115|155|190|220|250|300|380|435|470|505|540|575,2023-01-30|2023-07-05|2023-09-14|2023-11-16|2024-01-16|2024-03-11|2024-06-10|2024-11-04|2025-02-24|2025-04-28|2025-07-01|2025-09-02|2025-11-04,
dlog_SOLVPN__dlog_GAS,normal,30,15,8,9,30,185,67.33333333333333,386.24046732483805,45,1060.7905340227953,30|215|245|380|435|470|505|565,2023-01-30|2024-01-04|2024-02-29|2024-11-04|2025-02-24|2025-04-28|2025-07-01|2025-10-16,
dlog_SOLVPN__dlog_GAS,normal,30,20,7,8,30,185,75.75,394.79021630733854,40,1045.8556320574496,30|215|245|380|435|465|575,2023-01-30|2024-01-04|2024-02-29|2024-11-04|2025-02-24|2025-04-16|2025-11-04,
dlog_SOLVPN__dlog_GAS,normal,30,30,5,6,30,185,101.0,426.3852012780718,30,1044.976802138223,30|215|245|380|435,2023-01-30|2024-01-04|2024-02-29|2024-11-04|2025-02-24,
dlog_SOLVPN__dlog_GAS,normal,30,50,4,5,30,215,121.2,449.57586999000637,25,1059.3237396317456,215|245|380|435,2024-01-04|2024-02-29|2024-11-04|2025-02-24,
dlog_SOLVPN__dlog_GAS,normal,60,5,8,9,60,110,67.33333333333333,426.6194946332581,45,1141.5485886396355,60|120|180|240|300|375|435|545,2023-03-23|2023-07-13|2023-10-31|2024-02-21|2024-06-10|2024-10-24|2025-02-24|2025-09-10,
dlog_SOLVPN__dlog_GAS,normal,60,7,8,9,60,110,67.33333333333333,426.6194946332581,45,1141.5485886396355,60|120|180|240|300|375|435|545,2023-03-23|2023-07-13|2023-10-31|2024-02-21|2024-06-10|2024-10-24|2025-02-24|2025-09-10,
dlog_SOLVPN__dlog_GAS,normal,60,10,8,9,60,110,67.33333333333333,426.6194946332581,45,1141.5485886396355,60|120|180|240|300|375|435|545,2023-03-23|2023-07-13|2023-10-31|2024-02-21|2024-06-10|2024-10-24|2025-02-24|2025-09-10,
dlog_SOLVPN__dlog_GAS,normal,60,15,5,6,60,161,101.0,448.1078259314578,30,1088.422051444995,60|180|240|380|445,2023-03-23|2023-10-31|2024-02-21|2024-11-04|2025-03-12,
dlog_SOLVPN__dlog_GAS,normal,60,20,5,6,60,171,101.0,447.26966759887046,30,1086.7457347798204,60|180|240|375|435,2023-03-23|2023-10-31|2024-02-21|2024-10-24|2025-02-24,
dlog_SOLVPN__dlog_GAS,normal,60,30,5,6,60,171,101.0,447.26966759887046,30,1086.7457347798204,60|180|240|375|435,2023-03-23|2023-10-31|2024-02-21|2024-10-24|2025-02-24,
dlog_SOLVPN__dlog_GAS,normal,60,50,4,5,60,180,121.2,467.19564866157134,25,1094.5632969748756,180|240|375|435,2023-10-31|2024-02-21|2024-10-24|2025-02-24,
dlog_SOLVPN__dlog_GAS,normal,90,5,5,6,90,141,101.0,475.0627076801852,30,1142.33181494245,90|180|270|375|465,2023-05-17|2023-10-31|2024-04-16|2024-10-24|2025-04-16,
dlog_SOLVPN__dlog_GAS,normal,90,7,5,6,90,141,101.0,475.0627076801852,30,1142.33181494245,90|180|270|375|465,2023-05-17|2023-10-31|2024-04-16|2024-10-24|2025-04-16,
dlog_SOLVPN__dlog_GAS,normal,90,10,5,6,90,141,101.0,475.0627076801852,30,1142.33181494245,90|180|270|375|465,2023-05-17|2023-10-31|2024-04-16|2024-10-24|2025-04-16,
dlog_SOLVPN__dlog_GAS,normal,90,15,5,6,90,141,101.0,475.0627076801852,30,1142.33181494245,90|180|270|375|465,2023-05-17|2023-10-31|2024-04-16|2024-10-24|2025-04-16,
dlog_SOLVPN__dlog_GAS,normal,90,20,5,6,90,141,101.0,475.0627076801852,30,1142.33181494245,90|180|270|375|465,2023-05-17|2023-10-31|2024-04-16|2024-10-24|2025-04-16,
dlog_SOLVPN__dlog_GAS,normal,90,30,4,5,90,180,121.2,487.70216081212885,25,1135.5763212759905,180|270|375|465,2023-10-31|2024-04-16|2024-10-24|2025-04-16,
dlog_SOLVPN__dlog_GAS,normal,90,50,2,3,171,220,202.0,521.8083991339183,15,1139.7199980588764,220|435,2024-01-16|2025-02-24,
dlog_SOLVPN__dlog_GAS,normal,120,5,3,4,120,180,151.5,521.7842405226254,20,1171.7060807666371,180|300|435,2023-10-31|2024-06-10|2025-02-24,
dlog_SOLVPN__dlog_GAS,normal,120,7,3,4,120,180,151.5,521.7842405226254,20,1171.7060807666371,180|300|435,2023-10-31|2024-06-10|2025-02-24,
dlog_SOLVPN__dlog_GAS,normal,120,10,3,4,120,180,151.5,521.7842405226254,20,1171.7060807666371,180|300|435,2023-10-31|2024-06-10|2025-02-24,
dlog_SOLVPN__dlog_GAS,normal,120,15,2,3,171,220,202.0,521.8083991339183,15,1139.7199980588764,220|435,2024-01-16|2025-02-24,
dlog_SOLVPN__dlog_GAS,normal,120,20,2,3,171,220,202.0,521.8083991339183,15,1139.7199980588764,220|435,2024-01-16|2025-02-24,
dlog_SOLVPN__dlog_GAS,normal,120,30,2,3,171,220,202.0,521.8083991339183,15,1139.7199980588764,220|435,2024-01-16|2025-02-24,
dlog_SOLVPN__dlog_GAS,normal,120,50,2,3,171,220,202.0,521.8083991339183,15,1139.7199980588764,220|435,2024-01-16|2025-02-24,
dlog_SOLVPN__dlog_GAS,rbf,30,5,0,1,606,606,606.0,605.4667925970515,5,1242.9679851244496,,,
dlog_SOLVPN__dlog_GAS,rbf,30,7,0,1,606,606,606.0,605.4667925970515,5,1242.9679851244496,,,
dlog_SOLVPN__dlog_GAS,rbf,30,10,0,1,606,606,606.0,605.4667925970515,5,1242.9679851244496,,,
dlog_SOLVPN__dlog_GAS,rbf,30,15,0,1,606,606,606.0,605.4667925970515,5,1242.9679851244496,,,
dlog_SOLVPN__dlog_GAS,rbf,30,20,0,1,606,606,606.0,605.4667925970515,5,1242.9679851244496,,,
dlog_SOLVPN__dlog_GAS,rbf,30,30,0,1,606,606,606.0,605.4667925970515,5,1242.9679851244496,,,
dlog_SOLVPN__dlog_GAS,rbf,30,50,0,1,606,606,606.0,605.4667925970515,5,1242.9679851244496,,,
dlog_SOLVPN__dlog_GAS,rbf,60,5,0,1,606,606,606.0,605.4667925970515,5,1242.9679851244496,,,
dlog_SOLVPN__dlog_GAS,rbf,60,7,0,1,606,606,606.0,605.4667925970515,5,1242.9679851244496,,,
dlog_SOLVPN__dlog_GAS,rbf,60,10,0,1,606,606,606.0,605.4667925970515,5,1242.9679851244496,,,
dlog_SOLVPN__dlog_GAS,rbf,60,15,0,1,606,606,606.0,605.4667925970515,5,1242.9679851244496,,,
dlog_SOLVPN__dlog_GAS,rbf,60,20,0,1,606,606,606.0,605.4667925970515,5,1242.9679851244496,,,
dlog_SOLVPN__dlog_GAS,rbf,60,30,0,1,606,606,606.0,605.4667925970515,5,1242.9679851244496,,,
dlog_SOLVPN__dlog_GAS,rbf,60,50,0,1,606,606,606.0,605.4667925970515,5,1242.9679851244496,,,
dlog_SOLVPN__dlog_GAS,rbf,90,5,0,1,606,606,606.0,605.4667925970515,5,1242.9679851244496,,,
dlog_SOLVPN__dlog_GAS,rbf,90,7,0,1,606,606,606.0,605.4667925970515,5,1242.9679851244496,,,
dlog_SOLVPN__dlog_GAS,rbf,90,10,0,1,606,606,606.0,605.4667925970515,5,1242.9679851244496,,,
dlog_SOLVPN__dlog_GAS,rbf,90,15,0,1,606,606,606.0,605.4667925970515,5,1242.9679851244496,,,
dlog_SOLVPN__dlog_GAS,rbf,90,20,0,1,606,606,606.0,605.4667925970515,5,1242.9679851244496,,,
dlog_SOLVPN__dlog_GAS,rbf,90,30,0,1,606,606,606.0,605.4667925970515,5,1242.9679851244496,,,
dlog_SOLVPN__dlog_GAS,rbf,90,50,0,1,606,606,606.0,605.4667925970515,5,1242.9679851244496,,,
dlog_SOLVPN__dlog_GAS,rbf,120,5,0,1,606,606,606.0,605.4667925970515,5,1242.9679851244496,,,
dlog_SOLVPN__dlog_GAS,rbf,120,7,0,1,606,606,606.0,605.4667925970515,5,1242.9679851244496,,,
dlog_SOLVPN__dlog_GAS,rbf,120,10,0,1,606,606,606.0,605.4667925970515,5,1242.9679851244496,,,
dlog_SOLVPN__dlog_GAS,rbf,120,15,0,1,606,606,606.0,605.4667925970515,5,1242.9679851244496,,,
dlog_SOLVPN__dlog_GAS,rbf,120,20,0,1,606,606,606.0,605.4667925970515,5,1242.9679851244496,,,
dlog_SOLVPN__dlog_GAS,rbf,120,30,0,1,606,606,606.0,605.4667925970515,5,1242.9679851244496,,,
dlog_SOLVPN__dlog_GAS,rbf,120,50,0,1,606,606,606.0,605.4667925970515,5,1242.9679851244496,,,
dlog_SOLVPN__d_UST10Y,normal,30,5,13,14,30,66,43.285714285714285,457.0301308529611,70,1362.5418607307743,65|115|155|190|230|280|320|350|380|410|465|510|540,2023-04-03|2023-07-05|2023-09-14|2023-11-16|2024-02-01|2024-05-02|2024-07-17|2024-09-10|2024-11-04|2025-01-06|2025-04-16|2025-07-09|2025-09-02,
dlog_SOLVPN__d_UST10Y,normal,30,7,13,14,30,66,43.285714285714285,457.0301308529611,70,1362.5418607307743,65|115|155|190|230|280|320|350|380|410|465|510|540,2023-04-03|2023-07-05|2023-09-14|2023-11-16|2024-02-01|2024-05-02|2024-07-17|2024-09-10|2024-11-04|2025-01-06|2025-04-16|2025-07-09|2025-09-02,
dlog_SOLVPN__d_UST10Y,normal,30,10,8,9,35,160,67.33333333333333,484.62722709086216,45,1257.5640535548434,65|115|155|190|350|410|470|540,2023-04-03|2023-07-05|2023-09-14|2023-11-16|2024-09-10|2025-01-06|2025-04-28|2025-09-02,
dlog_SOLVPN__d_UST10Y,normal,30,15,4,5,60,295,121.2,515.9913745400844,25,1192.1547487319017,115|410|470|540,2023-07-05|2025-01-06|2025-04-28|2025-09-02,
dlog_SOLVPN__d_UST10Y,normal,30,20,4,5,60,295,121.2,515.9913745400844,25,1192.1547487319017,115|410|470|540,2023-07-05|2025-01-06|2025-04-28|2025-09-02,
dlog_SOLVPN__d_UST10Y,normal,30,30,1,2,111,495,303.0,559.4104943889348,10,1182.8897886385628,495,2025-06-11,
dlog_SOLVPN__d_UST10Y,normal,30,50,1,2,111,495,303.0,559.4104943889348,10,1182.8897886385628,495,2025-06-11,
dlog_SOLVPN__d_UST10Y,normal,60,5,8,9,60,110,67.33333333333333,492.25595866163326,45,1272.8215166963855,60|120|180|240|350|410|470|540,2023-03-23|2023-07-13|2023-10-31|2024-02-21|2024-09-10|2025-01-06|2025-04-28|2025-09-02,
dlog_SOLVPN__d_UST10Y,normal,60,7,8,9,60,110,67.33333333333333,492.25595866163326,45,1272.8215166963855,60|120|180|240|350|410|470|540,2023-03-23|2023-07-13|2023-10-31|2024-02-21|2024-09-10|2025-01-06|2025-04-28|2025-09-02,
dlog_SOLVPN__d_UST10Y,normal,60,10,6,7,60,160,86.57142857142857,502.3837996326317,35,1229.0083987776893,115|175|250|410|470|540,2023-07-05|2023-10-23|2024-03-11|2025-01-06|2025-04-28|2025-09-02,
dlog_SOLVPN__d_UST10Y,normal,60,15,4,5,60,295,121.2,515.9913745400844,25,1192.1547487319017,115|410|470|540,2023-07-05|2025-01-06|2025-04-28|2025-09-02,
dlog_SOLVPN__d_UST10Y,normal,60,20,4,5,60,295,121.2,515.9913745400844,25,1192.1547487319017,115|410|470|540,2023-07-05|2025-01-06|2025-04-28|2025-09-02,
dlog_SOLVPN__d_UST10Y,normal,60,30,1,2,111,495,303.0,559.4104943889348,10,1182.8897886385628,495,2025-06-11,
dlog_SOLVPN__d_UST10Y,normal,60,50,1,2,111,495,303.0,559.4104943889348,10,1182.8897886385628,495,2025-06-11,
dlog_SOLVPN__d_UST10Y,normal,90,5,4,5,90,205,121.2,523.4733181219689,25,1207.1186358956706,115|205|410|500,2023-07-05|2023-12-14|2025-01-06|2025-06-23,
dlog_SOLVPN__d_UST10Y,normal,90,7,4,5,90,205,121.2,523.4733181219689,25,1207.1186358956706,115|205|410|500,2023-07-05|2023-12-14|2025-01-06|2025-06-23,
dlog_SOLVPN__d_UST10Y,normal,90,10,4,5,90,205,121.2,523.4733181219689,25,1207.1186358956706,115|205|410|500,2023-07-05|2023-12-14|2025-01-06|2025-06-23,
dlog_SOLVPN__d_UST10Y,normal,90,15,3,4,90,295,151.5,530.1105341817813,20,1188.358668084949,115|410|500,2023-07-05|2025-01-06|2025-06-23,
dlog_SOLVPN__d_UST10Y,normal,90,20,3,4,90,295,151.5,530.1105341817813,20,1188.358668084949,115|410|500,2023-07-05|2025-01-06|2025-06-23,
dlog_SOLVPN__d_UST10Y,normal,90,30,1,2,111,495,303.0,559.4104943889348,10,1182.8897886385628,495,2025-06-11,
dlog_SOLVPN__d_UST10Y,normal,90,50,1,2,111,495,303.0,559.4104943889348,10,1182.8897886385628,495,2025-06-11,
dlog_SOLVPN__d_UST10Y,normal,120,5,3,4,120,200,151.5,535.7894999812476,20,1199.7165996838814,120|320|485,2023-07-13|2024-07-17|2025-05-22,
dlog_SOLVPN__d_UST10Y,normal,120,7,3,4,120,200,151.5,535.7894999812476,20,1199.7165996838814,120|320|485,2023-07-13|2024-07-17|2025-05-22,
dlog_SOLVPN__d_UST10Y,normal,120,10,3,4,120,200,151.5,535.7894999812476,20,1199.7165996838814,120|320|485,2023-07-13|2024-07-17|2025-05-22,
dlog_SOLVPN__d_UST10Y,normal,120,15,3,4,120,200,151.5,535.7894999812476,20,1199.7165996838814,120|320|485,2023-07-13|2024-07-17|2025-05-22,
dlog_SOLVPN__d_UST10Y,normal,120,20,3,4,120,200,151.5,535.7894999812476,20,1199.7165996838814,120|320|485,2023-07-13|2024-07-17|2025-05-22,
dlog_SOLVPN__d_UST10Y,normal,120,30,1,2,121,485,303.0,559.9234412792454,10,1183.915682419184,485,2025-05-22,
dlog_SOLVPN__d_UST10Y,normal,120,50,1,2,121,485,303.0,559.9234412792454,10,1183.915682419184,485,2025-05-22,
dlog_SOLVPN__d_UST10Y,rbf,30,5,0,1,606,606,606.0,587.8064016013576,5,1207.6472031330618,,,
dlog_SOLVPN__d_UST10Y,rbf,30,7,0,1,606,606,606.0,587.8064016013576,5,1207.6472031330618,,,
dlog_SOLVPN__d_UST10Y,rbf,30,10,0,1,606,606,606.0,587.8064016013576,5,1207.6472031330618,,,
dlog_SOLVPN__d_UST10Y,rbf,30,15,0,1,606,606,606.0,587.8064016013576,5,1207.6472031330618,,,
dlog_SOLVPN__d_UST10Y,rbf,30,20,0,1,606,606,606.0,587.8064016013576,5,1207.6472031330618,,,
dlog_SOLVPN__d_UST10Y,rbf,30,30,0,1,606,606,606.0,587.8064016013576,5,1207.6472031330618,,,
dlog_SOLVPN__d_UST10Y,rbf,30,50,0,1,606,606,606.0,587.8064016013576,5,1207.6472031330618,,,
dlog_SOLVPN__d_UST10Y,rbf,60,5,0,1,606,606,606.0,587.8064016013576,5,1207.6472031330618,,,
dlog_SOLVPN__d_UST10Y,rbf,60,7,0,1,606,606,606.0,587.8064016013576,5,1207.6472031330618,,,
dlog_SOLVPN__d_UST10Y,rbf,60,10,0,1,606,606,606.0,587.8064016013576,5,1207.6472031330618,,,
dlog_SOLVPN__d_UST10Y,rbf,60,15,0,1,606,606,606.0,587.8064016013576,5,1207.6472031330618,,,
dlog_SOLVPN__d_UST10Y,rbf,60,20,0,1,606,606,606.0,587.8064016013576,5,1207.6472031330618,,,
dlog_SOLVPN__d_UST10Y,rbf,60,30,0,1,606,606,606.0,587.8064016013576,5,1207.6472031330618,,,
dlog_SOLVPN__d_UST10Y,rbf,60,50,0,1,606,606,606.0,587.8064016013576,5,1207.6472031330618,,,
dlog_SOLVPN__d_UST10Y,rbf,90,5,0,1,606,606,606.0,587.8064016013576,5,1207.6472031330618,,,
dlog_SOLVPN__d_UST10Y,rbf,90,7,0,1,606,606,606.0,587.8064016013576,5,1207.6472031330618,,,
dlog_SOLVPN__d_UST10Y,rbf,90,10,0,1,606,606,606.0,587.8064016013576,5,1207.6472031330618,,,
dlog_SOLVPN__d_UST10Y,rbf,90,15,0,1,606,606,606.0,587.8064016013576,5,1207.6472031330618,,,
dlog_SOLVPN__d_UST10Y,rbf,90,20,0,1,606,606,606.0,587.8064016013576,5,1207.6472031330618,,,
dlog_SOLVPN__d_UST10Y,rbf,90,30,0,1,606,606,606.0,587.8064016013576,5,1207.6472031330618,,,
dlog_SOLVPN__d_UST10Y,rbf,90,50,0,1,606,606,606.0,587.8064016013576,5,1207.6472031330618,,,
dlog_SOLVPN__d_UST10Y,rbf,120,5,0,1,606,606,606.0,587.8064016013576,5,1207.6472031330618,,,
dlog_SOLVPN__d_UST10Y,rbf,120,7,0,1,606,606,606.0,587.8064016013576,5,1207.6472031330618,,,
dlog_SOLVPN__d_UST10Y,rbf,120,10,0,1,606,606,606.0,587.8064016013576,5,1207.6472031330618,,,
dlog_SOLVPN__d_UST10Y,rbf,120,15,0,1,606,606,606.0,587.8064016013576,5,1207.6472031330618,,,
dlog_SOLVPN__d_UST10Y,rbf,120,20,0,1,606,606,606.0,587.8064016013576,5,1207.6472031330618,,,
dlog_SOLVPN__d_UST10Y,rbf,120,30,0,1,606,606,606.0,587.8064016013576,5,1207.6472031330618,,,
dlog_SOLVPN__d_UST10Y,rbf,120,50,0,1,606,606,606.0,587.8064016013576,5,1207.6472031330618,,,
dlog_SOLVPN__d_VIX,normal,30,5,14,15,30,95,40.4,177.29205633973055,75,835.1001116346597,60|155|185|220|250|280|320|350|380|410|440|470|530|560,2023-03-23|2023-09-14|2023-11-08|2024-01-16|2024-03-11|2024-05-02|2024-07-17|2024-09-10|2024-11-04|2025-01-06|2025-03-04|2025-04-28|2025-08-13|2025-10-07,
dlog_SOLVPN__d_VIX,normal,30,7,14,15,30,95,40.4,177.29205633973055,75,835.1001116346597,60|155|185|220|250|280|320|350|380|410|440|470|530|560,2023-03-23|2023-09-14|2023-11-08|2024-01-16|2024-03-11|2024-05-02|2024-07-17|2024-09-10|2024-11-04|2025-01-06|2025-03-04|2025-04-28|2025-08-13|2025-10-07,
dlog_SOLVPN__d_VIX,normal,30,10,13,14,30,95,43.285714285714285,181.82903558287978,70,812.1396701906116,60|155|185|250|280|320|350|380|410|440|470|530|560,2023-03-23|2023-09-14|2023-11-08|2024-03-11|2024-05-02|2024-07-17|2024-09-10|2024-11-04|2025-01-06|2025-03-04|2025-04-28|2025-08-13|2025-10-07,
dlog_SOLVPN__d_VIX,normal,30,15,13,14,30,95,43.285714285714285,181.82903558287978,70,812.1396701906116,60|155|185|250|280|320|350|380|410|440|470|530|560,2023-03-23|2023-09-14|2023-11-08|2024-03-11|2024-05-02|2024-07-17|2024-09-10|2024-11-04|2025-01-06|2025-03-04|2025-04-28|2025-08-13|2025-10-07,
dlog_SOLVPN__d_VIX,normal,30,20,8,9,30,135,67.33333333333333,226.39036518284027,45,741.0903297387997,60|185|320|350|400|440|470|565,2023-03-23|2023-11-08|2024-07-17|2024-09-10|2024-12-11|2025-03-04|2025-04-28|2025-10-16,
dlog_SOLVPN__d_VIX,normal,30,30,5,6,30,260,101.0,262.35990030777015,30,716.9262001976197,60|320|350|400|470,2023-03-23|2024-07-17|2024-09-10|2024-12-11|2025-04-28,
dlog_SOLVPN__d_VIX,normal,30,50,3,4,60,260,151.5,297.3136807627156,20,722.7649612468175,60|320|470,2023-03-23|2024-07-17|2025-04-28,
dlog_SOLVPN__d_VIX,normal,60,5,8,9,60,90,67.33333333333333,258.02225263605584,45,804.3541046452308,60|125|185|250|320|380|470|540,2023-03-23|2023-07-24|2023-11-08|2024-03-11|2024-07-17|2024-11-04|2025-04-28|2025-09-02,
dlog_SOLVPN__d_VIX,normal,60,7,7,8,60,125,75.75,261.9455705830142,40,780.166340608801,60|185|250|320|380|470|540,2023-03-23|2023-11-08|2024-03-11|2024-07-17|2024-11-04|2025-04-28|2025-09-02,
dlog_SOLVPN__d_VIX,normal,60,10,6,7,60,135,86.57142857142857,267.27939797431617,35,758.7995954610583,60|185|320|380|470|540,2023-03-23|2023-11-08|2024-07-17|2024-11-04|2025-04-28|2025-09-02,
dlog_SOLVPN__d_VIX,normal,60,15,5,6,60,150,101.0,275.7505129086748,30,743.707425399429,60|185|320|470|540,2023-03-23|2023-11-08|2024-07-17|2025-04-28|2025-09-02,
dlog_SOLVPN__d_VIX,normal,60,20,4,5,60,150,121.2,285.3302850996065,25,730.8325698509459,60|185|320|470,2023-03-23|2023-11-08|2024-07-17|2025-04-28,
dlog_SOLVPN__d_VIX,normal,60,30,3,4,60,260,151.5,297.3136807627156,20,722.7649612468175,60|320|470,2023-03-23|2024-07-17|2025-04-28,
dlog_SOLVPN__d_VIX,normal,60,50,3,4,60,260,151.5,297.3136807627156,20,722.7649612468175,60|320|470,2023-03-23|2024-07-17|2025-04-28,
dlog_SOLVPN__d_VIX,normal,90,5,4,5,90,150,121.2,291.1494438619866,25,742.4708873757061,90|185|320|470,2023-05-17|2023-11-08|2024-07-17|2025-04-28,
dlog_SOLVPN__d_VIX,normal,90,7,4,5,90,150,121.2,291.1494438619866,25,742.4708873757061,90|185|320|470,2023-05-17|2023-11-08|2024-07-17|2025-04-28,
dlog_SOLVPN__d_VIX,normal,90,10,4,5,90,150,121.2,291.1494438619866,25,742.4708873757061,90|185|320|470,2023-05-17|2023-11-08|2024-07-17|2025-04-28,
dlog_SOLVPN__d_VIX,normal,90,15,3,4,135,185,151.5,298.64052983669706,20,725.4186593947804,185|320|470,2023-11-08|2024-07-17|2025-04-28,
dlog_SOLVPN__d_VIX,normal,90,20,3,4,135,185,151.5,298.64052983669706,20,725.4186593947804,185|320|470,2023-11-08|2024-07-17|2025-04-28,
dlog_SOLVPN__d_VIX,normal,90,30,3,4,135,185,151.5,298.64052983669706,20,725.4186593947804,185|320|470,2023-11-08|2024-07-17|2025-04-28,
dlog_SOLVPN__d_VIX,normal,90,50,3,4,135,185,151.5,298.64052983669706,20,725.4186593947804,185|320|470,2023-11-08|2024-07-17|2025-04-28,
dlog_SOLVPN__d_VIX,normal,120,5,3,4,135,185,151.5,298.64052983669706,20,725.4186593947804,185|320|470,2023-11-08|2024-07-17|2025-04-28,
dlog_SOLVPN__d_VIX,normal,120,7,3,4,135,185,151.5,298.64052983669706,20,725.4186593947804,185|320|470,2023-11-08|2024-07-17|2025-04-28,
dlog_SOLVPN__d_VIX,normal,120,10,3,4,135,185,151.5,298.64052983669706,20,725.4186593947804,185|320|470,2023-11-08|2024-07-17|2025-04-28,
dlog_SOLVPN__d_VIX,normal,120,15,3,4,135,185,151.5,298.64052983669706,20,725.4186593947804,185|320|470,2023-11-08|2024-07-17|2025-04-28,
dlog_SOLVPN__d_VIX,normal,120,20,3,4,135,185,151.5,298.64052983669706,20,725.4186593947804,185|320|470,2023-11-08|2024-07-17|2025-04-28,
dlog_SOLVPN__d_VIX,normal,120,30,3,4,135,185,151.5,298.64052983669706,20,725.4186593947804,185|320|470,2023-11-08|2024-07-17|2025-04-28,
dlog_SOLVPN__d_VIX,normal,120,50,3,4,135,185,151.5,298.64052983669706,20,725.4186593947804,185|320|470,2023-11-08|2024-07-17|2025-04-28,
dlog_SOLVPN__d_VIX,rbf,30,5,0,1,606,606,606.0,520.2764918343456,5,1072.5873835990378,,,
dlog_SOLVPN__d_VIX,rbf,30,7,0,1,606,606,606.0,520.2764918343456,5,1072.5873835990378,,,
dlog_SOLVPN__d_VIX,rbf,30,10,0,1,606,606,606.0,520.2764918343456,5,1072.5873835990378,,,
dlog_SOLVPN__d_VIX,rbf,30,15,0,1,606,606,606.0,520.2764918343456,5,1072.5873835990378,,,
dlog_SOLVPN__d_VIX,rbf,30,20,0,1,606,606,606.0,520.2764918343456,5,1072.5873835990378,,,
dlog_SOLVPN__d_VIX,rbf,30,30,0,1,606,606,606.0,520.2764918343456,5,1072.5873835990378,,,
dlog_SOLVPN__d_VIX,rbf,30,50,0,1,606,606,606.0,520.2764918343456,5,1072.5873835990378,,,
dlog_SOLVPN__d_VIX,rbf,60,5,0,1,606,606,606.0,520.2764918343456,5,1072.5873835990378,,,
dlog_SOLVPN__d_VIX,rbf,60,7,0,1,606,606,606.0,520.2764918343456,5,1072.5873835990378,,,
dlog_SOLVPN__d_VIX,rbf,60,10,0,1,606,606,606.0,520.2764918343456,5,1072.5873835990378,,,
dlog_SOLVPN__d_VIX,rbf,60,15,0,1,606,606,606.0,520.2764918343456,5,1072.5873835990378,,,
dlog_SOLVPN__d_VIX,rbf,60,20,0,1,606,606,606.0,520.2764918343456,5,1072.5873835990378,,,
dlog_SOLVPN__d_VIX,rbf,60,30,0,1,606,606,606.0,520.2764918343456,5,1072.5873835990378,,,
dlog_SOLVPN__d_VIX,rbf,60,50,0,1,606,606,606.0,520.2764918343456,5,1072.5873835990378,,,
dlog_SOLVPN__d_VIX,rbf,90,5,0,1,606,606,606.0,520.2764918343456,5,1072.5873835990378,,,
dlog_SOLVPN__d_VIX,rbf,90,7,0,1,606,606,606.0,520.2764918343456,5,1072.5873835990378,,,
dlog_SOLVPN__d_VIX,rbf,90,10,0,1,606,606,606.0,520.2764918343456,5,1072.5873835990378,,,
dlog_SOLVPN__d_VIX,rbf,90,15,0,1,606,606,606.0,520.2764918343456,5,1072.5873835990378,,,
dlog_SOLVPN__d_VIX,rbf,90,20,0,1,606,606,606.0,520.2764918343456,5,1072.5873835990378,,,
dlog_SOLVPN__d_VIX,rbf,90,30,0,1,606,606,606.0,520.2764918343456,5,1072.5873835990378,,,
dlog_SOLVPN__d_VIX,rbf,90,50,0,1,606,606,606.0,520.2764918343456,5,1072.5873835990378,,,
dlog_SOLVPN__d_VIX,rbf,120,5,0,1,606,606,606.0,520.2764918343456,5,1072.5873835990378,,,
dlog_SOLVPN__d_VIX,rbf,120,7,0,1,606,606,606.0,520.2764918343456,5,1072.5873835990378,,,
dlog_SOLVPN__d_VIX,rbf,120,10,0,1,606,606,606.0,520.2764918343456,5,1072.5873835990378,,,
dlog_SOLVPN__d_VIX,rbf,120,15,0,1,606,606,606.0,520.2764918343456,5,1072.5873835990378,,,
dlog_SOLVPN__d_VIX,rbf,120,20,0,1,606,606,606.0,520.2764918343456,5,1072.5873835990378,,,
dlog_SOLVPN__d_VIX,rbf,120,30,0,1,606,606,606.0,520.2764918343456,5,1072.5873835990378,,,
dlog_SOLVPN__d_VIX,rbf,120,50,0,1,606,606,606.0,520.2764918343456,5,1072.5873835990378,,,
dlog_SOLVPN__d_PJM_LMP,normal,30,5,14,15,30,95,40.4,299.4626789728326,75,1079.4413569008636,30|125|155|190|225|285|315|350|410|440|470|500|530|575,2023-01-30|2023-07-24|2023-09-14|2023-11-16|2024-01-24|2024-05-13|2024-07-09|2024-09-10|2025-01-06|2025-03-04|2025-04-28|2025-06-23|2025-08-13|2025-11-04,
dlog_SOLVPN__d_PJM_LMP,normal,30,7,14,15,30,95,40.4,299.4626789728326,75,1079.4413569008636,30|125|155|190|225|285|315|350|410|440|470|500|530|575,2023-01-30|2023-07-24|2023-09-14|2023-11-16|2024-01-24|2024-05-13|2024-07-09|2024-09-10|2025-01-06|2025-03-04|2025-04-28|2025-06-23|2025-08-13|2025-11-04,
dlog_SOLVPN__d_PJM_LMP,normal,30,10,14,15,30,95,40.4,299.4626789728326,75,1079.4413569008636,30|125|155|190|225|285|315|350|410|440|470|500|530|575,2023-01-30|2023-07-24|2023-09-14|2023-11-16|2024-01-24|2024-05-13|2024-07-09|2024-09-10|2025-01-06|2025-03-04|2025-04-28|2025-06-23|2025-08-13|2025-11-04,
dlog_SOLVPN__d_PJM_LMP,normal,30,15,13,14,30,95,43.285714285714285,307.28845625794816,70,1063.0585115407484,30|125|155|190|225|315|350|410|440|470|500|530|575,2023-01-30|2023-07-24|2023-09-14|2023-11-16|2024-01-24|2024-07-09|2024-09-10|2025-01-06|2025-03-04|2025-04-28|2025-06-23|2025-08-13|2025-11-04,
dlog_SOLVPN__d_PJM_LMP,normal,30,20,13,14,30,95,43.285714285714285,307.28845625794816,70,1063.0585115407484,30|125|155|190|225|315|350|410|440|470|500|530|575,2023-01-30|2023-07-24|2023-09-14|2023-11-16|2024-01-24|2024-07-09|2024-09-10|2025-01-06|2025-03-04|2025-04-28|2025-06-23|2025-08-13|2025-11-04,
dlog_SOLVPN__d_PJM_LMP,normal,30,30,9,10,30,106,60.6,357.2000728840652,50,1034.744145071596,30|125|225|315|350|410|440|470|500,2023-01-30|2023-07-24|2024-01-24|2024-07-09|2024-09-10|2025-01-06|2025-03-04|2025-04-28|2025-06-23,
dlog_SOLVPN__d_PJM_LMP,normal,30,50,3,4,30,290,151.5,471.9475805786397,20,1072.0327608786656,30|125|415,2023-01-30|2023-07-24|2025-01-15,
dlog_SOLVPN__d_PJM_LMP,normal,60,5,8,9,60,100,67.33333333333333,437.8749371581426,45,1164.0594736894043,60|125|225|290|350|410|470|540,2023-03-23|2023-07-24|2024-01-24|2024-05-21|2024-09-10|2025-01-06|2025-04-28|2025-09-02,
dlog_SOLVPN__d_PJM_LMP,normal,60,7,8,9,60,100,67.33333333333333,437.8749371581426,45,1164.0594736894043,60|125|225|290|350|410|470|540,2023-03-23|2023-07-24|2024-01-24|2024-05-21|2024-09-10|2025-01-06|2025-04-28|2025-09-02,
dlog_SOLVPN__d_PJM_LMP,normal,60,10,8,9,60,100,67.33333333333333,437.8749371581426,45,1164.0594736894043,60|125|225|290|350|410|470|540,2023-03-23|2023-07-24|2024-01-24|2024-05-21|2024-09-10|2025-01-06|2025-04-28|2025-09-02,
dlog_SOLVPN__d_PJM_LMP,normal,60,15,8,9,60,100,67.33333333333333,437.8749371581426,45,1164.0594736894043,60|125|225|290|350|410|470|540,2023-03-23|2023-07-24|2024-01-24|2024-05-21|2024-09-10|2025-01-06|2025-04-28|2025-09-02,
dlog_SOLVPN__d_PJM_LMP,normal,60,20,7,8,60,136,75.75,448.0453334932503,40,1152.3658664292732,60|125|225|290|350|410|470,2023-03-23|2023-07-24|2024-01-24|2024-05-21|2024-09-10|2025-01-06|2025-04-28,
dlog_SOLVPN__d_PJM_LMP,normal,60,30,6,7,60,125,86.57142857142857,458.1549039413844,35,1140.550607395195,60|125|225|310|435|500,2023-03-23|2023-07-24|2024-01-24|2024-06-27|2025-02-24|2025-06-23,
dlog_SOLVPN__d_PJM_LMP,normal,60,50,3,4,60,290,151.5,508.6608858747954,20,1145.459371470977,60|125|415,2023-03-23|2023-07-24|2025-01-15,
dlog_SOLVPN__d_PJM_LMP,normal,90,5,5,6,90,135,101.0,521.6077696251152,30,1235.42193883231,90|225|315|410|500,2023-05-17|2024-01-24|2024-07-09|2025-01-06|2025-06-23,
dlog_SOLVPN__d_PJM_LMP,normal,90,7,5,6,90,135,101.0,521.6077696251152,30,1235.42193883231,90|225|315|410|500,2023-05-17|2024-01-24|2024-07-09|2025-01-06|2025-06-23,
dlog_SOLVPN__d_PJM_LMP,normal,90,10,5,6,90,135,101.0,521.6077696251152,30,1235.42193883231,90|225|315|410|500,2023-05-17|2024-01-24|2024-07-09|2025-01-06|2025-06-23,
dlog_SOLVPN__d_PJM_LMP,normal,90,15,4,5,90,185,121.2,528.2684544910941,25,1216.708908633921,90|225|315|500,2023-05-17|2024-01-24|2024-07-09|2025-06-23,
dlog_SOLVPN__d_PJM_LMP,normal,90,20,4,5,90,185,121.2,528.2684544910941,25,1216.708908633921,90|225|315|500,2023-05-17|2024-01-24|2024-07-09|2025-06-23,
dlog_SOLVPN__d_PJM_LMP,normal,90,30,2,3,90,325,202.0,550.5695832949443,15,1197.2423663809284,90|415,2023-05-17|2025-01-15,
dlog_SOLVPN__d_PJM_LMP,normal,90,50,1,2,191,415,303.0,569.927244978775,10,1203.9232898182431,415,2025-01-15,
dlog_SOLVPN__d_PJM_LMP,normal,120,5,3,4,125,191,151.5,549.6639780934036,20,1227.4655559081934,130|290|415,2023-08-01|2024-05-21|2025-01-15,
dlog_SOLVPN__d_PJM_LMP,normal,120,7,3,4,125,191,151.5,549.6639780934036,20,1227.4655559081934,130|290|415,2023-08-01|2024-05-21|2025-01-15,
dlog_SOLVPN__d_PJM_LMP,normal,120,10,3,4,125,191,151.5,549.6639780934036,20,1227.4655559081934,130|290|415,2023-08-01|2024-05-21|2025-01-15,
dlog_SOLVPN__d_PJM_LMP,normal,120,15,2,3,130,285,202.0,555.9615269417206,15,1208.026253674481,130|415,2023-08-01|2025-01-15,
dlog_SOLVPN__d_PJM_LMP,normal,120,20,2,3,130,285,202.0,555.9615269417206,15,1208.026253674481,130|415,2023-08-01|2025-01-15,
dlog_SOLVPN__d_PJM_LMP,normal,120,30,1,2,191,415,303.0,569.927244978775,10,1203.9232898182431,415,2025-01-15,
dlog_SOLVPN__d_PJM_LMP,normal,120,50,1,2,191,415,303.0,569.927244978775,10,1203.9232898182431,415,2025-01-15,
dlog_SOLVPN__d_PJM_LMP,rbf,30,5,0,1,606,606,606.0,604.1285534634225,5,1240.2915068571915,,,
dlog_SOLVPN__d_PJM_LMP,rbf,30,7,0,1,606,606,606.0,604.1285534634225,5,1240.2915068571915,,,
dlog_SOLVPN__d_PJM_LMP,rbf,30,10,0,1,606,606,606.0,604.1285534634225,5,1240.2915068571915,,,
dlog_SOLVPN__d_PJM_LMP,rbf,30,15,0,1,606,606,606.0,604.1285534634225,5,1240.2915068571915,,,
dlog_SOLVPN__d_PJM_LMP,rbf,30,20,0,1,606,606,606.0,604.1285534634225,5,1240.2915068571915,,,
dlog_SOLVPN__d_PJM_LMP,rbf,30,30,0,1,606,606,606.0,604.1285534634225,5,1240.2915068571915,,,
dlog_SOLVPN__d_PJM_LMP,rbf,30,50,0,1,606,606,606.0,604.1285534634225,5,1240.2915068571915,,,
dlog_SOLVPN__d_PJM_LMP,rbf,60,5,0,1,606,606,606.0,604.1285534634225,5,1240.2915068571915,,,
dlog_SOLVPN__d_PJM_LMP,rbf,60,7,0,1,606,606,606.0,604.1285534634225,5,1240.2915068571915,,,
dlog_SOLVPN__d_PJM_LMP,rbf,60,10,0,1,606,606,606.0,604.1285534634225,5,1240.2915068571915,,,
dlog_SOLVPN__d_PJM_LMP,rbf,60,15,0,1,606,606,606.0,604.1285534634225,5,1240.2915068571915,,,
dlog_SOLVPN__d_PJM_LMP,rbf,60,20,0,1,606,606,606.0,604.1285534634225,5,1240.2915068571915,,,
dlog_SOLVPN__d_PJM_LMP,rbf,60,30,0,1,606,606,606.0,604.1285534634225,5,1240.2915068571915,,,
dlog_SOLVPN__d_PJM_LMP,rbf,60,50,0,1,606,606,606.0,604.1285534634225,5,1240.2915068571915,,,
dlog_SOLVPN__d_PJM_LMP,rbf,90,5,0,1,606,606,606.0,604.1285534634225,5,1240.2915068571915,,,
dlog_SOLVPN__d_PJM_LMP,rbf,90,7,0,1,606,606,606.0,604.1285534634225,5,1240.2915068571915,,,
dlog_SOLVPN__d_PJM_LMP,rbf,90,10,0,1,606,606,606.0,604.1285534634225,5,1240.2915068571915,,,
dlog_SOLVPN__d_PJM_LMP,rbf,90,15,0,1,606,606,606.0,604.1285534634225,5,1240.2915068571915,,,
dlog_SOLVPN__d_PJM_LMP,rbf,90,20,0,1,606,606,606.0,604.1285534634225,5,1240.2915068571915,,,
dlog_SOLVPN__d_PJM_LMP,rbf,90,30,0,1,606,606,606.0,604.1285534634225,5,1240.2915068571915,,,
dlog_SOLVPN__d_PJM_LMP,rbf,90,50,0,1,606,606,606.0,604.1285534634225,5,1240.2915068571915,,,
dlog_SOLVPN__d_PJM_LMP,rbf,120,5,0,1,606,606,606.0,604.1285534634225,5,1240.2915068571915,,,
dlog_SOLVPN__d_PJM_LMP,rbf,120,7,0,1,606,606,606.0,604.1285534634225,5,1240.2915068571915,,,
dlog_SOLVPN__d_PJM_LMP,rbf,120,10,0,1,606,606,606.0,604.1285534634225,5,1240.2915068571915,,,
dlog_SOLVPN__d_PJM_LMP,rbf,120,15,0,1,606,606,606.0,604.1285534634225,5,1240.2915068571915,,,
dlog_SOLVPN__d_PJM_LMP,rbf,120,20,0,1,606,606,606.0,604.1285534634225,5,1240.2915068571915,,,
dlog_SOLVPN__d_PJM_LMP,rbf,120,30,0,1,606,606,606.0,604.1285534634225,5,1240.2915068571915,,,
dlog_SOLVPN__d_PJM_LMP,rbf,120,50,0,1,606,606,606.0,604.1285534634225,5,1240.2915068571915,,,
