pair,min_size,model,penalty,cp_id,change_idx,change_date
dlog_SOLVPN__dlog_COPPER,30,normal,30.0,1,505.0,2025-07-01
dlog_SOLVPN__dlog_COPPER,30,normal,30.0,2,535.0,2025-08-21
dlog_SOLVPN__dlog_COPPER,60,normal,20.0,1,410.0,2025-01-06
dlog_SOLVPN__dlog_COPPER,60,normal,20.0,2,470.0,2025-04-28
dlog_SOLVPN__dlog_COPPER,60,normal,20.0,3,530.0,2025-08-13
dlog_SOLVPN__dlog_COPPER,90,normal,30.0,1,505.0,2025-07-01
dlog_SOLVPN__dlog_COPPER,120,normal,20.0,1,455.0,2025-03-31
dlog_SOLVPN__dlog_GOLD,30,normal,20.0,1,455.0,2025-03-31
dlog_SOLVPN__dlog_GOLD,60,normal,20.0,1,455.0,2025-03-31
dlog_SOLVPN__dlog_GOLD,90,normal,15.0,1,455.0,2025-03-31
dlog_SOLVPN__dlog_GOLD,120,normal,10.0,1,455.0,2025-03-31
dlog_SOLVPN__dlog_SILVER,30,normal,30.0,1,555.0,2025-09-29
dlog_SOLVPN__dlog_SILVER,60,normal,30.0,1,545.0,2025-09-10
dlog_SOLVPN__dlog_DXY,30,normal,30.0,1,415.0,2025-01-15
dlog_SOLVPN__dlog_DXY,30,normal,30.0,2,480.0,2025-05-14
dlog_SOLVPN__dlog_DXY,60,normal,30.0,1,415.0,2025-01-15
dlog_SOLVPN__dlog_DXY,60,normal,30.0,2,480.0,2025-05-14
dlog_SOLVPN__dlog_DXY,90,normal,20.0,1,415.0,2025-01-15
dlog_SOLVPN__dlog_DXY,90,normal,20.0,2,505.0,2025-07-01
dlog_SOLVPN__dlog_DXY,120,normal,20.0,1,415.0,2025-01-15
dlog_SOLVPN__dlog_GAS,30,normal,30.0,1,30.0,2023-01-30
dlog_SOLVPN__dlog_GAS,30,normal,30.0,2,215.0,2024-01-04
dlog_SOLVPN__dlog_GAS,30,normal,30.0,3,245.0,2024-02-29
dlog_SOLVPN__dlog_GAS,30,normal,30.0,4,380.0,2024-11-04
dlog_SOLVPN__dlog_GAS,30,normal,30.0,5,435.0,2025-02-24
dlog_SOLVPN__dlog_GAS,60,normal,20.0,1,60.0,2023-03-23
dlog_SOLVPN__dlog_GAS,60,normal,20.0,2,180.0,2023-10-31
dlog_SOLVPN__dlog_GAS,60,normal,20.0,3,240.0,2024-02-21
dlog_SOLVPN__dlog_GAS,60,normal,20.0,4,375.0,2024-10-24
dlog_SOLVPN__dlog_GAS,60,normal,20.0,5,435.0,2025-02-24
dlog_SOLVPN__dlog_GAS,90,normal,30.0,1,180.0,2023-10-31
dlog_SOLVPN__dlog_GAS,90,normal,30.0,2,270.0,2024-04-16
dlog_SOLVPN__dlog_GAS,90,normal,30.0,3,375.0,2024-10-24
dlog_SOLVPN__dlog_GAS,90,normal,30.0,4,465.0,2025-04-16
dlog_SOLVPN__dlog_GAS,120,normal,15.0,1,220.0,2024-01-16
dlog_SOLVPN__dlog_GAS,120,normal,15.0,2,435.0,2025-02-24
dlog_SOLVPN__d_UST10Y,30,normal,30.0,1,495.0,2025-06-11
dlog_SOLVPN__d_UST10Y,60,normal,30.0,1,495.0,2025-06-11
dlog_SOLVPN__d_UST10Y,90,normal,30.0,1,495.0,2025-06-11
dlog_SOLVPN__d_UST10Y,120,normal,30.0,1,485.0,2025-05-22
dlog_SOLVPN__d_VIX,30,normal,30.0,1,60.0,2023-03-23
dlog_SOLVPN__d_VIX,30,normal,30.0,2,320.0,2024-07-17
dlog_SOLVPN__d_VIX,30,normal,30.0,3,350.0,2024-09-10
dlog_SOLVPN__d_VIX,30,normal,30.0,4,400.0,2024-12-11
dlog_SOLVPN__d_VIX,30,normal,30.0,5,470.0,2025-04-28
dlog_SOLVPN__d_VIX,60,normal,30.0,1,60.0,2023-03-23
dlog_SOLVPN__d_VIX,60,normal,30.0,2,320.0,2024-07-17
dlog_SOLVPN__d_VIX,60,normal,30.0,3,470.0,2025-04-28
dlog_SOLVPN__d_VIX,90,normal,15.0,1,185.0,2023-11-08
dlog_SOLVPN__d_VIX,90,normal,15.0,2,320.0,2024-07-17
dlog_SOLVPN__d_VIX,90,normal,15.0,3,470.0,2025-04-28
dlog_SOLVPN__d_VIX,120,normal,5.0,1,185.0,2023-11-08
dlog_SOLVPN__d_VIX,120,normal,5.0,2,320.0,2024-07-17
dlog_SOLVPN__d_VIX,120,normal,5.0,3,470.0,2025-04-28
dlog_SOLVPN__d_PJM_LMP,30,normal,30.0,1,30.0,2023-01-30
dlog_SOLVPN__d_PJM_LMP,30,normal,30.0,2,125.0,2023-07-24
dlog_SOLVPN__d_PJM_LMP,30,normal,30.0,3,225.0,2024-01-24
dlog_SOLVPN__d_PJM_LMP,30,normal,30.0,4,315.0,2024-07-09
dlog_SOLVPN__d_PJM_LMP,30,normal,30.0,5,350.0,2024-09-10
dlog_SOLVPN__d_PJM_LMP,30,normal,30.0,6,410.0,2025-01-06
dlog_SOLVPN__d_PJM_LMP,30,normal,30.0,7,440.0,2025-03-04
dlog_SOLVPN__d_PJM_LMP,30,normal,30.0,8,470.0,2025-04-28
dlog_SOLVPN__d_PJM_LMP,30,normal,30.0,9,500.0,2025-06-23
dlog_SOLVPN__d_PJM_LMP,60,normal,30.0,1,60.0,2023-03-23
dlog_SOLVPN__d_PJM_LMP,60,normal,30.0,2,125.0,2023-07-24
dlog_SOLVPN__d_PJM_LMP,60,normal,30.0,3,225.0,2024-01-24
dlog_SOLVPN__d_PJM_LMP,60,normal,30.0,4,310.0,2024-06-27
dlog_SOLVPN__d_PJM_LMP,60,normal,30.0,5,435.0,2025-02-24
dlog_SOLVPN__d_PJM_LMP,60,normal,30.0,6,500.0,2025-06-23
dlog_SOLVPN__d_PJM_LMP,90,normal,30.0,1,90.0,2023-05-17
dlog_SOLVPN__d_PJM_LMP,90,normal,30.0,2,415.0,2025-01-15
dlog_SOLVPN__d_PJM_LMP,120,normal,30.0,1,415.0,2025-01-15
