horizon,response,shock,girf
0,d_UST10Y,d_UST10Y,0.06108457430172268
0,d_UST10Y,dlog_COPPER,0.00019728499311734212
0,d_UST10Y,dlog_DXY,0.019686293561434382
0,d_UST10Y,dlog_SOLVPN,-0.013608136835609045
0,d_UST10Y,dlog_VIX,-0.0001314744436745633
0,dlog_COPPER,d_UST10Y,5.501380236101529e-05
0,dlog_COPPER,dlog_COPPER,0.017033706643581115
0,dlog_COPPER,dlog_DXY,-0.005560638314809447
0,dlog_COPPER,dlog_SOLVPN,0.003739524858691994
0,dlog_COPPER,dlog_VIX,-0.004037036215995449
0,dlog_DXY,d_UST10Y,0.0014229001206569184
0,dlog_DXY,dlog_COPPER,-0.001441310316275489
0,dlog_DXY,dlog_DXY,0.004415114905858629
0,dlog_DXY,dlog_SOLVPN,-0.001338615177904567
0,dlog_DXY,dlog_VIX,0.000647384248294717
0,dlog_SOLVPN,d_UST10Y,-0.0027435108039089127
0,dlog_SOLVPN,dlog_COPPER,0.0027036272795986846
0,dlog_SOLVPN,dlog_DXY,-0.0037338192713276775
0,dlog_SOLVPN,dlog_SOLVPN,0.012315145825872524
0,dlog_SOLVPN,dlog_VIX,-0.006535190511343576
0,dlog_VIX,d_UST10Y,-0.00016441907472334783
0,dlog_VIX,dlog_COPPER,-0.018104890046801887
0,dlog_VIX,dlog_DXY,0.011201147781712982
0,dlog_VIX,dlog_SOLVPN,-0.0405378865949279
0,dlog_VIX,dlog_VIX,0.07639103772455792
1,d_UST10Y,d_UST10Y,-0.0006942418227548322
1,d_UST10Y,dlog_COPPER,0.0001029128684314851
1,d_UST10Y,dlog_DXY,0.002539466505861107
1,d_UST10Y,dlog_SOLVPN,-0.003661131447837826
1,d_UST10Y,dlog_VIX,0.003099256653646623
1,dlog_COPPER,d_UST10Y,-0.0006131735202914587
1,dlog_COPPER,dlog_COPPER,-0.0005505629735598888
1,dlog_COPPER,dlog_DXY,-0.0007591832586969146
1,dlog_COPPER,dlog_SOLVPN,0.0013647093104566736
1,dlog_COPPER,dlog_VIX,-0.001783122916649697
1,dlog_DXY,d_UST10Y,0.00041118027987083585
1,dlog_DXY,dlog_COPPER,3.087779893411348e-05
1,dlog_DXY,dlog_DXY,3.99211569562526e-06
1,dlog_DXY,dlog_SOLVPN,-0.0003912820042164305
1,dlog_DXY,dlog_VIX,0.00038049665862203226
1,dlog_SOLVPN,d_UST10Y,-0.0009505224326968591
1,dlog_SOLVPN,dlog_COPPER,0.0003717655084793001
1,dlog_SOLVPN,dlog_DXY,-0.0005789032815676494
1,dlog_SOLVPN,dlog_SOLVPN,0.0013442563846677114
1,dlog_SOLVPN,dlog_VIX,-0.0011776836961884876
1,dlog_VIX,d_UST10Y,-1.080118352045531e-06
1,dlog_VIX,dlog_COPPER,0.00150976624301237
1,dlog_VIX,dlog_DXY,-0.0027276484544005958
1,dlog_VIX,dlog_SOLVPN,0.004206957822170127
1,dlog_VIX,dlog_VIX,-0.004677662551243816
2,d_UST10Y,d_UST10Y,0.0004373420175726062
2,d_UST10Y,dlog_COPPER,-0.00010543333187315793
2,d_UST10Y,dlog_DXY,-0.00010481090161767453
2,d_UST10Y,dlog_SOLVPN,-0.0001762399509237813
2,d_UST10Y,dlog_VIX,9.046719589820837e-05
2,dlog_COPPER,d_UST10Y,-4.9167056950266e-05
2,dlog_COPPER,dlog_COPPER,1.502241794160475e-05
2,dlog_COPPER,dlog_DXY,8.656072817546932e-05
2,dlog_COPPER,dlog_SOLVPN,-7.251611834846783e-05
2,dlog_COPPER,dlog_VIX,0.0001253294203663371
2,dlog_DXY,d_UST10Y,-1.2412800396863006e-05
2,dlog_DXY,dlog_COPPER,-3.248552212620115e-06
2,dlog_DXY,dlog_DXY,1.2636621138385857e-05
2,dlog_DXY,dlog_SOLVPN,-5.077587561157295e-06
2,dlog_DXY,dlog_VIX,-5.13738563847859e-06
2,dlog_SOLVPN,d_UST10Y,-4.788596577746023e-05
2,dlog_SOLVPN,dlog_COPPER,5.4106537224719915e-06
2,dlog_SOLVPN,dlog_DXY,-4.260618890216308e-05
2,dlog_SOLVPN,dlog_SOLVPN,8.78595675791475e-05
2,dlog_SOLVPN,dlog_VIX,-6.646122714199564e-05
2,dlog_VIX,d_UST10Y,-0.0003593410084867312
2,dlog_VIX,dlog_COPPER,9.344810447004709e-07
2,dlog_VIX,dlog_DXY,8.298312976273054e-05
2,dlog_VIX,dlog_SOLVPN,0.0001341493371263644
2,dlog_VIX,dlog_VIX,-7.905981148363581e-05
3,d_UST10Y,d_UST10Y,-2.6391045994740713e-05
3,d_UST10Y,dlog_COPPER,2.3688897320682885e-06
3,d_UST10Y,dlog_DXY,3.413317921827719e-05
3,d_UST10Y,dlog_SOLVPN,-2.3249682987321752e-05
3,d_UST10Y,dlog_VIX,2.2403742510170094e-05
3,dlog_COPPER,d_UST10Y,1.0124051494366104e-05
3,dlog_COPPER,dlog_COPPER,4.843128094118819e-08
3,dlog_COPPER,dlog_DXY,-1.1477146158145591e-05
3,dlog_COPPER,dlog_SOLVPN,7.201550365422134e-06
3,dlog_COPPER,dlog_VIX,-9.677682809812146e-06
3,dlog_DXY,d_UST10Y,2.8065125305190902e-06
3,dlog_DXY,dlog_COPPER,-6.08279437741106e-07
3,dlog_DXY,dlog_DXY,8.839413209507625e-08
3,dlog_DXY,dlog_SOLVPN,-2.2545834448025168e-06
3,dlog_DXY,dlog_VIX,2.271270519942076e-06
3,dlog_SOLVPN,d_UST10Y,-5.1870268495383885e-06
3,dlog_SOLVPN,dlog_COPPER,1.7008774094294559e-06
3,dlog_SOLVPN,dlog_DXY,-1.8379343941013507e-06
3,dlog_SOLVPN,dlog_SOLVPN,6.1648556249881326e-06
3,dlog_SOLVPN,dlog_VIX,-4.254129191185621e-06
3,dlog_VIX,d_UST10Y,2.2679365389396983e-05
3,dlog_VIX,dlog_COPPER,7.675574289618662e-08
3,dlog_VIX,dlog_DXY,-2.1313630569244258e-05
3,dlog_VIX,dlog_SOLVPN,1.0531497004421016e-05
3,dlog_VIX,dlog_VIX,-7.306715550642013e-06
4,d_UST10Y,d_UST10Y,5.685924961128778e-06
4,d_UST10Y,dlog_COPPER,-8.674494913571322e-07
4,d_UST10Y,dlog_DXY,-2.6074288347474354e-06
4,d_UST10Y,dlog_SOLVPN,-9.377489572460295e-07
4,d_UST10Y,dlog_VIX,3.0150989688350523e-07
4,dlog_COPPER,d_UST10Y,-1.789474319745594e-06
4,dlog_COPPER,dlog_COPPER,1.4020237548806595e-07
4,dlog_COPPER,dlog_DXY,1.1155529998004083e-06
4,dlog_COPPER,dlog_SOLVPN,-9.973337328307379e-08
4,dlog_COPPER,dlog_VIX,2.8313030214147727e-07
4,dlog_DXY,d_UST10Y,-9.895594491963927e-08
4,dlog_DXY,dlog_COPPER,1.9318637602961974e-08
4,dlog_DXY,dlog_DXY,1.2705027243303559e-07
4,dlog_DXY,dlog_SOLVPN,-7.905736099195412e-08
4,dlog_DXY,dlog_VIX,4.212960576310327e-08
4,dlog_SOLVPN,d_UST10Y,-1.6570102125131815e-07
4,dlog_SOLVPN,dlog_COPPER,6.907131574931745e-08
4,dlog_SOLVPN,dlog_DXY,-3.6383183563287224e-07
4,dlog_SOLVPN,dlog_SOLVPN,5.740869958837431e-07
4,dlog_SOLVPN,dlog_VIX,-4.82842529559421e-07
4,dlog_VIX,d_UST10Y,-3.991951348381113e-06
4,dlog_VIX,dlog_COPPER,6.275294477360613e-07
4,dlog_VIX,dlog_DXY,1.50496594699294e-06
4,dlog_VIX,dlog_SOLVPN,1.069538938274586e-06
4,dlog_VIX,dlog_VIX,-8.347635531216434e-07
5,d_UST10Y,d_UST10Y,-5.345872885273264e-07
5,d_UST10Y,dlog_COPPER,5.836577116745705e-08
5,d_UST10Y,dlog_DXY,4.29130521569403e-07
5,d_UST10Y,dlog_SOLVPN,-1.3988493468489965e-07
5,d_UST10Y,dlog_VIX,1.4543354580819015e-07
5,dlog_COPPER,d_UST10Y,2.0964608209779872e-07
5,dlog_COPPER,dlog_COPPER,-2.1450904398764494e-08
5,dlog_COPPER,dlog_DXY,-1.3964394390423203e-07
5,dlog_COPPER,dlog_SOLVPN,2.052763649651166e-08
5,dlog_COPPER,dlog_VIX,-2.7678820003790345e-08
5,dlog_DXY,d_UST10Y,2.3195876070323453e-08
5,dlog_DXY,dlog_COPPER,-5.026689859766947e-09
5,dlog_DXY,dlog_DXY,-7.329156715273461e-09
5,dlog_DXY,dlog_SOLVPN,-8.350213816976572e-09
5,dlog_DXY,dlog_VIX,5.960643148801283e-09
5,dlog_SOLVPN,d_UST10Y,-4.804523616145111e-08
5,dlog_SOLVPN,dlog_COPPER,9.601826285704674e-09
5,dlog_SOLVPN,dlog_DXY,-6.048063495846188e-10
5,dlog_SOLVPN,dlog_SOLVPN,3.5987592390834085e-08
5,dlog_SOLVPN,dlog_VIX,-2.4363495668096413e-08
5,dlog_VIX,d_UST10Y,3.4545500816522587e-07
5,dlog_VIX,dlog_COPPER,-4.439806135660483e-08
5,dlog_VIX,dlog_DXY,-2.6782393979818447e-07
5,dlog_VIX,dlog_SOLVPN,7.65628862063661e-08
5,dlog_VIX,dlog_VIX,-6.997317875398533e-08
6,d_UST10Y,d_UST10Y,7.84186002952416e-08
6,d_UST10Y,dlog_COPPER,-1.1146272468428356e-08
6,d_UST10Y,dlog_DXY,-4.288982445738945e-08
6,d_UST10Y,dlog_SOLVPN,-4.518931324377072e-09
6,d_UST10Y,dlog_VIX,-6.609586182181908e-10
6,dlog_COPPER,d_UST10Y,-2.663133162002791e-08
6,dlog_COPPER,dlog_COPPER,3.5013302463583945e-09
6,dlog_COPPER,dlog_DXY,1.5807414043443013e-08
6,dlog_COPPER,dlog_SOLVPN,-3.832520577328589e-11
6,dlog_COPPER,dlog_VIX,1.195718610730974e-09
6,dlog_DXY,d_UST10Y,-1.7393746396330147e-09
6,dlog_DXY,dlog_COPPER,2.1993135252419492e-10
6,dlog_DXY,dlog_DXY,1.663462439431805e-09
6,dlog_DXY,dlog_SOLVPN,-7.684775910236891e-10
6,dlog_DXY,dlog_VIX,7.267600555452574e-10
6,dlog_SOLVPN,d_UST10Y,1.080366426272363e-09
6,dlog_SOLVPN,dlog_COPPER,2.0329837484674598e-10
6,dlog_SOLVPN,dlog_DXY,-3.2390955134798684e-09
6,dlog_SOLVPN,dlog_SOLVPN,3.24330920103868e-09
6,dlog_SOLVPN,dlog_VIX,-2.697024748683867e-09
6,dlog_VIX,d_UST10Y,-5.001278679453897e-08
6,dlog_VIX,dlog_COPPER,7.664175579160157e-09
6,dlog_VIX,dlog_DXY,2.675363139684554e-08
6,dlog_VIX,dlog_SOLVPN,3.777121532902323e-09
6,dlog_VIX,dlog_VIX,-5.999700243377999e-10
7,d_UST10Y,d_UST10Y,-8.529605164107618e-09
7,d_UST10Y,dlog_COPPER,1.0888177690686508e-09
7,d_UST10Y,dlog_DXY,5.878332405698695e-09
7,d_UST10Y,dlog_SOLVPN,-1.0095651133645964e-09
7,d_UST10Y,dlog_VIX,1.2527872695285178e-09
7,dlog_COPPER,d_UST10Y,3.103201030313261e-09
7,dlog_COPPER,dlog_COPPER,-4.152216300714602e-10
7,dlog_COPPER,dlog_DXY,-1.984713061353316e-09
7,dlog_COPPER,dlog_SOLVPN,1.7519827944086506e-10
7,dlog_COPPER,dlog_VIX,-2.8489537452563233e-10
7,dlog_DXY,d_UST10Y,2.9426392638599947e-10
7,dlog_DXY,dlog_COPPER,-4.543822454399226e-11
7,dlog_DXY,dlog_DXY,-1.4879432231108483e-10
7,dlog_DXY,dlog_SOLVPN,-3.262225317203897e-11
7,dlog_DXY,dlog_VIX,7.29883051347708e-12
7,dlog_SOLVPN,d_UST10Y,-5.127832153368016e-10
7,dlog_SOLVPN,dlog_COPPER,8.84955517847088e-11
7,dlog_SOLVPN,dlog_DXY,1.3088225131644477e-10
7,dlog_SOLVPN,dlog_SOLVPN,2.1487573175764156e-10
7,dlog_SOLVPN,dlog_VIX,-1.4399291292365584e-10
7,dlog_VIX,d_UST10Y,5.363482033441424e-09
7,dlog_VIX,dlog_COPPER,-7.036485706350155e-10
7,dlog_VIX,dlog_DXY,-3.742483060275236e-09
7,dlog_VIX,dlog_SOLVPN,6.853766688536478e-10
7,dlog_VIX,dlog_VIX,-8.357854250207314e-10
8,d_UST10Y,d_UST10Y,1.1108979965494067e-09
8,d_UST10Y,dlog_COPPER,-1.54950511636012e-10
8,d_UST10Y,dlog_DXY,-6.613184366241229e-10
8,d_UST10Y,dlog_SOLVPN,1.6601293913493803e-12
8,d_UST10Y,dlog_VIX,-5.985785779916805e-11
8,dlog_COPPER,d_UST10Y,-3.8215287457359895e-10
8,dlog_COPPER,dlog_COPPER,5.273068811952016e-11
8,dlog_COPPER,dlog_DXY,2.3628279290329e-10
8,dlog_COPPER,dlog_SOLVPN,-1.1335170429690408e-11
8,dlog_COPPER,dlog_VIX,2.8466394834303473e-11
8,dlog_DXY,d_UST10Y,-2.997864939293749e-11
8,dlog_DXY,dlog_COPPER,3.664345921134811e-12
8,dlog_DXY,dlog_DXY,2.2221900233063663e-11
8,dlog_DXY,dlog_SOLVPN,-5.488329575892259e-12
8,dlog_DXY,dlog_VIX,6.156246473317135e-12
8,dlog_SOLVPN,d_UST10Y,3.3351124986926594e-11
8,dlog_SOLVPN,dlog_COPPER,-2.740142710402472e-12
8,dlog_SOLVPN,dlog_DXY,-3.5536354709794594e-11
8,dlog_SOLVPN,dlog_SOLVPN,1.955174481216918e-11
8,dlog_SOLVPN,dlog_VIX,-1.7224029920512945e-11
8,dlog_VIX,d_UST10Y,-7.046799006562914e-10
8,dlog_VIX,dlog_COPPER,9.906017168045717e-11
8,dlog_VIX,dlog_DXY,4.189700970607318e-10
8,dlog_VIX,dlog_SOLVPN,-2.378304861208581e-13
8,dlog_VIX,dlog_VIX,3.8687826488483875e-11
9,d_UST10Y,d_UST10Y,-1.2898486531877764e-10
9,d_UST10Y,dlog_COPPER,1.7159523220155304e-11
9,d_UST10Y,dlog_DXY,8.430765552789012e-11
9,d_UST10Y,dlog_SOLVPN,-9.526220745302268e-12
9,d_UST10Y,dlog_VIX,1.4435193880011947e-11
9,dlog_COPPER,d_UST10Y,4.5731831495991936e-11
9,dlog_COPPER,dlog_COPPER,-6.202991558826869e-12
9,dlog_COPPER,dlog_DXY,-2.912938355549525e-11
9,dlog_COPPER,dlog_SOLVPN,2.421887574489819e-12
9,dlog_COPPER,dlog_VIX,-4.345747437783237e-12
9,dlog_DXY,d_UST10Y,4.125602634601473e-12
9,dlog_DXY,dlog_COPPER,-5.81137252344174e-13
9,dlog_DXY,dlog_DXY,-2.3725003148329713e-12
9,dlog_DXY,dlog_SOLVPN,-9.608958593426869e-14
9,dlog_DXY,dlog_VIX,-1.5038291887859324e-13
9,dlog_SOLVPN,d_UST10Y,-6.238312632871964e-12
9,dlog_SOLVPN,dlog_COPPER,9.753467520604403e-13
9,dlog_SOLVPN,dlog_DXY,2.8013350565049465e-12
9,dlog_SOLVPN,dlog_SOLVPN,1.1239088499078794e-12
9,dlog_SOLVPN,dlog_VIX,-5.737174617519027e-13
9,dlog_VIX,d_UST10Y,8.164363637733532e-11
9,dlog_VIX,dlog_COPPER,-1.0825416214389282e-11
9,dlog_VIX,dlog_DXY,-5.363776128848417e-11
9,dlog_VIX,dlog_SOLVPN,6.373449608348228e-12
9,dlog_VIX,dlog_VIX,-9.49883862437393e-12
10,d_UST10Y,d_UST10Y,1.6103585930331026e-11
10,d_UST10Y,dlog_COPPER,-2.210674154238673e-12
10,d_UST10Y,dlog_DXY,-9.933189924198133e-12
10,d_UST10Y,dlog_SOLVPN,4.536179221453557e-13
10,d_UST10Y,dlog_VIX,-1.21952324426669e-12
10,dlog_COPPER,d_UST10Y,-5.595311741850182e-12
10,dlog_COPPER,dlog_COPPER,7.628627968420454e-13
10,dlog_COPPER,dlog_DXY,3.508965575680839e-12
10,dlog_COPPER,dlog_SOLVPN,-2.287797651977939e-13
10,dlog_COPPER,dlog_VIX,4.813438576026708e-13
10,dlog_DXY,d_UST10Y,-4.659029241248524e-13
10,dlog_DXY,dlog_COPPER,6.074927728045611e-14
10,dlog_DXY,dlog_DXY,3.1216327556658184e-13
10,dlog_DXY,dlog_SOLVPN,-4.4002220214590765e-14
10,dlog_DXY,dlog_VIX,6.001980023787645e-14
10,dlog_SOLVPN,d_UST10Y,5.876168836683199e-13
10,dlog_SOLVPN,dlog_COPPER,-7.004574111153714e-14
10,dlog_SOLVPN,dlog_DXY,-4.561235438946618e-13
10,dlog_SOLVPN,dlog_SOLVPN,1.3280655087829978e-13
10,dlog_SOLVPN,dlog_VIX,-1.3671717236336077e-13
10,dlog_VIX,d_UST10Y,-1.0228608937195486e-11
10,dlog_VIX,dlog_COPPER,1.4031316854411922e-12
10,dlog_VIX,dlog_DXY,6.299957249971521e-12
10,dlog_VIX,dlog_SOLVPN,-2.7721039437587286e-13
10,dlog_VIX,dlog_VIX,7.69420393621959e-13
11,d_UST10Y,d_UST10Y,-1.921214622244218e-12
11,d_UST10Y,dlog_COPPER,2.585437829807007e-13
11,d_UST10Y,dlog_DXY,1.2296155170736375e-12
11,d_UST10Y,dlog_SOLVPN,-1.0946733817217645e-13
11,d_UST10Y,dlog_VIX,1.8976739520364832e-13
11,dlog_COPPER,d_UST10Y,6.76124513911178e-13
11,dlog_COPPER,dlog_COPPER,-9.150918658425834e-14
11,dlog_COPPER,dlog_DXY,-4.2846518528450355e-13
11,dlog_COPPER,dlog_SOLVPN,3.3218749117322234e-14
11,dlog_COPPER,dlog_VIX,-6.265113862667163e-14
11,dlog_DXY,d_UST10Y,5.930468837696943e-14
11,dlog_DXY,dlog_COPPER,-8.18811911069509e-15
11,dlog_DXY,dlog_DXY,-3.601710910630864e-14
11,dlog_DXY,dlog_SOLVPN,9.753266652057099e-16
11,dlog_DXY,dlog_VIX,-3.931797651878722e-15
11,dlog_SOLVPN,d_UST10Y,-8.420921832746201e-14
11,dlog_SOLVPN,dlog_COPPER,1.2191754438865598e-14
11,dlog_SOLVPN,dlog_DXY,4.655760386498113e-14
11,dlog_SOLVPN,dlog_SOLVPN,4.319014756061383e-15
11,dlog_SOLVPN,dlog_VIX,1.0385738230137876e-15
11,dlog_VIX,d_UST10Y,1.2187018443416237e-12
11,dlog_VIX,dlog_COPPER,-1.6373180222912988e-13
11,dlog_VIX,dlog_DXY,-7.810241415311054e-13
11,dlog_VIX,dlog_SOLVPN,7.076533820453706e-14
11,dlog_VIX,dlog_VIX,-1.2149140606420627e-13
12,d_UST10Y,d_UST10Y,2.358945312548082e-13
12,d_UST10Y,dlog_COPPER,-3.213613918974767e-14
12,d_UST10Y,dlog_DXY,-1.4752421422718522e-13
12,d_UST10Y,dlog_SOLVPN,9.154784613895443e-15
12,d_UST10Y,dlog_VIX,-1.9887650040462255e-14
12,dlog_COPPER,d_UST10Y,-8.236929163634296e-14
12,dlog_COPPER,dlog_COPPER,1.1181376103703531e-14
12,dlog_COPPER,dlog_DXY,5.184974325032328e-14
12,dlog_COPPER,dlog_SOLVPN,-3.616183925479715e-15
12,dlog_COPPER,dlog_VIX,7.28407548844331e-15
12,dlog_DXY,d_UST10Y,-6.9910661633384145e-15
12,dlog_DXY,dlog_COPPER,9.3545439605022e-16
12,dlog_DXY,dlog_DXY,4.516315583045854e-15
12,dlog_DXY,dlog_SOLVPN,-4.504859226558883e-16
12,dlog_DXY,dlog_VIX,7.311170865096054e-16
12,dlog_SOLVPN,d_UST10Y,9.237241702426566e-15
12,dlog_SOLVPN,dlog_COPPER,-1.1953983199208437e-15
12,dlog_SOLVPN,dlog_DXY,-6.3314325892163905e-15
12,dlog_SOLVPN,dlog_SOLVPN,1.0470010029823867e-15
12,dlog_SOLVPN,dlog_VIX,-1.3277168433027894e-15
12,dlog_VIX,d_UST10Y,-1.4979027124729206e-13
12,dlog_VIX,dlog_COPPER,2.0408635373200743e-14
12,dlog_VIX,dlog_DXY,9.359434371944112e-14
12,dlog_VIX,dlog_SOLVPN,-5.7134244017828206e-15
12,dlog_VIX,dlog_VIX,1.2544756205869885e-14
13,d_UST10Y,d_UST10Y,-2.844495184335451e-14
13,d_UST10Y,dlog_COPPER,3.844724443356862e-15
13,d_UST10Y,dlog_DXY,1.8050169923091452e-14
13,d_UST10Y,dlog_SOLVPN,-1.4283682835704944e-15
13,d_UST10Y,dlog_VIX,2.656624871065956e-15
13,dlog_COPPER,d_UST10Y,9.982755435119694e-15
13,dlog_COPPER,dlog_COPPER,-1.3520706216857628e-15
13,dlog_COPPER,dlog_DXY,-6.309329845017295e-15
13,dlog_COPPER,dlog_SOLVPN,4.698222915476965e-16
13,dlog_COPPER,dlog_VIX,-9.074435472876293e-16
13,dlog_DXY,d_UST10Y,8.647583927827878e-16
13,dlog_DXY,dlog_COPPER,-1.1819325621195463e-16
13,dlog_DXY,dlog_DXY,-5.37468341958647e-16
13,dlog_DXY,dlog_SOLVPN,2.941474727148522e-17
13,dlog_DXY,dlog_VIX,-6.953664009086555e-17
13,dlog_SOLVPN,d_UST10Y,-1.1971986863604905e-15
13,dlog_SOLVPN,dlog_COPPER,1.6675127681277693e-16
13,dlog_SOLVPN,dlog_DXY,7.17059049409985e-16
13,dlog_SOLVPN,dlog_SOLVPN,-7.158449166330865e-18
13,dlog_SOLVPN,dlog_VIX,6.964069099815192e-17
13,dlog_VIX,d_UST10Y,1.805026753491995e-14
13,dlog_VIX,dlog_COPPER,-2.438979358777491e-15
13,dlog_VIX,dlog_DXY,-1.1459326895191859e-14
13,dlog_VIX,dlog_SOLVPN,9.129589868201716e-16
13,dlog_VIX,dlog_VIX,-1.6905726104204403e-15
14,d_UST10Y,d_UST10Y,3.469257750611587e-15
14,d_UST10Y,dlog_COPPER,-4.7122868745174085e-16
14,d_UST10Y,dlog_DXY,-2.181313307658399e-15
14,d_UST10Y,dlog_SOLVPN,1.4918101494900394e-16
14,d_UST10Y,dlog_VIX,-3.0404489200631853e-16
14,dlog_COPPER,d_UST10Y,-1.2137121117930526e-15
14,dlog_COPPER,dlog_COPPER,1.646249284035875e-16
14,dlog_COPPER,dlog_DXY,7.650720481541442e-16
14,dlog_COPPER,dlog_SOLVPN,-5.4608069622341375e-17
14,dlog_COPPER,dlog_VIX,1.0829726550178496e-16
14,dlog_DXY,d_UST10Y,-1.0377816898426958e-16
14,dlog_DXY,dlog_COPPER,1.3999931598788942e-17
14,dlog_DXY,dlog_DXY,6.610275505545976e-17
14,dlog_DXY,dlog_SOLVPN,-5.519644219263884e-18
14,dlog_DXY,dlog_VIX,9.93560666646638e-18
14,dlog_SOLVPN,d_UST10Y,1.3960309130152194e-16
14,dlog_SOLVPN,dlog_COPPER,-1.858780253860431e-17
14,dlog_SOLVPN,dlog_DXY,-9.10306157578182e-17
14,dlog_SOLVPN,dlog_SOLVPN,1.0044584023009789e-17
14,dlog_SOLVPN,dlog_VIX,-1.545908140615165e-17
14,dlog_VIX,d_UST10Y,-2.202303824461309e-15
14,dlog_VIX,dlog_COPPER,2.991976258943283e-16
14,dlog_VIX,dlog_DXY,1.3842371422783324e-15
14,dlog_VIX,dlog_SOLVPN,-9.411201446639942e-17
14,dlog_VIX,dlog_VIX,1.925135739135037e-16
15,d_UST10Y,d_UST10Y,-4.2009603910693277e-16
15,d_UST10Y,dlog_COPPER,5.688535814221671e-17
15,d_UST10Y,dlog_DXY,2.656695252010872e-16
15,d_UST10Y,dlog_SOLVPN,-1.996692005423016e-17
15,d_UST10Y,dlog_VIX,3.833240776926701e-17
15,dlog_COPPER,d_UST10Y,1.4726197230233026e-16
15,dlog_COPPER,dlog_COPPER,-1.995765804389766e-17
15,dlog_COPPER,dlog_DXY,-9.29790256845461e-17
15,dlog_COPPER,dlog_SOLVPN,6.8134417586242984e-18
15,dlog_COPPER,dlog_VIX,-1.3288683582094874e-17
15,dlog_DXY,d_UST10Y,1.2694730645909015e-17
15,dlog_DXY,dlog_COPPER,-1.7266419642295816e-18
15,dlog_DXY,dlog_DXY,-7.962705171243613e-18
15,dlog_DXY,dlog_SOLVPN,5.22043855302794e-19
15,dlog_DXY,dlog_VIX,-1.0935151444361487e-18
15,dlog_SOLVPN,d_UST10Y,-1.739364709830105e-17
15,dlog_SOLVPN,dlog_COPPER,2.3839012539947537e-18
15,dlog_SOLVPN,dlog_DXY,1.0750529585171226e-17
15,dlog_SOLVPN,dlog_SOLVPN,-5.172134020481975e-19
15,dlog_SOLVPN,dlog_VIX,1.3405427632419165e-18
15,dlog_VIX,d_UST10Y,2.66609888820915e-16
15,dlog_VIX,dlog_COPPER,-3.609867947095753e-17
15,dlog_VIX,dlog_DXY,-1.6863776042948985e-16
15,dlog_VIX,dlog_SOLVPN,1.271275416868174e-17
15,dlog_VIX,dlog_VIX,-2.4359014896886464e-17
16,d_UST10Y,d_UST10Y,5.110020097464124e-17
16,d_UST10Y,dlog_COPPER,-6.933062634144271e-18
16,d_UST10Y,dlog_DXY,-3.2198218792650275e-17
16,d_UST10Y,dlog_SOLVPN,2.2826605115093984e-18
16,d_UST10Y,dlog_VIX,-4.546229935206352e-18
16,dlog_COPPER,d_UST10Y,-1.7890372754524498e-17
16,dlog_COPPER,dlog_COPPER,2.425979264323838e-18
16,dlog_COPPER,dlog_DXY,1.1284074576502571e-17
16,dlog_COPPER,dlog_SOLVPN,-8.13271821714233e-19
16,dlog_COPPER,dlog_VIX,1.60286267876071e-18
16,dlog_DXY,d_UST10Y,-1.5343383228281877e-18
16,dlog_DXY,dlog_COPPER,2.0760090517620736e-19
16,dlog_DXY,dlog_DXY,9.717912606992722e-19
16,dlog_DXY,dlog_SOLVPN,-7.475381672823542e-20
16,dlog_DXY,dlog_VIX,1.4146308831791826e-19
16,dlog_SOLVPN,d_UST10Y,2.0782827214662176e-18
16,dlog_SOLVPN,dlog_COPPER,-2.797764613181096e-19
16,dlog_SOLVPN,dlog_DXY,-1.3285677761392633e-18
16,dlog_SOLVPN,dlog_SOLVPN,1.164863812140982e-19
16,dlog_SOLVPN,dlog_VIX,-2.0375117668256543e-19
16,dlog_VIX,d_UST10Y,-3.243528245146301e-17
16,dlog_VIX,dlog_COPPER,4.401030201483511e-18
16,dlog_VIX,dlog_DXY,2.043486510433473e-17
16,dlog_VIX,dlog_SOLVPN,-1.4456569456456728e-18
16,dlog_VIX,dlog_VIX,2.8830829165515974e-18
17,d_UST10Y,d_UST10Y,-6.198114649476088e-18
17,d_UST10Y,dlog_COPPER,8.399030552755712e-19
17,d_UST10Y,dlog_DXY,3.914409077537079e-18
17,d_UST10Y,dlog_SOLVPN,-2.880215078732839e-19
17,d_UST10Y,dlog_VIX,5.6031426844355515e-19
17,dlog_COPPER,d_UST10Y,2.171692312724845e-18
17,dlog_COPPER,dlog_COPPER,-2.943859073770867e-19
17,dlog_COPPER,dlog_DXY,-1.3706546145248976e-18
17,dlog_COPPER,dlog_SOLVPN,9.983118807623094e-20
17,dlog_COPPER,dlog_VIX,-1.9545574300031843e-19
17,dlog_DXY,d_UST10Y,1.868570022725642e-19
17,dlog_DXY,dlog_COPPER,-2.5364954882288615e-20
17,dlog_DXY,dlog_DXY,-1.1762682433445445e-19
17,dlog_DXY,dlog_SOLVPN,8.208211140905555e-21
17,dlog_DXY,dlog_VIX,-1.6513850131643667e-20
17,dlog_SOLVPN,d_UST10Y,-2.5494387993609397e-19
17,dlog_SOLVPN,dlog_COPPER,3.4714869075282306e-20
17,dlog_SOLVPN,dlog_DXY,1.5955121365342062e-19
17,dlog_SOLVPN,dlog_SOLVPN,-1.0036318999405859e-20
17,dlog_SOLVPN,dlog_VIX,2.160372326342642e-20
17,dlog_VIX,d_UST10Y,3.933793900318747e-18
17,dlog_VIX,dlog_COPPER,-5.330448927760789e-19
17,dlog_VIX,dlog_DXY,-2.4845824310259925e-18
17,dlog_VIX,dlog_SOLVPN,1.830499134691864e-19
17,dlog_VIX,dlog_VIX,-3.5581867766359644e-19
18,d_UST10Y,d_UST10Y,7.531396953409082e-19
18,d_UST10Y,dlog_COPPER,-1.0213673929421729e-19
18,d_UST10Y,dlog_DXY,-4.749566299195695e-19
18,d_UST10Y,dlog_SOLVPN,3.414403372369879e-20
18,d_UST10Y,dlog_VIX,-6.740392821014519e-20
18,dlog_COPPER,d_UST10Y,-2.6375342807226713e-19
18,dlog_COPPER,dlog_COPPER,3.576119881332913e-20
18,dlog_COPPER,dlog_DXY,1.6639892382742064e-19
18,dlog_COPPER,dlog_SOLVPN,-1.2040166432578822e-20
18,dlog_COPPER,dlog_VIX,2.3671119482787732e-20
18,dlog_DXY,d_UST10Y,-2.264769908058154e-20
18,dlog_DXY,dlog_COPPER,3.0679834495838162e-21
18,dlog_DXY,dlog_DXY,1.431172353125807e-20
18,dlog_DXY,dlog_SOLVPN,-1.0631100392811766e-21
18,dlog_DXY,dlog_VIX,2.0559088470078386e-21
18,dlog_SOLVPN,d_UST10Y,3.075935527667697e-20
18,dlog_SOLVPN,dlog_COPPER,-4.1585889977891945e-21
18,dlog_SOLVPN,dlog_DXY,-1.9509367183216086e-20
18,dlog_SOLVPN,dlog_SOLVPN,1.5328654658705283e-21
18,dlog_SOLVPN,dlog_VIX,-2.86315689709226e-21
18,dlog_VIX,d_UST10Y,-4.7802973473231025e-19
18,dlog_VIX,dlog_COPPER,6.482956916626935e-20
18,dlog_VIX,dlog_DXY,3.014474932744245e-19
18,dlog_VIX,dlog_SOLVPN,-2.1653094904696035e-20
18,dlog_VIX,dlog_VIX,4.2767619766796705e-20
19,d_UST10Y,d_UST10Y,-9.141149220800836e-20
19,d_UST10Y,dlog_COPPER,1.2390686073454611e-20
19,d_UST10Y,dlog_DXY,5.769989541552672e-20
19,d_UST10Y,dlog_SOLVPN,-4.209467635329805e-21
19,d_UST10Y,dlog_VIX,8.233111110581473e-21
19,dlog_COPPER,d_UST10Y,3.202279816046908e-20
19,dlog_COPPER,dlog_COPPER,-4.341230611142817e-21
19,dlog_COPPER,dlog_DXY,-2.0208025217444302e-20
19,dlog_COPPER,dlog_SOLVPN,1.468302448962011e-21
19,dlog_COPPER,dlog_VIX,-2.8791304671954628e-21
19,dlog_DXY,d_UST10Y,2.75323906519728e-21
19,dlog_DXY,dlog_COPPER,-3.7345431224580986e-22
19,dlog_DXY,dlog_DXY,-1.735634734626543e-21
19,dlog_DXY,dlog_SOLVPN,1.2400580557432846e-22
19,dlog_DXY,dlog_VIX,-2.457592363044079e-22
19,dlog_SOLVPN,d_UST10Y,-3.750130854272461e-21
19,dlog_SOLVPN,dlog_COPPER,5.093059855645601e-22
19,dlog_SOLVPN,dlog_DXY,2.3585931993338286e-21
19,dlog_SOLVPN,dlog_SOLVPN,-1.6210090017545374e-22
19,dlog_SOLVPN,dlog_VIX,3.293180468002153e-22
19,dlog_VIX,d_UST10Y,5.801805795418859e-20
19,dlog_VIX,dlog_COPPER,-7.864120574271816e-21
19,dlog_VIX,dlog_DXY,-3.662278041828022e-20
19,dlog_VIX,dlog_SOLVPN,2.673167806179231e-21
19,dlog_VIX,dlog_VIX,-5.226650555894446e-21
20,d_UST10Y,d_UST10Y,1.1102867975249252e-20
20,d_UST10Y,dlog_COPPER,-1.5054392361679703e-21
20,d_UST10Y,dlog_DXY,-7.004225726501684e-21
20,d_UST10Y,dlog_SOLVPN,5.062895037740999e-22
20,d_UST10Y,dlog_VIX,-9.960161267315899e-22
20,dlog_COPPER,d_UST10Y,-3.888732051071856e-21
20,dlog_COPPER,dlog_COPPER,5.27228827505564e-22
20,dlog_COPPER,dlog_DXY,2.4535905102472645e-21
20,dlog_COPPER,dlog_SOLVPN,-1.7781050295410358e-22
20,dlog_COPPER,dlog_VIX,3.4923693097560975e-22
20,dlog_DXY,d_UST10Y,-3.3407275794255944e-22
20,dlog_DXY,dlog_COPPER,4.5277231289160403e-23
20,dlog_DXY,dlog_DXY,2.1092045242171977e-22
20,dlog_DXY,dlog_SOLVPN,-1.544630139658172e-23
20,dlog_DXY,dlog_VIX,3.0138473044261856e-23
20,dlog_SOLVPN,d_UST10Y,4.542102132172127e-22
20,dlog_SOLVPN,dlog_COPPER,-6.151140315307848e-23
20,dlog_SOLVPN,dlog_DXY,-2.87189828359282e-22
20,dlog_SOLVPN,dlog_SOLVPN,2.1521683285686538e-23
20,dlog_SOLVPN,dlog_VIX,-4.1391695766843726e-23
20,dlog_VIX,d_UST10Y,-7.047066856757366e-21
20,dlog_VIX,dlog_COPPER,9.555226257749257e-22
20,dlog_VIX,dlog_DXY,4.445541563345763e-21
20,dlog_VIX,dlog_SOLVPN,-3.212352472837324e-22
20,dlog_VIX,dlog_VIX,6.320906925526529e-22
21,d_UST10Y,d_UST10Y,-1.3479533331872523e-21
21,d_UST10Y,dlog_COPPER,1.8273375826794412e-22
21,d_UST10Y,dlog_DXY,8.506616488247382e-22
21,d_UST10Y,dlog_SOLVPN,-6.184842781933892e-23
21,d_UST10Y,dlog_VIX,1.212266283805373e-22
21,dlog_COPPER,d_UST10Y,4.721735587057736e-22
21,dlog_COPPER,dlog_COPPER,-6.401310490742267e-23
21,dlog_COPPER,dlog_DXY,-2.9794778844786273e-22
21,dlog_COPPER,dlog_SOLVPN,2.1627783122223817e-23
21,dlog_COPPER,dlog_VIX,-4.243485758818304e-23
21,dlog_DXY,d_UST10Y,4.0584127195363354e-23
21,dlog_DXY,dlog_COPPER,-5.503247497143969e-24
21,dlog_DXY,dlog_DXY,-2.5598587329630805e-23
21,dlog_DXY,dlog_SOLVPN,1.845861373721053e-24
21,dlog_DXY,dlog_VIX,-3.636917583722805e-24
21,dlog_SOLVPN,d_UST10Y,-5.52417944018426e-23
21,dlog_SOLVPN,dlog_COPPER,7.494533347218135e-24
21,dlog_SOLVPN,dlog_DXY,3.4811909896970186e-23
21,dlog_SOLVPN,dlog_SOLVPN,-2.4727193303017814e-24
21,dlog_SOLVPN,dlog_VIX,4.918726153627296e-24
21,dlog_VIX,d_UST10Y,8.555419170031952e-22
21,dlog_VIX,dlog_COPPER,-1.1597976846495257e-22
21,dlog_VIX,dlog_DXY,-5.3991918724120555e-22
21,dlog_VIX,dlog_SOLVPN,3.9263462978284084e-23
21,dlog_VIX,dlog_VIX,-7.694891113932294e-23
22,d_UST10Y,d_UST10Y,1.6369566824420407e-22
22,d_UST10Y,dlog_COPPER,-2.2193923571411438e-23
22,d_UST10Y,dlog_DXY,-1.0328096002116318e-22
22,d_UST10Y,dlog_SOLVPN,7.481667378105236e-24
22,d_UST10Y,dlog_VIX,-1.469849396520974e-23
22,dlog_COPPER,d_UST10Y,-5.7336346778956e-23
22,dlog_COPPER,dlog_COPPER,7.773421632341464e-24
22,dlog_COPPER,dlog_DXY,3.6177663118389263e-23
22,dlog_COPPER,dlog_SOLVPN,-2.6233783945381255e-24
22,dlog_COPPER,dlog_VIX,5.150582391295922e-24
22,dlog_DXY,d_UST10Y,-4.926573933072692e-24
22,dlog_DXY,dlog_COPPER,6.67831572688407e-25
22,dlog_DXY,dlog_DXY,3.1093385733128635e-24
22,dlog_DXY,dlog_SOLVPN,-2.264116618884556e-25
22,dlog_DXY,dlog_VIX,4.433562713644952e-25
22,dlog_SOLVPN,d_UST10Y,6.70107424342179e-24
22,dlog_SOLVPN,dlog_COPPER,-9.08095296866156e-25
22,dlog_SOLVPN,dlog_DXY,-4.2317427411807775e-24
22,dlog_SOLVPN,dlog_SOLVPN,3.110089291261938e-25
22,dlog_SOLVPN,dlog_VIX,-6.054767958866096e-25
22,dlog_VIX,d_UST10Y,-1.0389816994917451e-22
22,dlog_VIX,dlog_COPPER,1.4086614597377144e-23
22,dlog_VIX,dlog_DXY,6.555223773415774e-23
22,dlog_VIX,dlog_SOLVPN,-4.747990918348665e-24
22,dlog_VIX,dlog_VIX,9.328664817949902e-24
23,d_UST10Y,d_UST10Y,-1.9875692063792958e-23
23,d_UST10Y,dlog_COPPER,2.694547129061738e-24
23,d_UST10Y,dlog_DXY,1.2542024563663637e-23
23,d_UST10Y,dlog_SOLVPN,-9.106476556467756e-25
23,d_UST10Y,dlog_VIX,1.7864509153172123e-24
23,dlog_COPPER,d_UST10Y,6.962039760187592e-24
23,dlog_COPPER,dlog_COPPER,-9.438636538932206e-25
23,dlog_COPPER,dlog_DXY,-4.39303458922141e-24
23,dlog_COPPER,dlog_SOLVPN,3.18763993718638e-25
23,dlog_COPPER,dlog_VIX,-6.25583595267063e-25
23,dlog_DXY,d_UST10Y,5.983280649427524e-25
23,dlog_DXY,dlog_COPPER,-8.112414387853791e-26
23,dlog_DXY,dlog_DXY,-3.774823059079622e-25
23,dlog_DXY,dlog_SOLVPN,2.7318519194097105e-26
23,dlog_DXY,dlog_VIX,-5.370257687242899e-26
23,dlog_SOLVPN,d_UST10Y,-8.142082369029907e-25
23,dlog_SOLVPN,dlog_COPPER,1.1041577863068885e-25
23,dlog_SOLVPN,dlog_DXY,5.134925105679693e-25
23,dlog_SOLVPN,dlog_SOLVPN,-3.694228154514194e-26
23,dlog_SOLVPN,dlog_VIX,7.28931316625491e-26
23,dlog_VIX,d_UST10Y,1.2615087680883479e-23
23,dlog_VIX,dlog_COPPER,-1.710222575708063e-24
23,dlog_VIX,dlog_DXY,-7.960453884344713e-24
23,dlog_VIX,dlog_SOLVPN,5.780368130209821e-25
23,dlog_VIX,dlog_VIX,-1.1338984508958712e-24
24,d_UST10Y,d_UST10Y,2.413548313478098e-24
24,d_UST10Y,dlog_COPPER,-3.272205296025648e-25
24,d_UST10Y,dlog_DXY,-1.5228675545690801e-24
24,d_UST10Y,dlog_SOLVPN,1.1041099385350237e-25
24,d_UST10Y,dlog_VIX,-2.1679636086318876e-25
24,dlog_COPPER,d_UST10Y,-8.453893113357425e-25
24,dlog_COPPER,dlog_COPPER,1.146134199502778e-25
24,dlog_COPPER,dlog_DXY,5.334254895351547e-25
24,dlog_COPPER,dlog_SOLVPN,-3.869005112279226e-26
24,dlog_COPPER,dlog_VIX,7.595009986374092e-26
24,dlog_DXY,d_UST10Y,-7.264475385575733e-26
24,dlog_DXY,dlog_COPPER,9.848250096988999e-27
24,dlog_DXY,dlog_DXY,4.584224984885708e-26
24,dlog_DXY,dlog_SOLVPN,-3.330509789547293e-27
24,dlog_DXY,dlog_VIX,6.531097849443522e-27
24,dlog_SOLVPN,d_UST10Y,9.882720347742895e-26
24,dlog_SOLVPN,dlog_COPPER,-1.3396081419562475e-26
24,dlog_SOLVPN,dlog_DXY,-6.237895387553778e-26
24,dlog_SOLVPN,dlog_SOLVPN,4.548703467075193e-27
24,dlog_SOLVPN,dlog_VIX,-8.899224429259612e-27
24,dlog_VIX,d_UST10Y,-1.5318833869151632e-24
24,dlog_VIX,dlog_COPPER,2.076878011796488e-25
24,dlog_VIX,dlog_DXY,9.66563684019338e-25
24,dlog_VIX,dlog_SOLVPN,-7.00742671156487e-26
24,dlog_VIX,dlog_VIX,1.3759801399574235e-25
25,d_UST10Y,d_UST10Y,-2.9306170942744125e-25
25,d_UST10Y,dlog_COPPER,3.9731081203576677e-26
25,d_UST10Y,dlog_DXY,1.8492257803744245e-25
25,d_UST10Y,dlog_SOLVPN,-1.3419572331827698e-26
25,d_UST10Y,dlog_VIX,2.633461311415586e-26
25,dlog_COPPER,d_UST10Y,1.0265221570491204e-25
25,dlog_COPPER,dlog_COPPER,-1.3916925477247e-26
25,dlog_COPPER,dlog_DXY,-6.477275029235911e-26
25,dlog_COPPER,dlog_SOLVPN,4.6992730033102145e-27
25,dlog_COPPER,dlog_VIX,-9.223347459522955e-27
25,dlog_DXY,d_UST10Y,8.82166800303277e-27
25,dlog_DXY,dlog_COPPER,-1.1960263614156424e-27
25,dlog_DXY,dlog_DXY,-5.5660434340172435e-27
25,dlog_DXY,dlog_SOLVPN,4.033957677044716e-28
25,dlog_DXY,dlog_VIX,-7.922739708360323e-28
25,dlog_SOLVPN,d_UST10Y,-1.2003309304116992e-26
25,dlog_SOLVPN,dlog_COPPER,1.62751400887601e-27
25,dlog_SOLVPN,dlog_DXY,7.572406899199041e-27
25,dlog_SOLVPN,dlog_SOLVPN,-5.475225111481025e-28
25,dlog_SOLVPN,dlog_VIX,1.0769308876193566e-27
25,dlog_VIX,d_UST10Y,1.860063276616697e-25
25,dlog_VIX,dlog_COPPER,-2.521729874040606e-26
25,dlog_VIX,dlog_DXY,-1.1737063155595314e-25
25,dlog_VIX,dlog_SOLVPN,8.517694633089564e-27
25,dlog_VIX,dlog_VIX,-1.6714814940517487e-26
26,d_UST10Y,d_UST10Y,3.5586188118887865e-26
26,d_UST10Y,dlog_COPPER,-4.8245978283446076e-27
26,d_UST10Y,dlog_DXY,-2.2454157111141638e-26
26,d_UST10Y,dlog_SOLVPN,1.628525194691551e-27
26,d_UST10Y,dlog_VIX,-3.196988491160349e-27
26,dlog_COPPER,d_UST10Y,-1.246480156140522e-26
26,dlog_COPPER,dlog_COPPER,1.689906610363249e-27
26,dlog_COPPER,dlog_DXY,7.86511307617674e-27
26,dlog_COPPER,dlog_SOLVPN,-5.705218179617955e-28
26,dlog_COPPER,dlog_VIX,1.1198889720419615e-27
26,dlog_DXY,d_UST10Y,-1.0711388743861477e-27
26,dlog_DXY,dlog_COPPER,1.4521571819666773e-28
26,dlog_DXY,dlog_DXY,6.759010214956203e-28
26,dlog_DXY,dlog_SOLVPN,-4.9060946384987015e-29
26,dlog_DXY,dlog_VIX,9.626281350939993e-29
26,dlog_SOLVPN,d_UST10Y,1.4572931230392987e-27
26,dlog_SOLVPN,dlog_COPPER,-1.9755750109207272e-28
26,dlog_SOLVPN,dlog_DXY,-9.196527644399065e-28
26,dlog_SOLVPN,dlog_SOLVPN,6.685205965969107e-29
26,dlog_SOLVPN,dlog_VIX,-1.3104942876113808e-28
26,dlog_VIX,d_UST10Y,-2.2586595987638595e-26
26,dlog_VIX,dlog_COPPER,3.0621800432649316e-27
26,dlog_VIX,dlog_DXY,1.4251662444516838e-26
26,dlog_VIX,dlog_SOLVPN,-1.03360475024406e-27
26,dlog_VIX,dlog_VIX,2.029114765030973e-27
27,d_UST10Y,d_UST10Y,-4.32107394384864e-27
27,d_UST10Y,dlog_COPPER,5.8582255799651045e-28
27,d_UST10Y,dlog_DXY,2.7265709002227517e-27
27,d_UST10Y,dlog_SOLVPN,-1.9782111862064925e-28
27,d_UST10Y,dlog_VIX,3.882571823861701e-28
27,dlog_COPPER,d_UST10Y,1.5135576487628723e-27
27,dlog_COPPER,dlog_COPPER,-2.0519879958925276e-28
27,dlog_COPPER,dlog_DXY,-9.55039525983667e-28
27,dlog_COPPER,dlog_SOLVPN,6.928407033960383e-29
27,dlog_COPPER,dlog_VIX,-1.3599028110608523e-28
27,dlog_DXY,d_UST10Y,1.3006882555992367e-28
27,dlog_DXY,dlog_COPPER,-1.763417088584448e-29
27,dlog_DXY,dlog_DXY,-8.207000057802794e-29
27,dlog_DXY,dlog_SOLVPN,5.951364516326485e-30
27,dlog_DXY,dlog_VIX,-1.168434932216825e-29
27,dlog_SOLVPN,d_UST10Y,-1.7697230872091994e-28
27,dlog_SOLVPN,dlog_COPPER,2.3993881887453364e-29
27,dlog_SOLVPN,dlog_DXY,1.1165844138495165e-28
27,dlog_SOLVPN,dlog_SOLVPN,-8.089483520896766e-30
27,dlog_SOLVPN,dlog_VIX,1.589142983489609e-29
27,dlog_VIX,d_UST10Y,2.7425881006775565e-27
27,dlog_VIX,dlog_COPPER,-3.718217554263398e-28
27,dlog_VIX,dlog_DXY,-1.7305574715493773e-27
27,dlog_VIX,dlog_SOLVPN,1.2555887026654765e-28
27,dlog_VIX,dlog_VIX,-2.4642840537420333e-28
28,d_UST10Y,d_UST10Y,5.24698216817749e-28
28,d_UST10Y,dlog_COPPER,-7.113564778434968e-29
28,d_UST10Y,dlog_DXY,-3.310766146447907e-28
28,d_UST10Y,dlog_SOLVPN,2.4015119980367268e-29
28,d_UST10Y,dlog_VIX,-4.714052676023348e-29
28,dlog_COPPER,d_UST10Y,-1.8378697691005401e-28
28,dlog_COPPER,dlog_COPPER,2.491675716463431e-29
28,dlog_COPPER,dlog_DXY,1.1596725141773772e-28
28,dlog_COPPER,dlog_SOLVPN,-8.412386525359435e-30
28,dlog_COPPER,dlog_VIX,1.6512448644812913e-29
28,dlog_DXY,d_UST10Y,-1.5793568507978725e-29
28,dlog_DXY,dlog_COPPER,2.1411805422296633e-30
28,dlog_DXY,dlog_DXY,9.96570274977295e-30
28,dlog_DXY,dlog_SOLVPN,-7.231112163352434e-31
28,dlog_DXY,dlog_VIX,1.4191421140078192e-30
28,dlog_SOLVPN,d_UST10Y,2.1487844975493187e-29
28,dlog_SOLVPN,dlog_COPPER,-2.913113838779837e-30
28,dlog_SOLVPN,dlog_DXY,-1.355926826354485e-29
28,dlog_SOLVPN,dlog_SOLVPN,9.844345085248887e-31
28,dlog_SOLVPN,dlog_VIX,-1.9312914162374874e-30
28,dlog_VIX,d_UST10Y,-3.330264628874782e-28
28,dlog_VIX,dlog_COPPER,4.5149876065820967e-29
28,dlog_VIX,dlog_DXY,2.101345414995693e-28
28,dlog_VIX,dlog_SOLVPN,-1.5242290283063696e-29
28,dlog_VIX,dlog_VIX,2.992003449525568e-29
29,d_UST10Y,d_UST10Y,-6.371220736488124e-29
29,d_UST10Y,dlog_COPPER,8.637703045887123e-30
29,d_UST10Y,dlog_DXY,4.020179660691991e-29
29,d_UST10Y,dlog_SOLVPN,-2.9165166594824045e-30
29,d_UST10Y,dlog_VIX,5.724460393282313e-30
29,dlog_COPPER,d_UST10Y,2.2316656823285894e-29
29,dlog_COPPER,dlog_COPPER,-3.025556938067304e-30
29,dlog_COPPER,dlog_DXY,-1.4081563134695623e-29
29,dlog_COPPER,dlog_SOLVPN,1.021533191278642e-30
29,dlog_COPPER,dlog_VIX,-2.0050884743534824e-30
29,dlog_DXY,d_UST10Y,1.9177860744660444e-30
29,dlog_DXY,dlog_COPPER,-2.600032208477929e-31
29,dlog_DXY,dlog_DXY,-1.2100894192397982e-30
29,dlog_DXY,dlog_SOLVPN,8.777032143329946e-32
29,dlog_DXY,dlog_VIX,-1.7229543805683099e-31
29,dlog_SOLVPN,d_UST10Y,-2.6093061646897696e-30
29,dlog_SOLVPN,dlog_COPPER,3.537601542088281e-31
29,dlog_SOLVPN,dlog_DXY,1.646388918116731e-30
29,dlog_SOLVPN,dlog_SOLVPN,-1.1937211441322597e-31
29,dlog_SOLVPN,dlog_VIX,2.3438497434747834e-31
29,dlog_VIX,d_UST10Y,4.0438183624363736e-29
29,dlog_VIX,dlog_COPPER,-5.482355388465733e-30
29,dlog_VIX,dlog_DXY,-2.551611706214193e-29
29,dlog_VIX,dlog_SOLVPN,1.8511251169154968e-30
29,dlog_VIX,dlog_VIX,-3.6333270055097e-30
30,d_UST10Y,d_UST10Y,7.73639714026767e-30
30,d_UST10Y,dlog_COPPER,-1.0488555644226055e-30
30,d_UST10Y,dlog_DXY,-4.881565419940863e-30
30,d_UST10Y,dlog_SOLVPN,3.5411032579247206e-31
30,d_UST10Y,dlog_VIX,-6.950781130212794e-31
30,dlog_COPPER,d_UST10Y,-2.7098446637440314e-30
30,dlog_COPPER,dlog_COPPER,3.673846134526799e-31
30,dlog_COPPER,dlog_DXY,1.7098792187703316e-30
30,dlog_COPPER,dlog_SOLVPN,-1.2403831628043464e-31
30,dlog_COPPER,dlog_VIX,2.4346917115891137e-31
30,dlog_DXY,d_UST10Y,-2.3286915283674437e-31
30,dlog_DXY,dlog_COPPER,3.1570905335789075e-32
30,dlog_DXY,dlog_DXY,1.4693856375524337e-31
30,dlog_DXY,dlog_SOLVPN,-1.066034311748927e-32
30,dlog_DXY,dlog_VIX,2.0923336357196288e-32
30,dlog_SOLVPN,d_UST10Y,3.1683204729883356e-31
30,dlog_SOLVPN,dlog_COPPER,-4.295372510498693e-32
30,dlog_SOLVPN,dlog_DXY,-1.9992134859969237e-31
30,dlog_SOLVPN,dlog_SOLVPN,1.4507585891092558e-32
30,dlog_SOLVPN,dlog_VIX,-2.8470261991092896e-32
30,dlog_VIX,d_UST10Y,-4.910298002022934e-30
30,dlog_VIX,dlog_COPPER,6.65709610290929e-31
30,dlog_VIX,dlog_DXY,3.098333213006308e-30
30,dlog_VIX,dlog_SOLVPN,-2.2475337458825446e-31
30,dlog_VIX,dlog_VIX,4.411660797994397e-31
