Date,SOLVPN,COPPER,DXY,UST10Y,VIX
2020-10-12,1000.0,3.064,93.104,0.764,25.07
2020-10-13,995.11,3.0445,93.536,0.729,26.07
2020-10-14,981.9,3.0505,93.366,0.727,26.4
2020-10-15,981.37,3.0855,93.864,0.739,26.97
2020-10-16,986.19,3.0675,93.679,0.749,27.41
2020-10-19,981.23,3.086,93.429,0.772,29.18
2020-10-20,982.46,3.148,93.051,0.786,29.35
2020-10-21,982.0,3.1985,92.599,0.821,28.65
2020-10-22,967.55,3.1535,92.964,0.861,28.11
2020-10-23,968.39,3.129,92.765,0.841,27.55
2020-10-26,965.58,3.0895,93.044,0.803,32.46
2020-10-27,959.25,3.0935,92.927,0.771,33.35
2020-10-28,937.41,3.064,93.409,0.774,40.28
2020-10-29,936.67,3.06,93.977,0.831,37.59
2020-10-30,922.54,3.0515,94.042,0.874,38.02
2020-11-02,931.45,3.081,94.145,0.852,37.13
2020-11-03,944.82,3.0935,93.56,0.896,35.55
2020-11-04,968.24,3.1095,93.411,0.771,29.57
2020-11-05,983.68,3.1135,92.516,0.766,27.58
2020-11-06,993.95,3.157,92.225,0.82,24.86
2020-11-09,963.54,3.1595,92.715,0.924,25.75
2020-11-10,938.95,3.1595,92.736,0.96,24.8
2020-11-11,965.62,3.1375,93.024,0.977,23.45
2020-11-12,968.11,3.148,92.956,0.883,25.35
2020-11-13,977.61,3.1805,92.75,0.898,23.1
2020-11-16,972.27,3.225,92.63,0.911,22.45
2020-11-17,967.79,3.203,92.398,0.862,22.71
2020-11-18,966.47,3.2035,92.311,0.87,23.84
2020-11-19,967.46,3.2085,92.284,0.842,23.11
2020-11-20,960.51,3.2975,92.395,0.824,23.7
2020-11-23,955.72,3.265,92.494,0.859,22.66
2020-11-24,946.9,3.3075,92.22,0.885,21.64
2020-11-25,953.69,3.318,91.966,0.882,21.25
2020-11-26,954.24,3.3478,91.966,0.859,21.25
2020-11-27,964.47,3.412,91.801,0.842,20.84
2020-11-30,957.7,3.4335,91.858,0.842,20.57
2020-12-01,971.36,3.48,91.297,0.929,20.77
2020-12-02,958.51,3.4845,91.115,0.938,21.17
2020-12-03,960.93,3.4865,90.718,0.911,21.28
2020-12-04,974.08,3.521,90.694,0.973,20.79
2020-12-07,968.28,3.514,90.789,0.928,21.3
2020-12-08,965.93,3.4965,90.968,0.921,20.68
2020-12-09,947.25,3.5105,91.083,0.938,22.27
2020-12-10,949.15,3.5725,90.82,0.906,22.52
2020-12-11,948.67,3.526,90.97,0.896,23.31
2020-12-14,948.09,3.524,90.731,0.898,24.72
2020-12-15,950.46,3.542,90.409,0.911,22.89
2020-12-16,952.73,3.5575,90.359,0.92,22.5
2020-12-17,974.39,3.6,89.741,0.935,21.93
2020-12-18,969.88,3.63,89.953,0.945,21.57
2020-12-21,965.8,3.5755,89.949,0.938,25.16
2020-12-22,972.18,3.519,90.546,0.921,24.23
2020-12-23,967.5,3.555,90.34,0.945,23.31
2020-12-24,970.02,3.5615,90.25,0.926,21.53
2020-12-28,976.72,3.57,90.275,0.923,21.7
2020-12-29,975.18,3.5535,89.918,0.94,23.08
2020-12-30,981.41,3.549,89.649,0.926,22.77
2020-12-31,994.16,3.519,89.894,0.916,22.75
2021-01-04,974.28,3.5545,89.845,0.918,26.97
2021-01-05,979.82,3.6395,89.409,0.955,25.34
2021-01-06,960.89,3.6505,89.502,1.039,25.07
2021-01-07,972.68,3.696,89.791,1.081,22.37
2021-01-08,981.78,3.6735,90.068,1.119,21.56
2021-01-11,973.58,3.5645,90.442,1.144,24.08
2021-01-12,972.08,3.6055,90.064,1.129,23.33
2021-01-13,979.67,3.617,90.334,1.092,22.21
2021-01-14,984.72,3.6645,90.215,1.129,23.25
2021-01-15,994.23,3.602,90.754,1.087,24.34
2021-01-19,1010.81,3.6335,90.476,1.092,23.24
2021-01-20,1019.92,3.6415,90.469,1.077,21.58
2021-01-21,1022.39,3.6475,90.127,1.109,21.32
2021-01-22,1022.31,3.626,90.212,1.086,21.91
2021-01-25,1030.65,3.6295,90.373,1.033,23.19
2021-01-26,1034.85,3.6195,90.148,1.033,23.02
2021-01-27,1016.7,3.5575,90.64,1.013,37.21
2021-01-28,1013.15,3.58,90.427,1.052,30.21
2021-01-29,1014.52,3.558,90.569,1.071,33.09
2021-02-01,1045.36,3.5455,90.975,1.079,30.24
2021-02-02,1053.54,3.5245,91.189,1.095,25.56
2021-02-03,1042.7,3.5655,91.148,1.139,22.91
2021-02-04,1035.7,3.555,91.52,1.136,21.77
2021-02-05,1039.92,3.627,91.032,1.169,20.87
2021-02-08,1043.92,3.6665,90.919,1.176,21.24
2021-02-09,1047.04,3.719,90.429,1.16,21.63
2021-02-10,1048.12,3.773,90.363,1.124,21.99
2021-02-11,1037.86,3.7735,90.413,1.165,21.25
2021-02-12,1035.82,3.7875,90.47,1.21,19.97
2021-02-16,1023.53,3.8345,90.503,1.311,21.46
2021-02-17,1026.49,3.8235,90.949,1.282,21.5
2021-02-18,1027.74,3.905,90.6,1.297,22.49
2021-02-19,1029.22,4.077,90.363,1.34,22.05
2021-02-22,1013.07,4.1465,89.999,1.369,23.45
2021-02-23,1003.79,4.185,90.167,1.343,23.11
2021-02-24,999.87,4.3015,90.17,1.372,21.34
2021-02-25,992.42,4.2635,90.135,1.53,28.89
2021-02-26,985.85,4.0925,90.882,1.407,27.95
2021-03-01,984.76,4.113,91.036,1.426,23.35
2021-03-02,965.54,4.222,90.79,1.398,24.1
2021-03-03,937.13,4.142,90.942,1.484,26.67
2021-03-04,922.57,3.9785,91.644,1.557,28.57
2021-03-05,933.52,4.0755,91.99,1.577,24.66
2021-03-08,917.36,4.093,92.334,1.603,25.47
2021-03-09,941.47,4.0085,91.964,1.528,24.03
2021-03-10,943.12,4.0325,91.828,1.521,22.56
2021-03-11,965.74,4.139,91.418,1.535,21.91
2021-03-12,971.79,4.14,91.678,1.625,20.69
2021-03-15,981.89,4.1405,91.852,1.607,20.03
2021-03-16,990.4,4.0715,91.88,1.621,19.79
2021-03-17,986.55,4.119,91.435,1.646,19.23
2021-03-18,975.97,4.108,91.87,1.706,21.58
2021-03-19,977.41,4.113,91.925,1.73,20.95
2021-03-22,989.1,4.1395,91.741,1.695,18.88
2021-03-23,992.69,4.0795,92.347,1.622,20.3
2021-03-24,974.59,4.064,92.53,1.614,21.2
2021-03-25,975.06,3.978,92.826,1.633,19.81
2021-03-26,1003.11,4.068,92.775,1.674,18.86
2021-03-29,1005.53,4.0345,92.956,1.717,20.74
2021-03-30,995.39,3.982,93.321,1.71,19.61
2021-03-31,1001.04,4.0,93.236,1.744,19.4
2021-04-01,1018.39,3.994,92.947,1.673,17.33
2021-04-05,1029.57,4.1395,92.595,1.707,17.91
2021-04-06,1028.86,4.118,92.348,1.658,18.12
2021-04-07,1021.8,4.0575,92.472,1.679,17.16
2021-04-08,1019.61,4.099,92.069,1.626,16.95
2021-04-09,1019.91,4.0445,92.16,1.662,16.69
2021-04-12,1024.3,4.0225,92.144,1.669,16.91
2021-04-13,1032.34,4.0365,91.844,1.62,16.65
2021-04-14,1023.59,4.1315,91.674,1.634,16.99
2021-04-15,1044.36,4.223,91.618,1.574,16.57
2021-04-16,1043.1,4.172,91.544,1.59,16.25
2021-04-19,1047.46,4.243,91.05,1.61,17.29
2021-04-20,1056.45,4.219,91.227,1.566,18.68
2021-04-21,1058.11,4.2845,91.129,1.559,17.5
2021-04-22,1050.93,4.278,91.321,1.542,18.71
2021-04-23,1061.57,4.34,90.839,1.559,17.33
2021-04-26,1064.64,4.443,90.78,1.568,17.64
2021-04-27,1062.56,4.487,90.892,1.625,17.56
2021-04-28,1057.06,4.498,90.593,1.611,17.28
2021-04-29,1055.01,4.4865,90.593,1.641,17.61
2021-04-30,1064.25,4.468,91.27,1.626,18.61
2021-05-03,1048.23,4.5285,90.927,1.599,18.31
2021-05-04,1036.04,4.5215,91.275,1.591,19.48
2021-05-05,1028.09,4.524,91.293,1.571,19.15
2021-05-06,1020.78,4.6025,90.936,1.57,18.39
2021-05-07,1034.6,4.7485,90.216,1.579,16.69
2021-05-10,1028.14,4.716,90.185,1.604,19.66
2021-05-11,1020.53,4.762,90.124,1.622,21.84
2021-05-12,1002.16,4.736,90.686,1.693,27.59
2021-05-13,1004.58,4.6905,90.735,1.659,23.13
2021-05-14,1020.65,4.6545,90.318,1.635,18.81
2021-05-17,1018.56,4.7115,90.142,1.652,19.72
2021-05-18,1026.83,4.7255,89.734,1.64,21.34
2021-05-19,1025.33,4.5765,90.191,1.676,22.18
2021-05-20,1034.41,4.568,89.795,1.628,20.67
2021-05-21,1031.97,4.481,90.005,1.623,20.15
2021-05-24,1038.81,4.5255,89.838,1.603,18.4
2021-05-25,1045.05,4.5065,89.628,1.56,18.84
2021-05-26,1049.14,4.5295,90.03,1.581,17.36
2021-05-27,1047.99,4.666,89.959,1.606,16.74
2021-05-28,1053.74,4.681,89.993,1.581,16.76
2021-06-01,1061.66,4.6565,89.819,1.606,17.9
2021-06-02,1077.21,4.595,89.901,1.589,17.48
2021-06-03,1079.79,4.4665,90.501,1.625,18.04
2021-06-04,1087.76,4.5315,90.133,1.557,16.42
2021-06-07,1106.71,4.5295,89.946,1.569,16.42
2021-06-08,1111.93,4.559,90.076,1.538,17.07
2021-06-09,1112.96,4.5345,90.121,1.492,17.89
2021-06-10,1126.28,4.489,90.078,1.437,16.1
2021-06-11,1118.16,4.5415,90.55,1.454,15.65
2021-06-14,1126.4,4.531,90.475,1.497,16.39
2021-06-15,1117.61,4.3375,90.502,1.489,17.02
2021-06-16,1106.08,4.3885,91.208,1.581,18.15
2021-06-17,1109.64,4.1825,91.873,1.511,17.75
2021-06-18,1104.58,4.1615,92.209,1.443,20.7
2021-06-21,1105.9,4.1845,91.881,1.497,17.89
2021-06-22,1104.32,4.2245,91.751,1.467,16.66
2021-06-23,1098.71,4.3265,91.785,1.485,16.32
2021-06-24,1094.17,4.307,91.795,1.499,15.97
2021-06-25,1102.91,4.2905,91.844,1.524,15.62
2021-06-28,1112.48,4.28,91.876,1.482,15.76
2021-06-29,1113.23,4.2645,92.041,1.475,16.02
2021-06-30,1108.8,4.289,92.431,1.468,15.83
2021-07-01,1101.91,4.236,92.594,1.459,15.48
2021-07-02,1107.68,4.276,92.413,1.431,15.07
2021-07-06,1121.51,4.251,92.543,1.352,16.44
2021-07-07,1122.03,4.3225,92.645,1.323,16.2
2021-07-08,1117.6,4.2645,92.406,1.294,19.0
2021-07-09,1123.01,4.3455,92.116,1.361,16.18
2021-07-12,1130.67,4.316,92.256,1.368,16.17
2021-07-13,1124.62,4.307,92.759,1.418,17.12
2021-07-14,1128.17,4.2675,92.405,1.349,16.33
2021-07-15,1124.81,4.323,92.631,1.301,17.01
2021-07-16,1123.02,4.323,92.687,1.3,18.45
2021-07-19,1117.6,4.2015,92.9,1.199,22.5
2021-07-20,1123.13,4.263,92.979,1.222,19.73
2021-07-21,1116.71,4.272,92.759,1.292,17.91
2021-07-22,1108.97,4.3375,92.83,1.277,17.69
2021-07-23,1112.86,4.4,92.928,1.281,17.2
2021-07-26,1109.82,4.585,92.651,1.295,17.58
2021-07-27,1110.07,4.5445,92.436,1.239,19.36
2021-07-28,1113.07,4.482,92.317,1.238,18.31
2021-07-29,1101.98,4.5075,91.871,1.266,17.7
2021-07-30,1114.6,4.4655,92.188,1.226,18.24
2021-08-02,1121.12,4.418,92.065,1.179,19.46
2021-08-03,1124.84,4.3755,92.088,1.174,18.04
2021-08-04,1133.2,4.3215,92.274,1.18,17.97
2021-08-05,1130.12,4.334,92.252,1.225,17.28
2021-08-06,1136.1,4.339,92.8,1.305,16.15
2021-08-09,1132.02,4.282,92.938,1.325,16.72
2021-08-10,1116.81,4.346,93.055,1.354,16.79
2021-08-11,1120.81,4.36,92.918,1.335,16.06
2021-08-12,1125.02,4.35,93.038,1.361,15.59
2021-08-13,1127.78,4.3825,92.512,1.283,15.45
2021-08-16,1128.13,4.32,92.619,1.268,16.12
2021-08-17,1125.53,4.2015,93.145,1.267,17.91
2021-08-18,1115.34,4.117,93.144,1.26,21.57
2021-08-19,1125.37,4.0405,93.588,1.243,21.67
2021-08-20,1130.59,4.1255,93.508,1.255,18.56
2021-08-23,1136.68,4.221,92.971,1.253,17.15
2021-08-24,1130.38,4.26,92.901,1.297,17.22
2021-08-25,1126.74,4.27,92.832,1.349,16.79
2021-08-26,1128.26,4.252,93.078,1.354,18.84
2021-08-27,1126.72,4.3235,92.694,1.31,16.39
2021-08-30,1146.15,4.371,92.652,1.28,16.19
2021-08-31,1154.46,4.37,92.635,1.307,16.48
2021-09-01,1175.81,4.274,92.449,1.299,16.11
2021-09-02,1182.85,4.2995,92.228,1.285,16.41
2021-09-03,1191.71,4.331,92.033,1.326,16.41
2021-09-07,1184.28,4.2795,92.514,1.377,18.14
2021-09-08,1182.56,4.2325,92.65,1.336,17.96
2021-09-09,1160.61,4.284,92.48,1.297,18.8
2021-09-10,1149.63,4.45,92.59,1.343,20.95
2021-09-13,1148.01,4.365,92.652,1.326,19.37
2021-09-14,1147.71,4.319,92.614,1.284,19.46
2021-09-15,1148.68,4.404,92.534,1.304,18.18
2021-09-16,1150.55,4.28,92.919,1.336,18.69
2021-09-17,1151.31,4.2445,93.176,1.363,20.81
2021-09-20,1134.75,4.1135,93.256,1.312,25.71
2021-09-21,1136.89,4.126,93.2,1.328,24.36
2021-09-22,1151.08,4.252,93.46,1.304,20.87
2021-09-23,1138.02,4.231,93.03,1.435,18.63
2021-09-24,1121.69,4.2845,93.335,1.453,17.75
2021-09-27,1099.91,4.291,93.381,1.491,18.76
2021-09-28,1085.53,4.2485,93.78,1.546,23.25
2021-09-29,1084.48,4.199,94.353,1.524,22.56
2021-09-30,1076.41,4.089,94.24,1.492,23.14
2021-10-01,1075.89,4.1885,94.047,1.465,21.15
2021-10-04,1069.03,4.2385,93.78,1.481,22.96
2021-10-05,1059.43,4.1925,93.967,1.528,21.3
2021-10-06,1067.54,4.1475,94.272,1.528,21.0
2021-10-07,1073.4,4.2435,94.221,1.576,19.54
2021-10-08,1057.74,4.2755,94.079,1.612,18.77
2021-10-11,1052.12,4.3665,94.326,1.628,20.0
2021-10-12,1055.41,4.3255,94.519,1.572,19.85
2021-10-13,1060.38,4.516,94.08,1.542,18.64
2021-10-14,1075.35,4.6315,93.961,1.516,16.86
2021-10-15,1078.66,4.7295,93.938,1.574,16.3
2021-10-18,1073.91,4.7255,93.945,1.591,16.31
2021-10-19,1090.39,4.703,93.728,1.641,15.7
2021-10-20,1107.39,4.7345,93.535,1.66,15.49
2021-10-21,1120.22,4.5585,93.758,1.696,15.01
2021-10-22,1126.63,4.498,93.625,1.638,15.43
2021-10-25,1127.18,4.528,93.809,1.633,15.24
2021-10-26,1131.14,4.486,93.941,1.61,15.98
2021-10-27,1123.0,4.3895,93.798,1.55,16.98
2021-10-28,1135.73,4.4275,93.326,1.578,16.53
2021-10-29,1125.21,4.359,94.121,1.561,16.26
2021-11-01,1134.17,4.379,93.879,1.561,16.41
2021-11-02,1136.59,4.3515,94.079,1.547,16.03
2021-11-03,1139.94,4.309,93.853,1.603,15.1
2021-11-04,1133.56,4.309,94.341,1.53,15.44
2021-11-05,1125.32,4.3355,94.317,1.455,16.48
2021-11-08,1134.8,4.3945,94.042,1.493,17.22
2021-11-09,1141.07,4.3725,93.956,1.439,17.78
2021-11-10,1126.12,4.323,94.838,1.57,18.73
2021-11-11,1129.65,4.398,95.175,1.578,17.66
2021-11-12,1139.53,4.447,95.128,1.57,16.29
2021-11-15,1148.44,4.4005,95.405,1.618,16.49
2021-11-16,1152.41,4.3545,95.911,1.64,16.37
2021-11-17,1155.15,4.268,95.829,1.585,17.11
2021-11-18,1154.38,4.305,95.542,1.587,17.59
2021-11-19,1155.2,4.4,96.028,1.548,17.91
2021-11-22,1147.06,4.3975,96.544,1.632,19.17
2021-11-23,1148.46,4.4235,96.494,1.676,19.38
2021-11-24,1161.07,4.4645,96.872,1.643,18.58
2021-11-25,1161.42,4.44,96.872,1.596,18.58
2021-11-26,1145.28,4.2875,96.104,1.482,28.62
2021-11-29,1165.33,4.3415,96.338,1.502,22.96
2021-11-30,1151.31,4.2805,96.007,1.456,27.19
2021-12-01,1136.25,4.247,96.024,1.404,31.12
2021-12-02,1145.03,4.2995,96.158,1.444,27.95
2021-12-03,1134.56,4.266,96.114,1.356,30.67
2021-12-06,1133.3,4.3375,96.33,1.433,27.18
2021-12-07,1158.57,4.339,96.37,1.482,21.89
2021-12-08,1160.58,4.3925,95.881,1.528,19.9
2021-12-09,1147.48,4.332,96.252,1.497,21.58
2021-12-10,1150.44,4.285,96.1,1.482,18.69
2021-12-13,1156.55,4.2815,96.345,1.414,20.31
2021-12-14,1145.98,4.255,96.538,1.441,21.89
2021-12-15,1158.21,4.1805,96.482,1.458,19.29
2021-12-16,1161.59,4.3025,96.015,1.424,20.57
2021-12-17,1163.86,4.2925,96.548,1.407,21.57
2021-12-20,1156.86,4.29,96.545,1.428,22.87
2021-12-21,1164.13,4.3425,96.489,1.467,21.01
2021-12-22,1171.0,4.389,96.059,1.453,18.63
2021-12-23,1171.59,4.3895,95.985,1.493,17.96
2021-12-27,1189.78,4.4695,96.086,1.477,17.68
2021-12-28,1192.95,4.4295,96.203,1.484,17.54
2021-12-29,1192.72,4.41,95.926,1.556,16.95
2021-12-30,1199.18,4.3925,95.964,1.507,17.33
2021-12-31,1201.07,4.4635,95.593,1.512,17.22
2022-01-03,1192.6,4.4215,96.211,1.637,16.6
2022-01-04,1168.42,4.475,96.274,1.649,16.91
2022-01-05,1123.73,4.4135,96.182,1.7,19.73
2022-01-06,1120.47,4.3545,96.326,1.728,19.61
2022-01-07,1119.82,4.41,95.722,1.765,18.76
2022-01-10,1112.46,4.352,95.99,1.755,19.4
2022-01-11,1108.65,4.429,95.625,1.746,18.41
2022-01-12,1111.92,4.5765,94.901,1.752,17.62
2022-01-13,1097.49,4.546,94.775,1.701,20.31
2022-01-14,1089.55,4.4205,95.161,1.793,19.19
2022-01-18,1080.88,4.3825,95.723,1.875,22.79
2022-01-19,1071.23,4.47,95.5,1.854,23.85
2022-01-20,1064.38,4.5825,95.725,1.811,25.59
2022-01-21,1052.69,4.524,95.636,1.77,28.85
2022-01-24,1056.58,4.4125,95.901,1.776,29.9
2022-01-25,1043.2,4.45,95.928,1.776,31.16
2022-01-26,1027.44,4.515,96.4,1.873,31.96
2022-01-27,1001.44,4.4235,97.242,1.803,30.49
2022-01-28,1030.36,4.3125,97.266,1.778,27.66
2022-01-31,1057.69,4.3265,96.537,1.784,24.83
2022-02-01,1057.87,4.4315,96.375,1.795,21.96
2022-02-02,1059.53,4.4935,95.935,1.771,22.09
2022-02-03,1042.96,4.472,95.379,1.836,24.35
2022-02-04,1038.9,4.49,95.48,1.916,23.22
2022-02-07,1035.82,4.4675,95.392,1.919,22.86
2022-02-08,1036.6,4.4645,95.641,1.965,21.44
2022-02-09,1067.44,4.602,95.494,1.945,19.96
2022-02-10,1043.7,4.658,95.548,2.043,23.91
2022-02-11,1019.56,4.5085,96.073,1.918,27.36
2022-02-14,1009.58,4.507,96.356,1.986,28.33
2022-02-15,1025.93,4.5345,95.993,2.043,25.7
2022-02-16,1022.03,4.5395,95.697,2.04,24.29
2022-02-17,1014.21,4.5265,95.803,1.968,28.11
2022-02-18,1007.85,4.524,96.022,1.927,27.75
2022-02-22,1002.83,4.5145,96.011,1.944,28.81
2022-02-23,991.73,4.4855,96.188,1.998,31.02
2022-02-24,1007.7,4.458,97.118,1.97,30.32
2022-02-25,1026.36,4.485,96.619,1.97,27.59
2022-02-28,1021.83,4.4545,96.694,1.822,30.15
2022-03-01,1023.98,4.5965,97.406,1.716,33.32
2022-03-02,1036.35,4.6655,97.414,1.878,30.74
2022-03-03,1039.21,4.7815,97.791,1.84,30.48
2022-03-04,1036.8,4.9375,98.671,1.737,31.98
2022-03-07,1011.52,4.731,99.295,1.777,36.45
2022-03-08,999.33,4.71,99.08,1.84,35.13
2022-03-09,1022.81,4.5725,97.953,1.951,32.45
2022-03-10,1015.39,4.6525,98.504,1.993,30.23
2022-03-11,995.51,4.6255,99.13,1.997,30.75
2022-03-14,977.03,4.523,98.879,2.142,31.77
2022-03-15,985.99,4.513,99.064,2.149,29.83
2022-03-16,1019.7,4.6005,98.621,2.192,26.67
2022-03-17,1034.26,4.702,97.975,2.167,25.67
2022-03-18,1048.2,4.7395,98.227,2.153,23.87
2022-03-21,1042.07,4.7105,98.499,2.297,23.53
2022-03-22,1045.35,4.7,98.523,2.381,22.94
2022-03-23,1038.87,4.7765,98.615,2.29,23.57
2022-03-24,1050.94,4.7425,98.8,2.37,21.67
2022-03-25,1045.64,4.6985,98.822,2.488,20.81
2022-03-28,1059.7,4.7255,99.055,2.466,19.63
2022-03-29,1085.47,4.731,98.441,2.398,18.9
2022-03-30,1083.65,4.7525,97.875,2.358,19.33
2022-03-31,1067.84,4.752,98.36,2.345,20.56
2022-04-01,1085.52,4.6905,98.627,2.389,19.63
2022-04-04,1095.03,4.7825,98.974,2.393,18.57
2022-04-05,1092.84,4.7965,99.428,2.554,21.03
2022-04-06,1094.28,4.741,99.615,2.598,22.1
2022-04-07,1082.9,4.704,99.76,2.665,21.55
2022-04-08,1080.7,4.7315,99.753,2.704,21.16
2022-04-11,1066.51,4.641,99.924,2.774,24.37
2022-04-12,1059.19,4.7195,100.292,2.727,24.26
2022-04-13,1069.17,4.7215,99.913,2.703,21.82
2022-04-14,1056.61,4.732,100.326,2.828,22.7
2022-04-18,1051.5,4.812,100.766,2.857,22.17
2022-04-19,1071.39,4.7295,100.964,2.94,21.37
2022-04-20,1080.65,4.6645,100.417,2.834,20.32
2022-04-21,1061.29,4.7135,100.614,2.908,22.68
2022-04-22,1048.64,4.5925,101.213,2.905,28.21
2022-04-25,1045.48,4.462,101.769,2.818,27.02
2022-04-26,1025.55,4.4535,102.318,2.728,33.52
2022-04-27,1017.89,4.467,102.963,2.826,31.6
2022-04-28,1040.98,4.4335,103.659,2.832,29.99
2022-04-29,1014.5,4.4085,102.963,2.938,33.4
2022-05-02,1003.52,4.268,103.766,2.977,32.34
2022-05-03,1018.64,4.283,103.496,2.979,29.25
2022-05-04,1031.81,4.338,102.594,2.946,25.42
2022-05-05,1008.21,4.2915,103.802,3.035,31.2
2022-05-06,1001.86,4.267,103.694,3.142,30.19
2022-05-09,952.78,4.1935,103.689,3.034,34.75
2022-05-10,938.86,4.1545,103.943,2.989,32.99
2022-05-11,942.8,4.209,103.874,2.925,32.56
2022-05-12,940.82,4.1005,104.897,2.855,31.77
2022-05-13,972.63,4.175,104.621,2.928,28.87
2022-05-16,962.4,4.1915,104.2,2.886,27.47
2022-05-17,975.07,4.239,103.407,2.995,26.1
2022-05-18,959.06,4.1785,103.862,2.884,30.96
2022-05-19,967.06,4.283,102.751,2.837,29.35
2022-05-20,980.18,4.275,103.173,2.788,29.43
2022-05-23,994.61,4.3455,102.097,2.861,28.48
2022-05-24,999.87,4.305,101.87,2.754,29.45
2022-05-25,1006.72,4.2545,102.077,2.751,28.37
2022-05-26,1005.58,4.259,101.858,2.742,27.5
2022-05-27,1030.42,4.3065,101.698,2.743,25.72
2022-05-30,1034.26,4.334,101.305,2.812,26.54
2022-05-31,1024.42,4.299,101.766,2.849,26.19
2022-06-01,1015.39,4.3295,102.529,2.911,25.69
2022-06-02,1028.72,4.555,101.832,2.913,24.72
2022-06-03,1018.33,4.4765,102.16,2.941,24.79
2022-06-06,1025.24,4.439,102.447,3.04,25.07
2022-06-07,1029.81,4.4395,102.325,2.979,24.02
2022-06-08,1024.43,4.4545,102.546,3.027,23.96
2022-06-09,1005.62,4.386,103.218,3.046,26.09
2022-06-10,982.34,4.3025,104.151,3.165,27.75
2022-06-13,940.97,4.2195,104.947,3.362,34.02
2022-06-14,928.87,4.1665,105.342,3.479,32.69
2022-06-15,945.88,4.1735,104.935,3.292,29.62
2022-06-16,920.01,4.118,103.417,3.195,32.95
2022-06-17,930.68,4.022,104.488,3.231,31.13
2022-06-20,931.29,4.011,104.488,3.277,31.03
2022-06-21,953.39,4.0445,104.211,3.279,30.19
2022-06-22,966.02,3.947,103.981,3.16,28.95
2022-06-23,985.43,3.7425,104.192,3.089,29.05
2022-06-24,1001.72,3.744,103.959,3.138,27.23
2022-06-27,1001.48,3.764,103.678,3.202,26.95
2022-06-28,981.41,3.7785,104.261,3.177,28.36
2022-06-29,963.49,3.7805,104.849,3.087,28.16
2022-06-30,970.08,3.71,104.464,3.017,28.71
2022-07-01,979.42,3.604,104.909,2.889,26.7
2022-07-04,980.09,3.584,104.909,2.932,27.53
2022-07-05,974.42,3.415,106.32,2.818,27.54
2022-07-06,973.7,3.408,106.898,2.934,26.73
2022-07-07,980.37,3.572,106.959,3.0,26.08
2022-07-08,973.92,3.522,106.821,3.08,24.64
2022-07-11,965.67,3.4305,107.829,2.993,26.17
2022-07-12,955.26,3.288,107.912,2.971,27.29
2022-07-13,956.12,3.3225,107.756,2.935,26.82
2022-07-14,950.39,3.2115,108.407,2.958,26.4
2022-07-15,959.32,3.234,107.911,2.928,24.23
2022-07-18,952.93,3.346,107.231,2.989,25.3
2022-07-19,976.03,3.291,106.55,3.028,24.5
2022-07-20,970.15,3.325,106.953,3.03,23.88
2022-07-21,981.99,3.2985,106.804,2.882,23.11
2022-07-22,984.39,3.3495,106.621,2.754,23.03
2022-07-25,980.76,3.3545,106.355,2.807,23.36
2022-07-26,981.58,3.3845,107.044,2.803,24.69
2022-07-27,989.17,3.43,106.331,2.785,23.24
2022-07-28,1022.75,3.481,106.236,2.671,22.33
2022-07-29,1019.41,3.575,105.779,2.658,21.33
2022-08-01,1013.04,3.547,105.336,2.588,22.84
2022-08-02,1010.23,3.5225,106.104,2.748,23.93
2022-08-03,1019.08,3.472,106.377,2.706,21.95
2022-08-04,1024.77,3.488,105.566,2.694,21.44
2022-08-05,1021.41,3.559,106.49,2.827,21.15
2022-08-08,1022.47,3.593,106.323,2.75,21.29
2022-08-09,1015.78,3.5925,106.252,2.779,21.77
2022-08-10,1027.52,3.6555,105.08,2.785,19.74
2022-08-11,1022.2,3.7115,104.994,2.889,20.2
2022-08-12,1035.91,3.6735,105.51,2.842,19.53
2022-08-15,1046.96,3.6215,106.433,2.793,19.95
2022-08-16,1041.68,3.6265,106.388,2.808,19.69
2022-08-17,1032.07,3.587,106.486,2.902,19.9
2022-08-18,1029.96,3.6335,107.415,2.886,19.56
2022-08-19,1018.5,3.6685,108.098,2.976,20.6
2022-08-22,994.94,3.653,108.981,3.024,23.8
2022-08-23,984.3,3.696,108.554,3.057,24.11
2022-08-24,987.48,3.648,108.616,3.109,22.82
2022-08-25,1008.64,3.6985,108.433,3.031,21.78
2022-08-26,984.32,3.697,108.751,3.03,25.56
2022-08-29,968.03,3.6085,108.79,3.114,26.21
2022-08-30,954.35,3.5495,108.749,3.112,26.21
2022-08-31,956.86,3.519,108.665,3.196,25.87
2022-09-01,949.32,3.4085,109.678,3.259,25.56
2022-09-02,930.85,3.417,109.51,3.195,25.47
2022-09-05,927.87,3.4535,109.51,3.223,25.99
2022-09-06,925.31,3.4645,110.204,3.351,26.91
2022-09-07,937.3,3.434,109.832,3.267,24.64
2022-09-08,941.6,3.5305,109.713,3.323,23.61
2022-09-09,953.39,3.573,108.997,3.315,22.79
2022-09-12,964.72,3.6155,108.316,3.358,23.87
2022-09-13,928.68,3.566,109.809,3.412,27.27
2022-09-14,920.92,3.5295,109.631,3.404,26.16
2022-09-15,907.0,3.501,109.711,3.449,26.27
2022-09-16,903.23,3.531,109.736,3.455,26.3
2022-09-19,900.08,3.5255,109.982,3.494,25.76
2022-09-20,883.84,3.516,109.942,3.569,27.16
2022-09-21,874.6,3.4805,110.346,3.534,27.99
2022-09-22,863.2,3.482,111.105,3.71,27.35
2022-09-23,845.62,3.357,112.962,3.687,29.92
2022-09-26,824.31,3.305,114.02,3.928,32.26
2022-09-27,817.42,3.295,114.047,3.949,32.6
2022-09-28,822.48,3.3725,112.508,3.737,30.18
2022-09-29,799.38,3.418,112.202,3.782,31.84
2022-09-30,803.54,3.4125,112.084,3.829,31.62
2022-10-03,815.11,3.41,111.656,3.643,30.1
2022-10-04,834.92,3.49,109.981,3.635,29.07
2022-10-05,823.09,3.5005,111.011,3.755,28.55
2022-10-06,798.27,3.446,112.183,3.828,30.52
2022-10-07,771.09,3.3865,112.683,3.888,31.36
2022-10-10,755.56,3.4305,113.071,3.955,32.45
2022-10-11,749.76,3.462,113.128,3.945,33.63
2022-10-12,738.74,3.425,113.224,3.902,33.57
2022-10-13,750.32,3.4405,112.253,3.95,31.94
2022-10-14,735.77,3.4235,113.202,4.023,32.02
2022-10-17,760.73,3.4155,111.908,4.012,31.37
2022-10-18,770.98,3.362,111.994,4.007,30.5
2022-10-19,756.19,3.318,112.879,4.138,30.76
2022-10-20,752.24,3.4105,112.818,4.233,29.98
2022-10-21,754.25,3.4745,111.98,4.219,29.69
2022-10-24,743.19,3.4305,111.909,4.247,29.85
2022-10-25,768.95,3.397,110.83,4.1,28.46
2022-10-26,771.51,3.545,109.552,4.007,27.28
2022-10-27,769.65,3.5195,110.453,3.927,27.39
2022-10-28,781.73,3.426,110.606,4.01,25.75
2022-10-31,776.13,3.372,111.42,4.05,25.88
2022-11-01,778.02,3.4685,111.359,4.048,25.81
2022-11-02,773.05,3.4655,111.226,4.096,25.86
2022-11-03,776.15,3.4275,112.804,4.149,25.3
2022-11-04,788.7,3.684,110.774,4.163,24.55
2022-11-07,792.99,3.607,109.993,4.218,24.35
2022-11-08,791.71,3.684,109.542,4.128,25.54
2022-11-09,784.29,3.7005,110.46,4.099,26.09
2022-11-10,842.29,3.758,108.092,3.811,23.53
2022-11-14,850.05,3.835,106.531,3.863,23.73
2022-11-15,875.09,3.8215,106.295,3.777,24.54
2022-11-16,859.52,3.7755,106.152,3.69,24.11
2022-11-17,854.55,3.693,106.592,3.769,23.93
2022-11-18,857.55,3.6395,106.826,3.829,23.12
2022-11-21,856.93,3.577,107.732,3.84,22.36
2022-11-22,858.74,3.6175,107.115,3.758,21.29
2022-11-23,867.19,3.621,105.967,3.689,20.35
2022-11-24,868.85,3.6395,105.967,3.661,20.42
2022-11-25,873.96,3.6325,105.917,3.691,20.5
2022-11-28,853.79,3.616,106.632,3.679,22.21
2022-11-29,861.82,3.6405,106.768,3.75,21.89
2022-11-30,885.03,3.7395,105.897,3.611,20.58
2022-12-01,885.75,3.819,104.689,3.51,19.84
2022-12-02,880.16,3.852,104.5,3.492,19.06
2022-12-05,873.91,3.795,105.239,3.583,20.75
2022-12-06,863.17,3.818,105.542,3.531,22.17
2022-12-07,856.42,3.861,105.056,3.421,22.68
2022-12-08,863.62,3.885,104.756,3.489,22.29
2022-12-09,862.12,3.8795,104.799,3.586,22.83
2022-12-12,866.45,3.8015,105.104,3.617,25.0
2022-12-13,887.64,3.8425,103.943,3.501,22.55
2022-12-14,882.05,3.8785,103.739,3.479,21.14
2022-12-15,862.22,3.7645,104.532,3.45,22.83
2022-12-16,846.81,3.763,104.661,3.488,22.62
2022-12-19,829.44,3.7845,104.595,3.59,22.42
2022-12-20,825.59,3.7995,103.606,3.692,21.48
2022-12-21,837.81,3.811,103.847,3.673,20.07
2022-12-22,832.28,3.7575,104.127,3.686,21.97
2022-12-23,834.52,3.8085,104.01,3.751,20.87
2022-12-27,833.1,3.84,103.893,3.849,21.65
2022-12-28,824.1,3.842,104.182,3.886,22.14
2022-12-29,842.18,3.824,103.586,3.82,21.44
2022-12-30,834.57,3.8105,103.269,3.879,21.67
2023-01-03,849.49,3.7665,104.312,3.752,22.9
2023-01-04,873.66,3.7405,104.021,3.69,22.01
2023-01-05,849.41,3.821,104.828,3.722,22.46
2023-01-06,866.33,3.911,103.646,3.56,21.13
2023-01-09,872.67,4.0265,102.743,3.527,21.97
2023-01-10,877.95,4.0775,102.98,3.615,20.58
2023-01-11,890.89,4.166,102.928,3.543,21.09
2023-01-12,905.04,4.1965,101.995,3.444,18.83
2023-01-13,907.41,4.216,101.946,3.498,18.35
2023-01-16,908.61,4.1433,101.946,3.529,19.49
2023-01-17,908.3,4.223,102.141,3.549,19.36
2023-01-18,891.53,4.2345,102.107,3.373,20.34
2023-01-19,882.83,4.2315,101.831,3.399,20.52
2023-01-20,895.98,4.2515,101.781,3.482,19.85
2023-01-23,898.36,4.2565,101.916,3.521,19.81
2023-01-24,900.82,4.2485,101.675,3.455,19.2
2023-01-25,905.07,4.2445,101.416,3.451,19.08
2023-01-26,918.47,4.2675,101.638,3.506,18.73
2023-01-27,920.85,4.2225,101.721,3.507,18.51
2023-01-30,910.81,4.2065,102.086,3.542,19.94
2023-01-31,922.93,4.2295,101.915,3.51,19.4
2023-02-01,945.01,4.117,101.028,3.417,17.87
2023-02-02,961.23,4.098,101.575,3.402,18.73
2023-02-03,938.35,4.0635,102.755,3.519,18.33
2023-02-06,920.45,4.043,103.498,3.644,19.43
2023-02-07,924.55,4.088,103.298,3.679,18.66
2023-02-08,921.91,4.043,103.272,3.615,19.63
2023-02-09,915.69,4.103,103.106,3.664,20.71
2023-02-10,906.89,4.0245,103.535,3.743,20.53
2023-02-13,910.38,4.0655,103.248,3.704,20.34
2023-02-14,904.75,4.0835,103.123,3.753,18.91
2023-02-15,906.72,4.0165,103.839,3.803,18.23
2023-02-16,901.76,4.125,103.791,3.863,20.17
2023-02-17,890.15,4.106,103.78,3.817,20.02
2023-02-20,890.67,4.1807,103.78,3.851,21.23
2023-02-21,871.09,4.2165,104.112,3.954,22.87
2023-02-22,855.63,4.186,104.523,3.927,22.29
2023-02-23,866.26,4.0555,104.539,3.89,21.14
2023-02-24,845.06,3.9545,105.158,3.947,21.67
2023-02-27,851.69,4.011,104.624,3.922,20.95
2023-02-28,848.9,4.0895,104.825,3.928,20.7
2023-03-01,844.83,4.16,104.432,3.994,20.58
2023-03-02,852.29,4.076,104.995,4.062,19.59
2023-03-03,865.29,4.067,104.488,3.958,18.49
2023-03-06,861.38,4.0885,104.325,3.964,18.61
2023-03-07,841.38,3.975,105.592,3.97,19.59
2023-03-08,851.7,4.027,105.634,3.989,19.11
2023-03-09,835.31,4.039,105.305,3.907,22.61
2023-03-10,824.23,4.0305,104.552,3.704,24.8
2023-03-13,835.19,4.0535,103.713,3.545,26.52
2023-03-14,842.02,4.003,103.215,3.685,23.73
2023-03-15,846.61,3.843,104.276,3.462,26.14
2023-03-16,853.12,3.8645,104.092,3.579,22.99
2023-03-17,847.56,3.8925,103.36,3.438,25.51
2023-03-20,850.01,3.9515,102.933,3.483,24.15
2023-03-21,847.99,3.994,102.897,3.608,21.38
2023-03-22,830.66,4.0445,101.972,3.451,22.26
2023-03-23,839.13,4.1235,102.207,3.414,22.61
2023-03-24,850.51,4.075,102.764,3.372,21.74
2023-03-27,846.79,4.0785,102.518,3.539,20.6
2023-03-28,842.74,4.0855,102.106,3.572,19.97
2023-03-29,857.24,4.0865,102.298,3.566,19.12
2023-03-30,865.87,4.0955,101.821,3.547,19.02
2023-03-31,875.86,4.0985,102.186,3.473,18.7
2023-04-03,870.54,4.0495,101.787,3.415,18.55
2023-04-04,868.37,3.975,101.267,3.339,19.0
2023-04-05,864.02,3.989,101.545,3.309,19.08
2023-04-06,867.45,4.0175,101.519,3.303,18.4
2023-04-10,869.82,3.9795,102.249,3.415,18.97
2023-04-11,873.81,4.0225,101.884,3.432,19.1
2023-04-12,872.41,4.0805,101.171,3.4,19.09
2023-04-13,878.31,4.119,100.7,3.449,17.8
2023-04-14,866.11,4.1035,101.245,3.515,17.07
2023-04-17,879.19,4.0675,101.796,3.606,16.95
2023-04-18,878.06,4.094,101.448,3.578,16.83
2023-04-19,876.89,4.079,101.668,3.591,16.46
2023-04-20,863.78,4.0295,101.566,3.536,17.17
2023-04-21,861.44,3.983,101.552,3.568,16.77
2023-04-24,857.52,3.961,101.073,3.496,16.89
2023-04-25,844.28,3.8585,101.592,3.4,18.76
2023-04-26,846.09,3.8605,101.205,3.445,18.84
2023-04-27,863.37,3.884,101.252,3.528,17.03
2023-04-28,868.51,3.8905,101.403,3.433,15.78
2023-05-01,863.35,3.934,101.92,3.57,16.08
2023-05-02,842.43,3.8625,101.725,3.433,17.78
2023-05-03,831.7,3.845,101.115,3.364,18.34
2023-05-04,843.3,3.863,101.184,3.377,20.09
2023-05-05,854.66,3.883,100.999,3.435,17.19
2023-05-08,853.16,3.9295,101.155,3.507,16.98
2023-05-09,847.12,3.9015,101.399,3.522,17.71
2023-05-10,853.33,3.841,101.269,3.439,16.94
2023-05-11,844.08,3.71,101.873,3.386,16.93
2023-05-12,842.55,3.7285,102.509,3.463,17.03
2023-05-15,843.72,3.751,102.271,3.507,17.12
2023-05-16,828.58,3.667,102.404,3.541,17.99
2023-05-17,840.93,3.7545,102.726,3.572,16.87
2023-05-18,842.39,3.6895,103.455,3.651,16.05
2023-05-19,840.63,3.732,103.079,3.682,16.81
2023-05-22,848.17,3.685,103.079,3.719,17.21
2023-05-23,835.75,3.6545,103.385,3.698,18.53
2023-05-24,818.58,3.5615,103.799,3.744,20.03
2023-05-25,841.5,3.588,104.175,3.823,19.14
2023-05-26,863.37,3.682,104.136,3.81,17.95
2023-05-29,865.88,3.6717,104.136,3.764,17.46
2023-05-30,866.02,3.6695,104.078,3.694,17.46
2023-05-31,863.81,3.6455,104.245,3.646,17.94
2023-06-01,870.03,3.7185,103.502,3.601,15.65
2023-06-02,883.44,3.7345,103.952,3.698,14.6
2023-06-05,879.33,3.774,103.936,3.689,14.73
2023-06-06,882.07,3.7745,104.074,3.677,13.96
2023-06-07,884.0,3.7605,104.055,3.793,13.94
2023-06-08,884.92,3.7995,103.316,3.718,13.65
2023-06-09,882.62,3.7945,103.533,3.743,13.83
2023-06-12,894.74,3.7595,103.631,3.743,15.01
2023-06-13,904.78,3.8355,103.318,3.827,14.61
2023-06-14,915.73,3.8725,102.916,3.79,13.88
2023-06-15,921.95,3.9,102.108,3.72,14.5
2023-06-16,915.05,3.8935,102.258,3.767,13.54
2023-06-20,905.89,3.889,102.125,3.719,13.88
2023-06-21,893.75,3.91,101.676,3.727,13.2
2023-06-22,884.07,3.896,101.994,3.797,12.91
2023-06-23,876.13,3.809,102.542,3.737,13.44
2023-06-26,881.58,3.794,102.334,3.723,14.25
2023-06-27,888.2,3.7795,102.127,3.772,13.74
2023-06-28,893.81,3.736,102.548,3.714,13.43
2023-06-29,900.62,3.699,103.008,3.842,13.54
2023-06-30,906.44,3.7595,102.587,3.841,13.59
2023-07-03,912.03,3.794,102.654,3.858,13.57
2023-07-05,917.11,3.7685,103.035,3.934,14.18
2023-07-06,907.16,3.7345,102.867,4.031,15.44
2023-07-07,905.55,3.782,101.95,4.066,14.83
2023-07-10,907.9,3.7845,101.642,4.0,15.07
2023-07-11,916.63,3.766,101.403,3.978,14.84
2023-07-12,926.09,3.853,100.193,3.861,13.54
2023-07-13,937.0,3.94,99.456,3.767,13.61
2023-07-14,934.26,3.933,99.605,3.83,13.34
2023-07-17,923.58,3.844,99.529,3.809,13.48
2023-07-18,924.29,3.8295,99.625,3.789,13.3
2023-07-19,934.3,3.814,99.988,3.748,13.76
2023-07-20,916.89,3.8345,100.597,3.856,13.99
2023-07-21,914.06,3.818,100.798,3.837,13.6
2023-07-24,921.56,3.8555,101.083,3.878,13.91
2023-07-25,919.55,3.9155,101.096,3.89,13.86
2023-07-26,922.44,3.902,100.636,3.873,13.19
2023-07-27,916.46,3.8755,101.544,4.002,14.41
2023-07-28,923.44,3.9355,101.399,3.957,13.33
2023-07-31,928.96,4.014,101.626,3.967,13.63
2023-08-01,928.37,3.9165,102.085,4.037,13.93
2023-08-02,914.14,3.8535,102.389,4.09,16.09
2023-08-03,900.77,3.91,102.35,4.179,15.92
2023-08-04,901.61,3.8785,101.836,4.042,17.1
2023-08-07,907.23,3.848,101.861,4.097,15.77
2023-08-08,902.66,3.782,102.34,4.028,15.99
2023-08-09,899.71,3.798,102.312,4.016,15.96
2023-08-10,899.62,3.7805,102.367,4.107,15.85
2023-08-11,893.24,3.7375,102.689,4.158,14.84
2023-08-14,894.94,3.7395,103.058,4.201,14.82
2023-08-15,889.08,3.6855,103.095,4.219,16.46
2023-08-16,870.47,3.6765,103.319,4.258,16.78
2023-08-17,868.04,3.711,103.47,4.284,17.89
2023-08-18,863.7,3.726,103.276,4.251,17.3
2023-08-21,861.6,3.7385,103.206,4.342,17.13
2023-08-22,866.69,3.7755,103.473,4.332,16.97
2023-08-23,881.86,3.824,103.333,4.196,15.98
2023-08-24,879.93,3.782,103.919,4.241,17.2
2023-08-25,878.15,3.774,104.013,4.231,15.68
2023-08-28,884.58,3.777,103.992,4.206,15.08
2023-08-29,899.54,3.818,103.471,4.12,14.45
2023-08-30,905.45,3.831,103.093,4.112,13.88
2023-08-31,907.1,3.809,103.587,4.106,13.57
2023-09-01,908.19,3.841,104.191,4.181,13.09
2023-09-05,902.42,3.838,104.763,4.266,14.01
2023-09-06,896.92,3.7755,104.821,4.296,14.45
2023-09-07,895.36,3.752,105.028,4.25,14.4
2023-09-08,890.91,3.7065,105.066,4.26,13.84
2023-09-11,892.9,3.7965,104.539,4.294,13.8
2023-09-12,890.32,3.7785,104.69,4.28,14.23
2023-09-13,884.9,3.78,104.749,4.254,13.48
2023-09-14,898.58,3.8075,105.395,4.286,12.82
2023-09-15,891.1,3.7875,105.325,4.336,13.79
2023-09-18,887.19,3.7645,105.292,4.303,14.0
2023-09-19,879.47,3.734,104.832,4.365,14.11
2023-09-20,875.85,3.762,104.788,4.399,15.14
2023-09-21,850.01,3.6835,105.044,4.494,17.54
2023-09-22,848.1,3.682,105.26,4.438,17.2
2023-09-25,848.77,3.6595,105.69,4.531,16.9
2023-09-26,832.41,3.6355,105.93,4.55,18.94
2023-09-27,827.94,3.6295,106.366,4.608,18.22
2023-09-28,841.56,3.708,105.933,4.579,17.34
2023-09-29,850.27,3.7375,105.815,4.579,17.52
2023-10-02,839.21,3.6415,106.606,4.685,17.61
2023-10-03,820.48,3.621,106.719,4.795,19.78
2023-10-04,825.63,3.589,106.53,4.735,18.58
2023-10-05,831.56,3.552,106.065,4.721,18.49
2023-10-06,837.81,3.6275,105.784,4.795,17.45
2023-10-09,843.99,3.646,105.811,4.628,17.7
2023-10-10,853.46,3.634,105.557,4.657,17.03
2023-10-11,870.36,3.612,105.569,4.558,16.09
2023-10-12,863.27,3.591,106.367,4.697,16.69
2023-10-13,854.28,3.571,106.434,4.616,19.32
2023-10-16,858.48,3.582,106.034,4.7,17.21
2023-10-17,850.32,3.5785,106.046,4.836,17.88
2023-10-18,832.32,3.587,106.354,4.911,19.22
2023-10-19,807.22,3.601,106.046,4.99,21.4
2023-10-20,803.04,3.563,105.988,4.914,21.71
2023-10-23,802.82,3.5865,105.334,4.848,20.37
2023-10-24,817.16,3.624,106.08,4.819,18.97
2023-10-25,800.7,3.591,106.352,4.961,20.19
2023-10-26,815.41,3.5845,106.422,4.849,20.68
2023-10-27,811.82,3.646,106.38,4.845,21.27
2023-10-30,819.86,3.6735,105.934,4.888,19.75
2023-10-31,832.67,3.6635,106.494,4.926,18.14
2023-11-01,836.51,3.6655,106.715,4.734,16.87
2023-11-02,867.02,3.6875,105.977,4.661,15.66
2023-11-03,888.8,3.697,104.859,4.576,14.91
2023-11-06,882.97,3.7345,105.046,4.647,14.89
2023-11-07,875.63,3.698,105.373,4.569,14.81
2023-11-08,876.2,3.6585,105.448,4.492,14.45
2023-11-09,872.1,3.6625,105.78,4.632,15.29
2023-11-10,879.27,3.608,105.725,4.646,14.17
2023-11-13,875.34,3.6835,105.503,4.638,14.76
2023-11-14,915.26,3.7025,103.907,4.453,14.16
2023-11-15,927.86,3.736,104.265,4.537,14.18
2023-11-16,925.0,3.7195,104.233,4.441,14.32
2023-11-17,926.21,3.753,103.795,4.439,13.8
2023-11-20,936.99,3.8225,103.317,4.426,13.41
2023-11-21,929.31,3.827,103.449,4.398,13.35
2023-11-22,932.44,3.7815,103.825,4.408,12.85
2023-11-24,932.04,3.8055,103.304,4.472,12.46
2023-11-27,938.69,3.7745,103.105,4.39,12.69
2023-11-28,943.12,3.8185,102.649,4.325,12.69
2023-11-29,957.53,3.816,102.676,4.259,12.98
2023-11-30,958.74,3.842,103.428,4.33,12.92
2023-12-01,963.5,3.9205,103.2,4.209,12.63
2023-12-04,957.19,3.826,103.647,4.259,13.08
2023-12-05,954.37,3.776,103.995,4.167,12.85
2023-12-06,946.41,3.726,104.108,4.114,12.97
2023-12-07,948.96,3.79,103.504,4.148,13.06
2023-12-08,943.4,3.824,103.983,4.229,12.35
2023-12-11,944.32,3.778,104.064,4.237,12.63
2023-12-12,945.39,3.7865,103.839,4.21,12.07
2023-12-13,963.08,3.785,102.848,4.024,12.19
2023-12-14,972.11,3.89,101.94,3.921,12.48
2023-12-15,965.98,3.8875,102.548,3.915,12.28
2023-12-18,960.34,3.849,102.536,3.935,12.56
2023-12-19,969.57,3.8945,101.796,3.931,12.53
2023-12-20,956.61,3.9025,102.04,3.853,13.67
2023-12-21,969.5,3.9105,101.478,3.892,13.65
2023-12-22,971.11,3.8975,101.338,3.901,13.03
2023-12-26,979.61,3.894,101.104,3.897,12.99
2023-12-27,986.72,3.953,100.654,3.789,12.43
2023-12-28,993.19,3.9245,100.913,3.846,12.47
2023-12-29,986.96,3.8905,101.029,3.866,12.45
2024-01-02,983.1,3.8805,101.891,3.941,13.2
2024-01-03,966.84,3.8615,102.195,3.92,14.04
2024-01-04,965.23,3.844,102.135,4.003,14.13
2024-01-05,959.37,3.806,102.129,4.051,13.35
2024-01-08,973.82,3.81,101.928,4.027,13.08
2024-01-09,970.25,3.7585,102.284,4.015,12.76
2024-01-10,968.46,3.781,102.08,4.03,12.69
2024-01-11,966.03,3.7765,102.024,3.975,12.44
2024-01-12,971.28,3.7405,102.151,3.939,12.7
2024-01-16,968.31,3.7665,103.112,4.054,13.84
2024-01-17,949.36,3.733,103.206,4.106,14.79
2024-01-18,949.68,3.745,103.312,4.142,14.13
2024-01-19,968.07,3.7865,103.069,4.13,13.3
2024-01-22,976.8,3.7635,103.118,4.107,13.19
2024-01-23,978.38,3.7935,103.402,4.132,12.55
2024-01-24,974.67,3.886,103.039,4.18,13.14
2024-01-25,990.55,3.869,103.37,4.12,13.45
2024-01-26,981.04,3.852,103.234,4.139,13.26
2024-01-29,993.92,3.879,103.421,4.076,13.6
2024-01-30,984.45,3.9215,103.215,4.036,13.31
2024-01-31,977.15,3.917,103.089,3.918,14.35
2024-02-01,988.87,3.8665,102.872,3.882,13.88
2024-02-02,982.84,3.836,103.781,4.024,13.85
2024-02-05,973.87,3.788,104.319,4.162,13.67
2024-02-06,984.39,3.7965,104.068,4.09,13.06
2024-02-07,987.75,3.7505,103.917,4.115,12.83
2024-02-08,994.99,3.7145,104.037,4.158,12.79
2024-02-09,1003.69,3.6925,103.993,4.177,12.93
2024-02-12,1005.5,3.7335,104.047,4.179,13.93
2024-02-13,983.51,3.718,104.85,4.326,15.85
2024-02-14,995.89,3.7075,104.612,4.261,14.38
2024-02-15,1024.02,3.7635,104.2,4.234,14.01
2024-02-16,999.54,3.8435,104.182,4.281,14.24
2024-02-20,999.48,3.87,103.978,4.275,15.42
2024-02-21,994.01,3.8805,103.912,4.319,15.34
2024-02-22,1027.4,3.9065,103.875,4.331,14.54
2024-02-23,1021.81,3.891,103.859,4.248,13.75
2024-02-26,1014.56,3.8255,103.751,4.281,13.74
2024-02-27,1011.04,3.841,103.759,4.303,13.43
2024-02-28,1024.88,3.8405,103.904,4.266,13.84
2024-02-29,1040.86,3.847,104.098,4.254,13.4
2024-03-01,1054.63,3.8615,103.799,4.186,13.11
2024-03-04,1072.87,3.857,103.778,4.217,13.49
2024-03-05,1061.34,3.847,103.753,4.151,14.46
2024-03-06,1073.8,3.875,103.321,4.108,14.5
2024-03-07,1081.09,3.926,102.772,4.089,14.44
2024-03-08,1083.24,3.8915,102.688,4.077,14.74
2024-03-11,1077.73,3.9285,102.852,4.098,15.22
2024-03-12,1081.86,3.932,102.934,4.151,13.84
2024-03-13,1079.13,4.06,102.766,4.188,13.75
2024-03-14,1067.68,4.0455,103.342,4.292,14.4
2024-03-15,1051.32,4.1245,103.414,4.308,14.41
2024-03-18,1047.87,4.13,103.461,4.328,14.33
2024-03-19,1039.27,4.0745,103.484,4.293,13.82
2024-03-20,1036.06,4.0515,103.046,4.277,13.04
2024-03-21,1049.04,4.0585,103.666,4.269,12.92
2024-03-22,1041.54,4.0075,104.177,4.202,13.06
2024-03-25,1048.35,4.016,103.934,4.249,13.19
2024-03-26,1033.84,4.0085,103.991,4.238,13.24
2024-03-27,1046.47,4.0175,104.064,4.188,12.78
2024-03-28,1049.84,4.025,104.269,4.206,13.01
2024-04-01,1045.99,4.0665,104.764,4.317,13.65
2024-04-02,1036.86,4.089,104.562,4.353,14.61
2024-04-03,1036.9,4.211,103.997,4.351,14.33
2024-04-04,1023.72,4.266,103.891,4.307,16.35
2024-04-05,1020.35,4.253,104.071,4.4,16.03
2024-04-08,1018.07,4.288,103.902,4.422,15.19
2024-04-09,1028.26,4.295,103.922,4.362,14.98
2024-04-10,1003.5,4.289,105.031,4.546,15.8
2024-04-11,1006.88,4.2665,105.064,4.584,14.91
2024-04-12,989.35,4.276,105.832,4.517,17.31
2024-04-15,972.82,4.3925,105.998,4.61,19.23
2024-04-16,961.57,4.3205,106.065,4.669,18.4
2024-04-17,954.61,4.352,105.764,4.589,18.21
2024-04-18,955.5,4.4535,105.982,4.637,18.0
2024-04-19,935.81,4.514,105.984,4.623,18.71
2024-04-22,941.6,4.4935,105.913,4.61,16.94
2024-04-23,960.81,4.4495,105.505,4.607,15.69
2024-04-24,964.53,4.4765,105.7,4.648,15.97
2024-04-25,964.71,4.5315,105.451,4.704,15.37
2024-04-26,971.62,4.569,105.804,4.663,15.03
2024-04-29,983.8,4.6765,105.448,4.611,14.67
2024-04-30,964.9,4.5645,106.1,4.682,15.65
2024-05-01,949.78,4.546,105.628,4.641,15.39
2024-05-02,964.95,4.4845,105.178,4.589,14.68
2024-05-03,968.22,4.557,104.918,4.497,13.49
2024-05-06,968.64,4.615,104.919,4.487,13.49
2024-05-07,974.12,4.6055,105.3,4.461,13.23
2024-05-08,968.52,4.5425,105.426,4.5,13.0
2024-05-09,988.38,4.585,105.104,4.459,12.69
2024-05-10,984.83,4.6625,105.175,4.5,12.55
2024-05-13,987.33,4.766,105.103,4.49,13.6
2024-05-14,993.44,4.895,104.892,4.445,13.42
2024-05-15,1016.49,4.9245,104.212,4.344,12.45
2024-05-16,1022.25,4.877,104.345,4.377,12.42
2024-05-17,1017.36,5.05,104.33,4.422,11.99
2024-05-20,1016.5,5.079,104.46,4.447,12.15
2024-05-21,1012.22,5.106,104.556,4.412,11.86
2024-05-22,999.67,4.8485,104.836,4.426,12.29
2024-05-23,990.8,4.7925,105.036,4.479,12.77
2024-05-24,993.37,4.7535,104.638,4.467,11.93
2024-05-28,996.37,4.855,104.539,4.548,12.92
2024-05-29,986.95,4.791,105.034,4.616,14.28
2024-05-30,995.16,4.6595,104.658,4.55,14.47
2024-05-31,1000.05,4.6035,104.627,4.503,12.92
2024-06-03,1000.04,4.6655,104.078,4.392,13.11
2024-06-04,1005.13,4.5375,104.051,4.33,13.16
2024-06-05,1015.44,4.5865,104.221,4.277,12.63
2024-06-06,1017.46,4.667,104.057,4.287,12.58
2024-06-07,1009.06,4.477,104.855,4.433,12.22
2024-06-10,1014.55,4.5395,105.112,4.471,12.74
2024-06-11,1010.87,4.4935,105.199,4.402,12.85
2024-06-12,1014.92,4.555,104.615,4.318,12.04
2024-06-13,1029.16,4.472,105.187,4.248,11.94
2024-06-14,1026.45,4.4705,105.545,4.221,12.66
2024-06-17,1018.29,4.4275,105.564,4.285,12.75
2024-06-18,1026.26,4.447,104.876,4.219,12.3
2024-06-20,1023.06,4.521,105.227,4.261,13.28
2024-06-21,1023.15,4.4265,105.443,4.257,13.2
2024-06-24,1015.71,4.425,105.121,4.234,13.33
2024-06-25,1015.39,4.3655,105.259,4.248,12.84
2024-06-26,1014.42,4.3635,105.714,4.329,12.55
2024-06-27,1021.95,4.3485,105.571,4.286,12.24
2024-06-28,1024.65,4.3915,105.545,4.392,12.44
2024-07-01,1018.09,4.418,105.587,4.471,12.22
2024-07-02,1022.35,4.419,105.407,4.438,12.03
2024-07-03,1038.55,4.5335,105.077,4.355,12.09
2024-07-05,1037.22,4.652,104.548,4.278,12.48
2024-07-08,1057.0,4.618,104.668,4.28,12.37
2024-07-09,1060.11,4.5775,104.807,4.298,12.51
2024-07-10,1066.5,4.6085,104.729,4.282,12.85
2024-07-11,1081.04,4.5065,104.131,4.212,12.92
2024-07-12,1093.99,4.593,103.783,4.187,12.46
2024-07-15,1092.77,4.5265,103.882,4.231,13.12
2024-07-16,1097.55,4.4495,103.959,4.16,13.19
2024-07-17,1079.03,4.4085,103.443,4.16,14.48
2024-07-18,1066.98,4.2795,103.885,4.202,15.93
2024-07-19,1057.01,4.2365,104.112,4.243,16.52
2024-07-22,1058.27,4.1975,104.037,4.254,14.91
2024-07-23,1054.44,4.1605,104.175,4.254,14.72
2024-07-24,1033.97,4.109,104.122,4.286,18.04
2024-07-25,1021.14,4.1255,104.108,4.245,18.46
2024-07-26,1029.14,4.124,104.059,4.194,16.39
2024-07-29,1031.11,4.0845,104.314,4.172,16.6
2024-07-30,1025.48,4.098,104.319,4.141,17.69
2024-07-31,1051.02,4.1875,103.859,4.033,16.36
2024-08-01,1061.33,4.095,104.205,3.982,18.59
2024-08-02,1049.87,4.115,102.988,3.792,23.39
2024-08-05,1007.38,4.0105,102.483,3.779,38.57
2024-08-06,1026.12,4.036,102.758,3.901,27.71
2024-08-07,1020.67,3.9635,102.998,3.953,27.85
2024-08-08,1033.2,3.97,103.022,3.99,23.79
2024-08-09,1032.2,4.002,102.957,3.94,20.37
2024-08-12,1035.59,4.075,102.961,3.907,20.71
2024-08-13,1049.05,4.056,102.38,3.846,18.12
2024-08-14,1052.02,4.046,102.385,3.839,16.19
2024-08-15,1054.09,4.153,102.808,3.919,15.23
2024-08-16,1060.28,4.149,102.307,3.883,14.8
2024-08-19,1071.83,4.1885,101.731,3.875,14.65
2024-08-20,1069.31,4.168,101.299,3.81,15.88
2024-08-21,1080.73,4.197,100.91,3.799,16.27
2024-08-22,1082.76,4.1545,101.399,3.858,17.55
2024-08-23,1105.18,4.211,100.606,3.795,15.86
2024-08-26,1102.94,4.235,100.741,3.82,16.15
2024-08-27,1099.33,4.2575,100.455,3.829,15.43
2024-08-28,1091.86,4.1725,100.99,3.839,17.11
2024-08-29,1087.75,4.1985,101.27,3.863,15.65
2024-08-30,1098.3,4.189,101.624,3.909,15.0
2024-09-03,1085.48,4.0715,101.766,3.831,20.72
2024-09-04,1085.13,4.058,101.301,3.757,21.32
2024-09-05,1111.06,4.1155,101.074,3.725,19.9
2024-09-06,1104.54,4.0525,101.143,3.716,22.38
2024-09-09,1118.72,4.123,101.518,3.702,19.45
2024-09-10,1138.24,4.0765,101.598,3.64,19.08
2024-09-11,1137.91,4.12,101.658,3.661,17.69
2024-09-12,1136.35,4.172,101.351,3.68,17.07
2024-09-13,1144.98,4.213,101.12,3.657,16.56
2024-09-16,1148.24,4.2505,100.711,3.618,17.14
2024-09-17,1151.52,4.2495,100.567,3.648,17.61
2024-09-18,1138.21,4.273,100.282,3.713,18.23
2024-09-19,1154.06,4.321,100.321,3.719,16.33
2024-09-20,1160.35,4.316,100.423,3.741,16.15
2024-09-23,1178.96,4.3195,100.56,3.751,15.89
2024-09-24,1194.32,4.462,100.159,3.732,15.39
2024-09-25,1187.86,4.4605,100.624,3.791,15.41
2024-09-26,1188.02,4.61,100.246,3.796,15.37
2024-09-27,1198.42,4.5995,100.109,3.751,16.96
2024-09-30,1200.92,4.553,100.521,3.787,16.73
2024-10-01,1202.89,4.589,100.931,3.731,19.26
2024-10-02,1205.32,4.649,101.425,3.783,18.9
2024-10-03,1185.59,4.553,101.75,3.846,20.49
2024-10-04,1188.08,4.574,102.275,3.981,19.21
2024-10-07,1186.84,4.5665,102.301,4.026,22.64
2024-10-08,1178.05,4.4565,102.303,4.035,21.42
2024-10-09,1178.86,4.3995,102.695,4.067,20.86
2024-10-10,1175.04,4.4275,102.773,4.094,20.93
2024-10-11,1186.49,4.4935,102.677,4.073,20.46
2024-10-15,1191.08,4.3375,103.055,4.038,20.64
2024-10-16,1203.96,4.3675,103.4,4.016,19.58
2024-10-17,1194.49,4.325,103.652,4.096,19.11
2024-10-18,1202.88,4.3845,103.307,4.075,18.03
2024-10-21,1199.97,4.3595,103.834,4.182,18.37
2024-10-22,1200.49,4.3805,103.909,4.206,18.2
2024-10-23,1198.41,4.3365,104.277,4.242,19.24
2024-10-24,1189.47,4.3515,103.919,4.202,19.08
2024-10-25,1203.79,4.3705,104.132,4.232,20.33
2024-10-28,1209.21,4.3625,104.183,4.278,19.8
2024-10-29,1195.78,4.3605,104.191,4.274,19.34
2024-10-30,1186.12,4.36,103.862,4.299,20.35
2024-10-31,1167.31,4.3515,103.878,4.281,23.16
2024-11-01,1154.94,4.382,104.203,4.385,21.88
2024-11-04,1159.87,4.4375,103.79,4.286,21.98
2024-11-05,1180.81,4.481,103.324,4.28,20.49
2024-11-06,1153.66,4.2595,104.985,4.431,16.27
2024-11-07,1184.13,4.44,104.37,4.325,15.2
2024-11-08,1185.26,4.3185,104.89,4.305,14.94
2024-11-12,1160.63,4.154,105.95,4.429,14.71
2024-11-13,1154.49,4.102,106.379,4.45,14.02
2024-11-14,1147.9,4.105,106.598,4.445,14.31
2024-11-15,1146.72,4.076,106.615,4.444,16.14
2024-11-18,1165.21,4.1335,106.201,4.413,15.58
2024-11-19,1172.3,4.153,106.143,4.395,16.35
2024-11-20,1163.53,4.164,106.616,4.413,17.16
2024-11-21,1177.7,4.138,106.93,4.419,16.87
2024-11-22,1181.71,4.102,107.507,4.411,15.24
2024-11-25,1203.06,4.1215,106.77,4.274,14.6
2024-11-26,1193.39,4.075,106.968,4.294,14.1
2024-11-27,1200.44,4.117,106.048,4.26,14.1
2024-11-29,1202.74,4.1225,105.828,4.177,13.51
2024-12-02,1198.89,4.1135,106.423,4.195,13.34
2024-12-03,1199.09,4.1845,106.34,4.226,13.3
2024-12-04,1197.51,4.183,106.29,4.183,13.45
2024-12-05,1203.79,4.1745,105.701,4.177,13.54
2024-12-06,1210.37,4.1785,106.039,4.148,12.77
2024-12-09,1203.77,4.258,106.125,4.2,14.19
2024-12-10,1179.03,4.2535,106.382,4.227,14.18
2024-12-11,1184.21,4.245,106.695,4.274,13.58
2024-12-12,1181.36,4.225,106.959,4.335,13.92
2024-12-13,1175.68,4.177,106.993,4.394,13.81
2024-12-16,1167.51,4.1705,107.03,4.402,14.69
2024-12-17,1163.61,4.125,106.663,4.394,15.87
2024-12-18,1124.83,4.1355,107.749,4.518,27.62
2024-12-19,1110.5,4.0555,108.152,4.565,24.09
2024-12-20,1119.08,4.079,107.351,4.529,18.36
2024-12-23,1122.58,4.0635,107.807,4.588,16.78
2024-12-24,1132.56,4.089,108.023,4.59,14.27
2024-12-26,1140.4,4.108,107.893,4.584,14.73
2024-12-27,1140.06,4.1005,107.792,4.629,15.95
2024-12-30,1144.75,4.093,107.933,4.532,17.4
2024-12-31,1144.95,4.0265,108.296,4.572,17.35
2025-01-02,1146.38,4.026,109.209,4.561,17.93
2025-01-03,1171.58,4.0735,108.798,4.601,16.13
2025-01-06,1180.2,4.1615,108.101,4.623,16.04
2025-01-07,1182.4,4.1955,108.378,4.684,17.82
2025-01-08,1191.58,4.2585,108.926,4.692,17.7
2025-01-10,1147.55,4.304,109.487,4.762,19.54
2025-01-13,1114.02,4.3255,109.812,4.789,19.19
2025-01-14,1127.52,4.3425,109.11,4.792,18.71
2025-01-15,1133.96,4.389,108.916,4.654,16.12
2025-01-16,1166.05,4.441,108.817,4.611,16.6
2025-01-17,1173.61,4.3685,109.203,4.622,15.97
2025-01-21,1193.94,4.341,107.861,4.572,15.06
2025-01-22,1175.98,4.301,107.962,4.612,15.1
2025-01-23,1191.83,4.3055,107.863,4.645,15.02
2025-01-24,1192.94,4.2965,107.245,4.616,14.85
2025-01-27,1137.37,4.208,107.16,4.533,17.9
2025-01-28,1134.21,4.2245,107.683,4.533,16.41
2025-01-29,1134.4,4.2605,107.809,4.533,16.56
2025-01-30,1149.34,4.3075,107.631,4.519,15.84
2025-01-31,1131.09,4.279,108.217,4.542,16.43
2025-02-03,1131.7,4.3055,108.877,4.551,18.62
2025-02-04,1142.14,4.3535,107.823,4.512,17.21
2025-02-05,1171.03,4.444,107.442,4.423,15.77
2025-02-06,1182.0,4.461,107.547,4.435,15.5
2025-02-07,1183.89,4.589,107.928,4.494,16.54
2025-02-10,1207.66,4.707,108.193,4.5,15.81
2025-02-11,1218.18,4.601,107.833,4.536,16.02
2025-02-12,1220.13,4.7045,107.823,4.625,15.89
2025-02-13,1235.8,4.778,107.216,4.532,15.1
2025-02-14,1252.83,4.6645,106.575,4.477,14.77
2025-02-18,1280.06,4.6425,106.955,4.551,15.35
2025-02-19,1296.79,4.614,107.063,4.534,15.27
2025-02-20,1325.15,4.666,106.269,4.506,15.66
2025-02-21,1304.22,4.6155,106.519,4.43,18.21
2025-02-24,1262.6,4.5635,106.509,4.399,18.98
2025-02-25,1253.72,4.5035,106.228,4.297,19.43
2025-02-26,1252.92,4.5615,106.329,4.254,19.1
2025-02-27,1228.16,4.6185,107.176,4.265,21.13
2025-02-28,1224.73,4.548,107.558,4.202,19.63
2025-03-03,1193.79,4.607,106.669,4.158,22.78
2025-03-04,1200.14,4.5565,105.687,4.241,23.51
2025-03-05,1234.2,4.794,104.252,4.279,21.93
2025-03-06,1203.37,4.8075,104.028,4.279,24.87
2025-03-07,1208.0,4.71,103.812,4.304,23.37
2025-03-10,1187.97,4.6665,103.62,4.218,27.86
2025-03-11,1195.96,4.766,102.931,4.281,26.92
2025-03-12,1200.94,4.8495,103.587,4.315,24.23
2025-03-13,1182.58,4.9255,103.83,4.269,24.66
2025-03-14,1226.28,4.896,103.705,4.318,21.77
2025-03-17,1237.67,4.959,103.47,4.298,20.51
2025-03-18,1222.14,5.0165,102.892,4.283,21.7
2025-03-19,1206.98,5.1,103.093,4.246,19.9
2025-03-20,1197.68,5.112,103.497,4.24,19.8
2025-03-21,1192.59,5.1135,103.744,4.249,19.28
2025-03-24,1200.82,5.0925,103.936,4.338,17.48
2025-03-25,1175.4,5.185,103.831,4.316,17.15
2025-03-26,1165.79,5.2185,104.207,4.353,18.33
2025-03-27,1152.14,5.0985,103.992,4.36,18.69
2025-03-28,1132.94,5.13,103.709,4.251,21.65
2025-03-31,1129.91,5.034,103.883,4.21,22.28
2025-04-01,1140.75,5.035,103.949,4.16,21.77
2025-04-02,1151.32,5.0405,103.491,4.125,21.51
2025-04-03,1128.02,4.8285,101.795,4.036,30.02
2025-04-04,1068.16,4.402,102.768,3.999,45.31
2025-04-07,1039.52,4.186,102.972,4.201,46.98
2025-04-08,1003.68,4.144,102.701,4.289,52.33
2025-04-09,1051.45,4.1925,102.623,4.325,33.62
2025-04-10,1047.72,4.3365,100.61,4.424,40.72
2025-04-11,1062.51,4.523,99.892,4.495,37.56
2025-04-14,1078.93,4.6255,99.397,4.383,30.89
2025-04-15,1077.02,4.626,99.962,4.339,30.12
2025-04-16,1065.82,4.6855,99.143,4.28,32.64
2025-04-17,1081.29,4.739,99.129,4.332,29.65
2025-04-21,1062.84,4.78,98.044,4.416,33.82
2025-04-22,1078.51,4.928,98.69,4.4,30.57
2025-04-23,1090.27,4.895,99.636,4.384,28.45
2025-04-24,1100.05,4.9105,99.168,4.314,26.47
2025-04-25,1111.31,4.895,99.254,4.254,24.84
2025-04-28,1117.32,4.8645,98.789,4.205,25.15
2025-04-29,1135.27,4.8725,99.018,4.171,24.17
2025-04-30,1151.09,4.609,99.27,4.167,24.7
2025-05-01,1158.41,4.628,100.054,4.215,24.6
2025-05-02,1187.04,4.673,99.84,4.307,22.68
2025-05-05,1186.25,4.699,99.64,4.348,23.64
2025-05-06,1185.72,4.778,99.047,4.298,24.76
2025-05-07,1174.99,4.6595,99.435,4.268,23.55
2025-05-08,1168.16,4.604,100.49,4.379,22.48
2025-05-09,1173.61,4.653,100.168,4.381,21.9
2025-05-12,1185.54,4.621,101.599,4.472,18.39
2025-05-13,1183.04,4.723,100.826,4.47,18.22
2025-05-14,1190.93,4.6505,100.873,4.541,18.62
2025-05-15,1195.82,4.6835,100.729,4.431,17.83
2025-05-16,1215.15,4.5935,100.946,4.443,17.24
2025-05-19,1214.4,4.6705,100.288,4.447,18.14
2025-05-20,1212.74,4.654,99.977,4.483,18.09
2025-05-21,1209.06,4.672,99.435,4.595,20.87
2025-05-22,1198.7,4.6795,99.849,4.528,20.28
2025-05-23,1197.87,4.8365,99.01,4.507,22.29
2025-05-27,1207.69,4.715,99.425,4.445,18.96
2025-05-28,1196.33,4.6505,99.785,4.474,19.31
2025-05-29,1203.3,4.6755,99.209,4.425,19.18
2025-05-30,1191.89,4.6775,99.259,4.397,18.57
2025-06-02,1209.96,4.8585,98.635,4.441,18.36
2025-06-03,1215.69,4.834,99.159,4.457,17.69
2025-06-04,1242.67,4.8865,98.73,4.356,17.61
2025-06-05,1244.46,4.933,98.704,4.389,18.48
2025-06-06,1245.18,4.848,99.142,4.505,16.77
2025-06-09,1250.18,4.925,98.442,4.475,17.16
2025-06-10,1259.99,4.9,99.07,4.473,16.95
2025-06-11,1258.78,4.8145,98.604,4.419,17.26
2025-06-12,1263.88,4.8355,97.901,4.364,18.02
2025-06-13,1241.33,4.8145,98.176,4.406,20.82
2025-06-16,1263.04,4.836,97.702,4.448,19.11
2025-06-17,1256.88,4.809,98.394,4.386,21.6
2025-06-18,1259.75,4.853,98.468,4.39,20.14
2025-06-20,1257.38,4.8335,98.282,4.376,20.62
2025-06-23,1262.7,4.843,98.01,4.341,19.83
2025-06-24,1294.48,4.867,97.45,4.294,17.48
2025-06-25,1278.03,4.913,97.273,4.29,16.76
2025-06-26,1271.83,5.0925,96.762,4.245,16.59
2025-06-27,1285.03,5.123,97.031,4.274,16.32
2025-06-30,1293.99,5.0825,96.493,4.231,16.73
2025-07-01,1284.67,5.0995,96.467,4.241,16.83
2025-07-02,1296.72,5.1975,96.429,4.282,16.64
2025-07-03,1305.82,5.1415,96.822,4.346,16.38
2025-07-07,1281.07,5.026,97.141,4.382,17.79
2025-07-08,1285.1,5.6855,97.172,4.417,16.81
2025-07-09,1285.6,5.4865,97.199,4.342,15.94
2025-07-10,1286.13,5.591,97.322,4.346,15.78
2025-07-11,1288.24,5.6045,97.529,4.423,16.4
2025-07-14,1297.06,5.5505,97.763,4.427,17.2
2025-07-15,1317.25,5.5775,98.31,4.489,17.38
2025-07-16,1327.99,5.526,98.075,4.455,17.16
2025-07-17,1335.23,5.5125,98.446,4.463,16.52
2025-07-18,1345.01,5.6045,98.198,4.431,16.41
2025-07-21,1340.72,5.6375,97.57,4.37,16.65
2025-07-22,1344.42,5.7215,97.117,4.336,16.5
2025-07-23,1356.84,5.8195,96.943,4.388,15.37
2025-07-24,1359.89,5.8015,97.124,4.408,15.39
2025-07-25,1355.34,5.785,97.399,4.386,14.93
2025-07-28,1348.83,5.5975,98.395,4.42,15.03
2025-07-29,1340.75,5.607,98.647,4.328,15.98
2025-07-30,1329.66,5.586,99.586,4.378,15.48
2025-07-31,1329.12,4.3545,99.743,4.36,16.72
2025-08-01,1304.25,4.4355,98.93,4.22,20.38
2025-08-04,1323.93,4.4375,98.586,4.198,17.52
2025-08-05,1321.04,4.386,98.581,4.196,17.85
2025-08-06,1309.31,4.413,97.983,4.218,16.77
2025-08-07,1318.19,4.3985,98.229,4.244,16.57
2025-08-08,1308.39,4.4715,98.009,4.283,15.15
2025-08-11,1310.21,4.44,98.361,4.273,16.25
2025-08-12,1318.95,4.5255,97.927,4.293,14.73
2025-08-13,1318.04,4.4975,97.662,4.24,14.49
2025-08-14,1305.96,4.4795,98.103,4.293,14.83
2025-08-15,1304.91,4.4925,97.712,4.328,15.09
2025-08-18,1306.78,4.536,98.017,4.339,14.99
2025-08-19,1301.89,4.4885,98.119,4.302,15.57
2025-08-20,1303.43,4.5105,98.08,4.296,15.69
2025-08-21,1294.65,4.5115,98.511,4.332,16.6
2025-08-22,1321.67,4.5275,97.599,4.258,14.22
2025-08-25,1316.94,4.5265,98.318,4.275,14.79
2025-08-26,1316.66,4.51,98.122,4.256,14.62
2025-08-27,1317.02,4.4715,98.127,4.238,14.85
2025-08-28,1320.87,4.539,97.738,4.207,14.43
2025-08-29,1316.83,4.5905,97.69,4.226,15.36
2025-09-02,1290.92,4.641,98.347,4.277,17.17
2025-09-03,1276.32,4.63,98.083,4.211,16.35
2025-09-04,1273.2,4.5585,98.304,4.176,15.3
2025-09-05,1289.92,4.551,97.728,4.086,15.18
2025-09-08,1288.46,4.5595,97.037,4.046,15.11
2025-09-09,1309.61,4.5695,97.367,4.074,15.04
2025-09-10,1334.84,4.618,97.357,4.032,15.35
2025-09-11,1364.35,4.658,97.528,4.011,14.71
2025-09-12,1372.68,4.652,97.536,4.06,14.76
2025-09-15,1379.27,4.7175,97.448,4.034,15.69
2025-09-16,1383.63,4.694,96.248,4.026,16.36
2025-09-17,1392.99,4.632,96.52,4.076,15.72
2025-09-18,1407.4,4.6005,96.971,4.104,15.7
2025-09-19,1405.27,4.6275,97.27,4.139,15.45
2025-09-22,1433.81,4.6075,96.975,4.145,16.1
2025-09-23,1432.83,4.6195,96.893,4.118,16.64
2025-09-24,1428.22,4.7885,97.518,4.147,16.18
2025-09-25,1427.09,4.7325,98.215,4.174,16.74
2025-09-26,1416.52,4.746,97.824,4.187,15.29
2025-09-29,1415.04,4.892,97.584,4.141,16.12
2025-09-30,1425.99,4.8565,97.451,4.15,16.28
2025-10-01,1446.74,4.8825,97.381,4.106,16.29
2025-10-02,1469.91,4.9495,97.54,4.09,16.63
2025-10-03,1472.47,5.109,97.415,4.119,16.65
2025-10-06,1484.85,5.038,97.807,4.162,16.37
2025-10-07,1481.33,5.0975,98.284,4.127,17.24
2025-10-08,1496.18,5.0945,98.64,4.131,16.3
2025-10-09,1503.96,5.123,99.285,4.148,16.43
2025-10-10,1486.99,4.894,98.732,4.051,21.66
2025-10-13,1503.14,5.144,99.03,4.055,19.03
2025-10-14,1495.83,5.023,98.81,4.022,20.81
2025-10-15,1531.24,5.0145,98.541,4.045,20.64
2025-10-16,1534.18,4.999,98.092,3.976,25.31
2025-10-17,1514.64,4.9695,98.192,4.009,20.78
2025-10-20,1545.64,5.036,98.355,3.988,18.23
2025-10-21,1522.03,4.966,98.711,3.963,17.87
2025-10-22,1502.33,4.9955,98.673,3.953,18.6
2025-10-23,1526.25,5.1105,98.729,3.989,17.3
2025-10-24,1547.72,5.1225,98.747,3.997,16.37
2025-10-27,1576.03,5.146,98.563,3.997,15.79
2025-10-28,1563.36,5.145,98.453,3.983,16.42
2025-10-29,1560.04,5.237,99.022,4.058,16.92
2025-10-30,1555.78,5.104,99.348,4.093,16.91
2025-10-31,1557.51,5.089,99.63,4.101,17.44
2025-11-03,1552.95,5.069,99.707,4.107,17.17
2025-11-04,1515.48,4.9485,100.07,4.091,19.0
2025-11-05,1532.76,4.986,100.059,4.157,18.01
2025-11-06,1518.56,4.9675,99.585,4.093,19.5
2025-11-07,1514.95,4.957,99.471,4.093,19.08
2025-11-10,1543.4,5.106,99.462,4.11,17.6
2025-11-11,1532.51,5.066,99.316,4.069,17.28
2025-11-12,1511.5,5.1055,99.374,4.067,17.51
2025-11-13,1455.7,5.102,99.05,4.111,20.0
2025-11-14,1449.73,5.063,99.199,4.148,19.83
2025-11-17,1444.38,5.0865,99.488,4.133,22.38
2025-11-18,1423.85,5.0505,99.449,4.121,24.69
2025-11-19,1416.12,5.097,100.151,4.131,23.66
2025-11-20,1387.49,5.0485,100.09,4.104,26.42
2025-11-21,1373.76,5.096,100.113,4.063,23.43
2025-11-24,1413.68,5.026,100.072,4.036,20.52
2025-11-25,1414.66,5.0625,99.589,4.002,18.56
2025-11-26,1430.8,5.194,99.522,3.998,17.19
2025-11-28,1456.12,5.272,99.408,4.019,16.35
2025-12-01,1446.14,5.303,99.362,4.096,17.24
2025-12-02,1447.64,5.243,99.296,4.088,16.59
2025-12-03,1462.08,5.389,98.796,4.058,16.08
2025-12-04,1468.64,5.3735,98.953,4.108,15.78
2025-12-05,1490.68,5.462,98.648,4.139,15.41
2025-12-08,1516.09,5.4445,98.745,4.172,16.66
2025-12-09,1518.33,5.32,98.848,4.186,16.93
2025-12-10,1505.66,5.3535,98.426,4.164,15.77
2025-12-11,1506.87,5.5015,98.344,4.141,14.85
2025-12-12,1480.48,5.359,98.394,4.196,15.74
2025-12-15,1445.37,5.412,98.168,4.182,16.5
2025-12-16,1431.37,5.359,97.794,4.149,16.48
2025-12-17,1407.8,5.4355,98.002,4.151,17.62
2025-12-18,1417.72,5.4375,98.088,4.116,16.87
2025-12-19,1444.56,5.51,98.252,4.151,14.91
2025-12-22,1461.84,5.5095,97.954,4.171,14.08
2025-12-23,1459.2,5.552,97.613,4.169,14.0
2025-12-24,1470.77,5.575,97.681,4.134,13.47
2025-12-26,1469.38,5.8395,97.698,4.134,13.6
2025-12-29,1475.77,5.537,97.732,4.116,14.2
2025-12-30,1485.94,5.7815,97.955,4.128,14.33
2025-12-31,1481.65,5.682,98.047,4.153,14.95
2026-01-02,1537.23,5.6915,98.158,4.189,14.51
2026-01-05,1557.68,5.9755,97.982,4.163,14.9
2026-01-06,1584.65,6.0625,98.317,4.179,14.75
2026-01-07,1577.04,5.8605,98.422,4.138,15.38
2026-01-08,1591.31,5.7965,98.688,4.183,15.45
2026-01-09,1615.83,5.9025,98.89,4.171,14.49
2026-01-12,1639.19,6.0315,98.626,4.187,15.12
