min_size,model,penalty,segment_id,feature,mean,std,var,min,max,median
30,rbf,5.0,0,dlog_SOLVPN,2.1984614349013002e-17,1.0,1.0,-3.958027690938735,3.7258816098376526,0.01512462852286825
30,rbf,5.0,0,dlog_COPPER,-1.4656409566008667e-18,0.9999999999999999,0.9999999999999998,-13.665032067947724,6.720731681997905,0.0290930355860871
30,rbf,5.0,0,dlog_GOLD,8.7938457396052e-18,1.0,1.0,-5.241509488250494,3.651618475802812,-0.01029745004163165
30,rbf,5.0,0,dlog_SILVER,8.7938457396052e-18,1.0,1.0,-4.6356685837538745,4.595795753081378,-0.02147293177998145
30,rbf,5.0,0,dlog_DXY,1.3923589087708233e-17,1.0,1.0,-4.467273478636948,3.639824324494024,0.0457108562742351
30,rbf,5.0,0,dlog_OIL,4.3969228698026e-18,1.0,1.0000000000000002,-4.330584151260235,3.0573758233189645,0.056415497573895246
30,rbf,5.0,0,dlog_GAS,-5.862563826403467e-18,1.0,1.0,-14.112426933555742,4.618828463277652,0.0166199502238365
30,rbf,5.0,0,d_UST10Y,-8.7938457396052e-18,1.0,1.0,-3.652287617781666,3.293855315017531,-0.0076055612776135
30,rbf,5.0,0,d_VIX,1.75876914792104e-17,1.0,1.0,-10.838710495486398,8.757537014897018,-0.0431383202471412
30,rbf,5.0,0,d_PJM_LMP,0.0,1.0,1.0,-8.050004727971467,4.434524714590778,0.00716571730109785
60,rbf,5.0,0,dlog_SOLVPN,2.1984614349013002e-17,1.0,1.0,-3.958027690938735,3.7258816098376526,0.01512462852286825
60,rbf,5.0,0,dlog_COPPER,-1.4656409566008667e-18,0.9999999999999999,0.9999999999999998,-13.665032067947724,6.720731681997905,0.0290930355860871
60,rbf,5.0,0,dlog_GOLD,8.7938457396052e-18,1.0,1.0,-5.241509488250494,3.651618475802812,-0.01029745004163165
60,rbf,5.0,0,dlog_SILVER,8.7938457396052e-18,1.0,1.0,-4.6356685837538745,4.595795753081378,-0.02147293177998145
60,rbf,5.0,0,dlog_DXY,1.3923589087708233e-17,1.0,1.0,-4.467273478636948,3.639824324494024,0.0457108562742351
60,rbf,5.0,0,dlog_OIL,4.3969228698026e-18,1.0,1.0000000000000002,-4.330584151260235,3.0573758233189645,0.056415497573895246
60,rbf,5.0,0,dlog_GAS,-5.862563826403467e-18,1.0,1.0,-14.112426933555742,4.618828463277652,0.0166199502238365
60,rbf,5.0,0,d_UST10Y,-8.7938457396052e-18,1.0,1.0,-3.652287617781666,3.293855315017531,-0.0076055612776135
60,rbf,5.0,0,d_VIX,1.75876914792104e-17,1.0,1.0,-10.838710495486398,8.757537014897018,-0.0431383202471412
60,rbf,5.0,0,d_PJM_LMP,0.0,1.0,1.0,-8.050004727971467,4.434524714590778,0.00716571730109785
90,rbf,5.0,0,dlog_SOLVPN,2.1984614349013002e-17,1.0,1.0,-3.958027690938735,3.7258816098376526,0.01512462852286825
90,rbf,5.0,0,dlog_COPPER,-1.4656409566008667e-18,0.9999999999999999,0.9999999999999998,-13.665032067947724,6.720731681997905,0.0290930355860871
90,rbf,5.0,0,dlog_GOLD,8.7938457396052e-18,1.0,1.0,-5.241509488250494,3.651618475802812,-0.01029745004163165
90,rbf,5.0,0,dlog_SILVER,8.7938457396052e-18,1.0,1.0,-4.6356685837538745,4.595795753081378,-0.02147293177998145
90,rbf,5.0,0,dlog_DXY,1.3923589087708233e-17,1.0,1.0,-4.467273478636948,3.639824324494024,0.0457108562742351
90,rbf,5.0,0,dlog_OIL,4.3969228698026e-18,1.0,1.0000000000000002,-4.330584151260235,3.0573758233189645,0.056415497573895246
90,rbf,5.0,0,dlog_GAS,-5.862563826403467e-18,1.0,1.0,-14.112426933555742,4.618828463277652,0.0166199502238365
90,rbf,5.0,0,d_UST10Y,-8.7938457396052e-18,1.0,1.0,-3.652287617781666,3.293855315017531,-0.0076055612776135
90,rbf,5.0,0,d_VIX,1.75876914792104e-17,1.0,1.0,-10.838710495486398,8.757537014897018,-0.0431383202471412
90,rbf,5.0,0,d_PJM_LMP,0.0,1.0,1.0,-8.050004727971467,4.434524714590778,0.00716571730109785
120,normal,30.0,0,dlog_SOLVPN,-0.08842691224661414,0.979571977340636,0.9595612587910435,-2.564672303032568,2.2215676850920008,-0.0289767742463832
120,normal,30.0,0,dlog_COPPER,-0.04846969214467255,0.7131828047403382,0.5086297129772954,-2.262809224335162,1.5638946737964723,-0.0011087462653360499
120,normal,30.0,0,dlog_GOLD,-0.07027381666242175,0.8698059282167645,0.7565623527610273,-2.4525833491024867,3.651618475802812,-0.12418637652484951
120,normal,30.0,0,dlog_SILVER,-0.07094543750935672,0.8704840251479141,0.7577424380377143,-2.840830958656168,3.806352661700506,-0.1679337346405596
120,normal,30.0,0,dlog_DXY,0.019990994886847573,1.0080062571167363,1.016076614386492,-2.6974822227280773,2.7610092815854435,0.04985659535768015
120,normal,30.0,0,dlog_OIL,-0.03825531194958666,1.0787736697176713,1.1637526304761312,-2.795617319904494,3.0573758233189645,0.02527345561824105
120,normal,30.0,0,dlog_GAS,-0.024916445051707144,0.7047329396837402,0.4966485162752861,-3.862531374875236,3.004737228492368,-0.022649436245191
120,normal,30.0,0,d_UST10Y,0.10562110848971465,1.1912275620857815,1.4190231046728345,-3.652287617781666,2.7218200146693734,0.19669276027530355
120,normal,30.0,0,d_VIX,0.0022206868094488364,0.627327696502922,0.3935400387996622,-1.8414366311734465,2.003799306980869,-0.031573700884271846
120,normal,30.0,0,d_PJM_LMP,-0.07813393360118986,0.8965979620815285,0.8038879056087501,-8.050004727971467,4.434524714590778,-0.08252544416730631
120,normal,30.0,1,dlog_SOLVPN,0.12059486190178811,0.9066074263064369,0.8219370254339814,-2.0551339797500883,3.5708053650430864,0.0505126291346277
120,normal,30.0,1,dlog_COPPER,0.005097937119272654,0.7054037318284161,0.4975944248774559,-2.8626506116491424,1.7243291920965795,0.0235844829294337
120,normal,30.0,1,dlog_GOLD,0.001719910537935565,0.8314687918910773,0.6913403518888076,-2.478092497875183,2.836687203801196,0.0019117627324406992
120,normal,30.0,1,dlog_SILVER,0.015907654242860423,0.9753250736458832,0.9512589992823475,-2.3284647831799585,3.728375818194474,0.04181907360525555
120,normal,30.0,1,dlog_DXY,-0.019279022838185892,0.8534169257362132,0.7283204491330493,-3.4317754736281367,2.430756181176525,0.06636534784185215
120,normal,30.0,1,dlog_OIL,0.04618158884371062,0.8627637216128625,0.744361239331277,-2.373558435517541,1.746643713904949,0.0834638260675732
120,normal,30.0,1,dlog_GAS,-0.08481077501422656,1.4224893146151734,2.023475850194346,-14.112426933555742,3.5911712473943687,0.04645607042810695
120,normal,30.0,1,d_UST10Y,-0.11138910862649597,1.0546903910050398,1.112371820878364,-3.1456277803304347,2.99966573198134,-0.1547003527957127
120,normal,30.0,1,d_VIX,-0.022817631938098548,0.36850178896341046,0.1357935684692339,-1.043477895135407,1.1480174741284812,-0.043138320247141704
120,normal,30.0,1,d_PJM_LMP,0.009443216378100703,0.7801994510075254,0.608711183352444,-5.2114851385878085,4.088127389544744,0.040555071397462644
120,normal,30.0,2,dlog_SOLVPN,-0.09636384792689749,1.177017311368262,1.3853697512605723,-3.958027690938735,3.7258816098376526,-0.0532489039635364
120,normal,30.0,2,dlog_COPPER,0.03976731286965944,0.8533091986540662,0.7281365885076445,-2.8050278273619167,2.7522767429191584,0.0991220814500237
120,normal,30.0,2,dlog_GOLD,0.045783377595066906,0.9722989961254322,0.9453653378665233,-4.3309538064321815,2.5863777352475465,0.1467429334984256
120,normal,30.0,2,dlog_SILVER,-0.04372284393249386,1.0342868622997112,1.0697493135257816,-3.7970770625758816,3.1768925262736376,-0.0198735730101004
120,normal,30.0,2,dlog_DXY,-0.05156335538945136,1.0876810761442641,1.1830501234023445,-4.467273478636948,3.639824324494024,0.076964706198508
120,normal,30.0,2,dlog_OIL,-0.004035928075724224,1.0615775552126627,1.1269469057312942,-3.309322769218573,2.509290674346033,0.0479385692240312
120,normal,30.0,2,dlog_GAS,0.07482818424166975,1.107819282547258,1.2272635627835213,-8.134159275562507,4.618828463277652,0.0157938679794943
120,normal,30.0,2,d_UST10Y,0.030267120676472446,0.9266259726580809,0.8586356932045344,-2.2630590312218253,3.293855315017531,0.0741137673435518
120,normal,30.0,2,d_VIX,0.043197544996354136,1.7472113846732948,3.0527476227319723,-10.838710495486398,8.757537014897018,-0.0431383202471422
120,normal,30.0,2,d_PJM_LMP,0.002714459402169294,0.9842336022659224,0.9687157838293539,-6.903865845578483,2.721078757358116,0.0153550254390187
120,normal,30.0,3,dlog_SOLVPN,0.09224341480525078,0.8886177225289612,0.7896414567925578,-3.1352535065166154,2.2696629220338123,0.0505016419569985
120,normal,30.0,3,dlog_COPPER,0.0159189576116473,1.5494498507987196,2.400794840140174,-13.665032067947724,6.720731681997905,0.0726126397751231
120,normal,30.0,3,dlog_GOLD,0.0409213459052499,1.28968569458327,1.6632891908127316,-5.241509488250494,2.862334657837485,0.0153504777931856
120,normal,30.0,3,dlog_SILVER,0.1197370179283359,1.1238116886370197,1.2629527115171897,-4.6356685837538745,4.595795753081378,0.0530753529209174
120,normal,30.0,3,dlog_DXY,0.046648018788538484,1.027227777282342,1.0551969064204205,-2.785077254793514,3.240143489135745,0.0008556430599682
120,normal,30.0,3,dlog_OIL,0.0071329310906817316,0.9540325315023758,0.9101780711648315,-4.330584151260235,2.613623391050804,0.0659383125962278
120,normal,30.0,3,dlog_GAS,0.03906653827132547,0.6143531166280847,0.377429751910641,-3.536719914557065,2.724084088996264,0.0419997370654477
120,normal,30.0,3,d_UST10Y,-0.055362105095941236,0.6843307786190793,0.46830861456539535,-1.805430790943296,1.822907399836532,-0.07298102417454
120,normal,30.0,3,d_VIX,-0.024602121835732887,0.719897520004961,0.5182524393092932,-2.049599779705106,2.68032953970877,-0.060485249291447
120,normal,30.0,3,d_PJM_LMP,0.08757773859550017,1.2866552808920213,1.655481811847326,-5.066440458836087,4.013893412105427,0.1064667873756952
