Date,Pair,DirectionMetric,SpikeClass,Source,Target,SegmentID,SegmentStart,SegmentEnd,SegmentLength,Spillover_Segment,SegmentMean,SegmentStd,SegmentThreshold,SegmentZ,Spillover_Global,GlobalMean,GlobalStd,GlobalThreshold,GlobalZ,EventID,EventInterpretation
2022-12-07,dlog_SOLVPN__d_UST10Y,PairwiseNet_SOLVPN_to_X,segment-only,dlog_SOLVPN,d_UST10Y,0.0,2022-12-01,2023-10-30,180.0,0.0917441221586697,0.0115596571509072,0.0349466343134124,0.0814529257777321,2.2944831908172563,,,,,,1,regime_specific_spillover_event
2022-12-07,dlog_SOLVPN__dlog_OIL,X_to_SOLVPN,common,dlog_SOLVPN,dlog_OIL,0.0,2022-12-01,2023-10-30,180.0,0.3177333385061732,0.0408615720939142,0.0329812821814293,0.106824136456773,8.39481512238344,0.3177333385061732,0.0447574957959284,0.0390302506274047,0.1228179970507379,6.993955670850272,2,robust_spillover_event
2022-12-12,dlog_SOLVPN__dlog_COPPER,PairwiseNet_SOLVPN_to_X,segment-only,dlog_SOLVPN,dlog_COPPER,0.0,2022-12-01,2023-10-30,180.0,0.0760023536649248,0.0002725121750705,0.0321899264254629,0.0646523650259965,2.352594426247281,,,,,,3,regime_specific_spillover_event
2022-12-12,dlog_SOLVPN__dlog_OIL,PairwiseNet_SOLVPN_to_X,segment-only,dlog_SOLVPN,dlog_OIL,0.0,2022-12-01,2023-10-30,180.0,0.1282065700237071,0.0157127879291704,0.0477043293896435,0.1111214467084576,2.3581461794735685,,,,,,4,regime_specific_spillover_event
2022-12-13,dlog_SOLVPN__d_PJM_LMP,PairwiseNet_SOLVPN_to_X,segment-only,dlog_SOLVPN,d_PJM_LMP,0.0,2022-12-01,2023-10-30,180.0,0.1004265968045256,-0.0070651946404776,0.0476385307023788,0.0882118667642801,2.256404424321078,,,,,,5,regime_specific_spillover_event
2022-12-13,dlog_SOLVPN__d_PJM_LMP,SOLVPN_to_X,common,dlog_SOLVPN,d_PJM_LMP,0.0,2022-12-01,2023-10-30,180.0,0.1769418955172163,0.0349832536483426,0.0263137167538026,0.0876106871559479,5.394853307766152,0.1769418955172163,0.0568545385802778,0.0407936731790799,0.1384418849384378,2.943774060496282,6,robust_spillover_event
2022-12-13,dlog_SOLVPN__dlog_GAS,SOLVPN_to_X,common,dlog_SOLVPN,dlog_GAS,0.0,2022-12-01,2023-10-30,180.0,0.1603786719706603,0.060643754563428,0.0382528083413558,0.1371493712461396,2.607257394469703,0.1603786719706603,0.0547191464608903,0.0362514249623932,0.1272219963856767,2.9146309591796697,7,robust_spillover_event
2022-12-13,dlog_SOLVPN__dlog_GAS,X_to_SOLVPN,segment-only,dlog_SOLVPN,dlog_GAS,0.0,2022-12-01,2023-10-30,180.0,0.131620506201636,0.0264963497934519,0.0236625179937732,0.0738213857809983,4.442644541711392,,,,,,8,regime_specific_spillover_event
2022-12-13,dlog_SOLVPN__dlog_OIL,SOLVPN_to_X,common,dlog_SOLVPN,dlog_OIL,0.0,2022-12-01,2023-10-30,180.0,0.2015566329225398,0.0565743600230846,0.047769175474792,0.1521127109726687,3.0350591455354494,0.2015566329225398,0.0716702224208802,0.0506576640442808,0.1729855505094419,2.5640031563264216,9,robust_spillover_event
2022-12-13,dlog_SOLVPN__dlog_SILVER,PairwiseNet_SOLVPN_to_X,common,dlog_SOLVPN,dlog_SILVER,0.0,2022-12-01,2023-10-30,180.0,0.0761911462448601,-0.0104886108953811,0.026792730857677,0.043096850819973,3.235196800232271,0.0761911462448601,-0.0033429527878443,0.0378966824435056,0.0724504120991669,2.098708749803356,10,robust_spillover_event
2022-12-13,dlog_SOLVPN__dlog_SILVER,SOLVPN_to_X,common,dlog_SOLVPN,dlog_SILVER,0.0,2022-12-01,2023-10-30,180.0,0.1441479638582354,0.0646223377288828,0.0335585937183799,0.1317395251656426,2.3697544300194187,0.1441479638582354,0.0694301400561515,0.0373295846798629,0.1440893094158775,2.001571258905261,11,robust_spillover_event
2022-12-14,dlog_SOLVPN__dlog_DXY,PairwiseNet_SOLVPN_to_X,segment-only,dlog_SOLVPN,dlog_DXY,0.0,2022-12-01,2023-10-30,180.0,0.0808170061656635,-0.0016749252956875,0.0345677350844175,0.0674605448731474,2.386385201688753,,,,,,12,regime_specific_spillover_event
2022-12-15,dlog_SOLVPN__d_PJM_LMP,X_to_SOLVPN,common,dlog_SOLVPN,d_PJM_LMP,0.0,2022-12-01,2023-10-30,180.0,0.2409833171161797,0.0420484482888202,0.0458665590426362,0.1337815663740927,4.337252956831477,0.2409833171161797,0.0414912127959817,0.0367283620865933,0.1149479369691684,5.431554607577149,13,robust_spillover_event
2022-12-15,dlog_SOLVPN__dlog_GOLD,PairwiseNet_SOLVPN_to_X,segment-only,dlog_SOLVPN,dlog_GOLD,0.0,2022-12-01,2023-10-30,180.0,0.0801616429873788,-0.0045152998425958,0.0318023674612611,0.0590894350799263,2.6625987179451607,,,,,,14,regime_specific_spillover_event
2022-12-19,dlog_SOLVPN__d_VIX,PairwiseNet_SOLVPN_to_X,segment-only,dlog_SOLVPN,d_VIX,0.0,2022-12-01,2023-10-30,180.0,0.0893412001847789,-9.763657431740124e-05,0.0240966871248507,0.0480957376753841,3.711665271482841,,,,,,15,regime_specific_spillover_event
2022-12-19,dlog_SOLVPN__dlog_COPPER,X_to_SOLVPN,segment-only,dlog_SOLVPN,dlog_COPPER,0.0,2022-12-01,2023-10-30,180.0,0.1552334334278659,0.0712770186004291,0.0402772124279992,0.1518314434564276,2.0844643848558237,,,,,,16,regime_specific_spillover_event
2022-12-19,dlog_SOLVPN__dlog_GOLD,X_to_SOLVPN,common,dlog_SOLVPN,dlog_GOLD,0.0,2022-12-01,2023-10-30,180.0,0.204481688426894,0.0780769307916955,0.049948891334862,0.1779747134614195,2.5306819482292253,0.204481688426894,0.0632736374540382,0.0416072057813713,0.1464880490167809,3.39383643580503,17,robust_spillover_event
2022-12-20,dlog_SOLVPN__d_UST10Y,PairwiseNet_SOLVPN_to_X,segment-only,dlog_SOLVPN,d_UST10Y,0.0,2022-12-01,2023-10-30,180.0,0.0871163105961133,0.0115596571509072,0.0349466343134124,0.0814529257777321,2.1620580902753064,,,,,,18,regime_specific_spillover_event
2022-12-20,dlog_SOLVPN__dlog_GAS,PairwiseNet_SOLVPN_to_X,segment-only,dlog_SOLVPN,dlog_GAS,0.0,2022-12-01,2023-10-30,180.0,0.1268642073520173,0.0341474047699761,0.0430985585897591,0.1203445219494945,2.151273861953981,,,,,,19,regime_specific_spillover_event
2022-12-21,dlog_SOLVPN__dlog_OIL,X_to_SOLVPN,common,dlog_SOLVPN,dlog_OIL,0.0,2022-12-01,2023-10-30,180.0,0.1476766515243804,0.0408615720939142,0.0329812821814293,0.106824136456773,3.2386575768303527,0.1476766515243804,0.0447574957959284,0.0390302506274047,0.1228179970507379,2.636907375024341,20,robust_spillover_event
2022-12-27,dlog_SOLVPN__d_PJM_LMP,X_to_SOLVPN,common,dlog_SOLVPN,d_PJM_LMP,0.0,2022-12-01,2023-10-30,180.0,0.3428614185057536,0.0420484482888202,0.0458665590426362,0.1337815663740927,6.558437704849546,0.3428614185057536,0.0414912127959817,0.0367283620865933,0.1149479369691684,8.205381034940801,21,robust_spillover_event
2022-12-27,dlog_SOLVPN__dlog_DXY,X_to_SOLVPN,common,dlog_SOLVPN,dlog_DXY,0.0,2022-12-01,2023-10-30,180.0,0.1770317310255314,0.0620417513667216,0.0366625979026411,0.1353669471720039,3.1364383932685254,0.1770317310255314,0.07042048888735,0.0484692666236787,0.1673590221347075,2.199563755852217,22,robust_spillover_event
2022-12-29,dlog_SOLVPN__dlog_COPPER,PairwiseNet_SOLVPN_to_X,segment-only,dlog_SOLVPN,dlog_COPPER,0.0,2022-12-01,2023-10-30,180.0,0.0797300789444282,0.0002725121750705,0.0321899264254629,0.0646523650259965,2.4683985206783494,,,,,,23,regime_specific_spillover_event
2022-12-29,dlog_SOLVPN__dlog_COPPER,SOLVPN_to_X,segment-only,dlog_SOLVPN,dlog_COPPER,0.0,2022-12-01,2023-10-30,180.0,0.1613210269786363,0.0715495307754996,0.03579488644004,0.1431393036555797,2.5079419193999337,,,,,,24,regime_specific_spillover_event
2023-01-04,dlog_SOLVPN__d_VIX,PairwiseNet_SOLVPN_to_X,segment-only,dlog_SOLVPN,d_VIX,0.0,2022-12-01,2023-10-30,180.0,0.0684342248132871,-9.763657431740124e-05,0.0240966871248507,0.0480957376753841,2.8440366525292213,,,,,,25,regime_specific_spillover_event
2023-01-04,dlog_SOLVPN__dlog_DXY,PairwiseNet_SOLVPN_to_X,common,dlog_SOLVPN,dlog_DXY,0.0,2022-12-01,2023-10-30,180.0,0.0979389275251582,-0.0016749252956875,0.0345677350844175,0.0674605448731474,2.881700307456645,0.0979389275251582,0.0084017862564892,0.0380321460633567,0.0844660783832027,2.3542489850431134,26,robust_spillover_event
2023-01-04,dlog_SOLVPN__dlog_GAS,X_to_SOLVPN,segment-only,dlog_SOLVPN,dlog_GAS,0.0,2022-12-01,2023-10-30,180.0,0.1372011340669537,0.0264963497934519,0.0236625179937732,0.0738213857809983,4.678487061378416,,,,,,27,regime_specific_spillover_event
2023-01-04,dlog_SOLVPN__dlog_GOLD,PairwiseNet_SOLVPN_to_X,common,dlog_SOLVPN,dlog_GOLD,0.0,2022-12-01,2023-10-30,180.0,0.0842665973586163,-0.0045152998425958,0.0318023674612611,0.0590894350799263,2.791675723807625,0.0842665973586163,0.0063910085503656,0.0384315142805271,0.0832540371114199,2.026347133756046,28,robust_spillover_event
2023-01-04,dlog_SOLVPN__dlog_OIL,X_to_SOLVPN,common,dlog_SOLVPN,dlog_OIL,0.0,2022-12-01,2023-10-30,180.0,0.1298268937806831,0.0408615720939142,0.0329812821814293,0.106824136456773,2.6974488498467832,0.1298268937806831,0.0447574957959284,0.0390302506274047,0.1228179970507379,2.179576011357302,29,robust_spillover_event
2023-01-04,dlog_SOLVPN__dlog_SILVER,PairwiseNet_SOLVPN_to_X,segment-only,dlog_SOLVPN,dlog_SILVER,0.0,2022-12-01,2023-10-30,180.0,0.0501512619844507,-0.0104886108953811,0.026792730857677,0.043096850819973,2.263295712630069,,,,,,30,regime_specific_spillover_event
2023-01-05,dlog_SOLVPN__dlog_DXY,SOLVPN_to_X,common,dlog_SOLVPN,dlog_DXY,0.0,2022-12-01,2023-10-30,180.0,0.2150690490176567,0.0603668260710341,0.0340461419662401,0.1284591100035145,4.54389878007393,0.2150690490176567,0.0788222751438392,0.0450415130735568,0.1689053012909529,3.0249155629233453,31,robust_spillover_event
2023-01-09,dlog_SOLVPN__dlog_GAS,SOLVPN_to_X,common,dlog_SOLVPN,dlog_GAS,0.0,2022-12-01,2023-10-30,180.0,0.1400430653027008,0.060643754563428,0.0382528083413558,0.1371493712461396,2.0756465781737834,0.1400430653027008,0.0547191464608903,0.0362514249623932,0.1272219963856767,2.353670757227459,32,robust_spillover_event
2023-01-10,dlog_SOLVPN__dlog_GOLD,SOLVPN_to_X,common,dlog_SOLVPN,dlog_GOLD,0.0,2022-12-01,2023-10-30,180.0,0.1909751359780761,0.0735616309490997,0.0509370627951077,0.1754357565393152,2.3050701902712256,0.1909751359780761,0.0696646460044039,0.0425188373779857,0.1547023207603753,2.85309988359374,33,robust_spillover_event
2023-01-11,dlog_SOLVPN__dlog_SILVER,SOLVPN_to_X,segment-only,dlog_SOLVPN,dlog_SILVER,0.0,2022-12-01,2023-10-30,180.0,0.1344687994369426,0.0646223377288828,0.0335585937183799,0.1317395251656426,2.081328624620082,,,,,,34,regime_specific_spillover_event
2023-01-17,dlog_SOLVPN__dlog_GOLD,X_to_SOLVPN,common,dlog_SOLVPN,dlog_GOLD,0.0,2022-12-01,2023-10-30,180.0,0.1842181997484408,0.0780769307916955,0.049948891334862,0.1779747134614195,2.1249974948425656,0.1842181997484408,0.0632736374540382,0.0416072057813713,0.1464880490167809,2.9068177019604797,35,robust_spillover_event
2023-01-18,dlog_SOLVPN__d_UST10Y,PairwiseNet_SOLVPN_to_X,segment-only,dlog_SOLVPN,d_UST10Y,0.0,2022-12-01,2023-10-30,180.0,0.0900036717602606,0.0115596571509072,0.0349466343134124,0.0814529257777321,2.2446801001161574,,,,,,36,regime_specific_spillover_event
2023-01-25,dlog_SOLVPN__dlog_GOLD,X_to_SOLVPN,common,dlog_SOLVPN,dlog_GOLD,0.0,2022-12-01,2023-10-30,180.0,0.1986630563139369,0.0780769307916955,0.049948891334862,0.1779747134614195,2.4141902312469914,0.1986630563139369,0.0632736374540382,0.0416072057813713,0.1464880490167809,3.253989695230054,37,robust_spillover_event
2023-01-26,dlog_SOLVPN__d_UST10Y,PairwiseNet_SOLVPN_to_X,common,dlog_SOLVPN,d_UST10Y,0.0,2022-12-01,2023-10-30,180.0,0.1052639932920884,0.0115596571509072,0.0349466343134124,0.0814529257777321,2.681355099916378,0.1052639932920884,0.0197782134885886,0.040950287086662,0.1016787876619127,2.08755019525476,38,robust_spillover_event
2023-02-02,dlog_SOLVPN__dlog_OIL,PairwiseNet_SOLVPN_to_X,common,dlog_SOLVPN,dlog_OIL,0.0,2022-12-01,2023-10-30,180.0,0.1852981948305141,0.0157127879291704,0.0477043293896435,0.1111214467084576,3.554926965143756,0.1852981948305141,0.0269127266249518,0.0577597099364378,0.1424321464978274,2.7421444529388905,39,robust_spillover_event
2023-02-02,dlog_SOLVPN__dlog_OIL,SOLVPN_to_X,common,dlog_SOLVPN,dlog_OIL,0.0,2022-12-01,2023-10-30,180.0,0.2069659506244191,0.0565743600230846,0.047769175474792,0.1521127109726687,3.148297811434839,0.2069659506244191,0.0716702224208802,0.0506576640442808,0.1729855505094419,2.6707849790561653,40,robust_spillover_event
2023-02-06,dlog_SOLVPN__dlog_DXY,X_to_SOLVPN,segment-only,dlog_SOLVPN,dlog_DXY,0.0,2022-12-01,2023-10-30,180.0,0.1394404938824296,0.0620417513667216,0.0366625979026411,0.1353669471720039,2.111109057826265,,,,,,41,regime_specific_spillover_event
2023-02-06,dlog_SOLVPN__dlog_GOLD,SOLVPN_to_X,common,dlog_SOLVPN,dlog_GOLD,0.0,2022-12-01,2023-10-30,180.0,0.1770455973496729,0.0735616309490997,0.0509370627951077,0.1754357565393152,2.0316045080344205,0.1770455973496729,0.0696646460044039,0.0425188373779857,0.1547023207603753,2.5254912402864984,42,robust_spillover_event
2023-02-06,dlog_SOLVPN__dlog_SILVER,SOLVPN_to_X,segment-only,dlog_SOLVPN,dlog_SILVER,0.0,2022-12-01,2023-10-30,180.0,0.1359392678429324,0.0646223377288828,0.0335585937183799,0.1317395251656426,2.1251465634267515,,,,,,43,regime_specific_spillover_event
2023-02-06,dlog_SOLVPN__dlog_SILVER,X_to_SOLVPN,common,dlog_SOLVPN,dlog_SILVER,0.0,2022-12-01,2023-10-30,180.0,0.1661647515657292,0.0751109486242639,0.0405248337669167,0.1561606161580973,2.246864316956161,0.1661647515657292,0.0727730928439958,0.0437836257386066,0.1603403443212091,2.13302706539866,44,robust_spillover_event
2023-02-13,dlog_SOLVPN__dlog_COPPER,PairwiseNet_SOLVPN_to_X,segment-only,dlog_SOLVPN,dlog_COPPER,0.0,2022-12-01,2023-10-30,180.0,0.0911771870426544,0.0002725121750705,0.0321899264254629,0.0646523650259965,2.824010023075921,,,,,,45,regime_specific_spillover_event
2023-03-09,dlog_SOLVPN__d_VIX,PairwiseNet_SOLVPN_to_X,segment-only,dlog_SOLVPN,d_VIX,0.0,2022-12-01,2023-10-30,180.0,0.0764654425656829,-9.763657431740124e-05,0.0240966871248507,0.0480957376753841,3.177328017885133,,,,,,46,regime_specific_spillover_event
2023-03-09,dlog_SOLVPN__d_VIX,SOLVPN_to_X,segment-only,dlog_SOLVPN,d_VIX,0.0,2022-12-01,2023-10-30,180.0,0.2357153093828364,0.1333439312842797,0.043122760499844,0.2195894522839679,2.3739523377434724,,,,,,47,regime_specific_spillover_event
2023-03-28,dlog_SOLVPN__dlog_GAS,X_to_SOLVPN,segment-only,dlog_SOLVPN,dlog_GAS,0.0,2022-12-01,2023-10-30,180.0,0.0849164900438279,0.0264963497934519,0.0236625179937732,0.0738213857809983,2.468889416829998,,,,,,48,regime_specific_spillover_event
2023-04-26,dlog_SOLVPN__dlog_OIL,PairwiseNet_SOLVPN_to_X,segment-only,dlog_SOLVPN,dlog_OIL,0.0,2022-12-01,2023-10-30,180.0,0.1143928271683182,0.0157127879291704,0.0477043293896435,0.1111214467084576,2.068576175406227,,,,,,49,regime_specific_spillover_event
2023-05-10,dlog_SOLVPN__d_UST10Y,PairwiseNet_SOLVPN_to_X,common,dlog_SOLVPN,d_UST10Y,0.0,2022-12-01,2023-10-30,180.0,0.1055234289146973,0.0115596571509072,0.0349466343134124,0.0814529257777321,2.688778865543767,0.1055234289146973,0.0197782134885886,0.040950287086662,0.1016787876619127,2.093885575079077,50,robust_spillover_event
2023-05-10,dlog_SOLVPN__dlog_OIL,PairwiseNet_SOLVPN_to_X,segment-only,dlog_SOLVPN,dlog_OIL,0.0,2022-12-01,2023-10-30,180.0,0.1202542852741223,0.0157127879291704,0.0477043293896435,0.1111214467084576,2.191446744614493,,,,,,51,regime_specific_spillover_event
2023-05-10,dlog_SOLVPN__dlog_OIL,SOLVPN_to_X,segment-only,dlog_SOLVPN,dlog_OIL,0.0,2022-12-01,2023-10-30,180.0,0.1703396597414184,0.0565743600230846,0.047769175474792,0.1521127109726687,2.381562976283066,,,,,,52,regime_specific_spillover_event
2023-05-16,dlog_SOLVPN__dlog_GAS,X_to_SOLVPN,segment-only,dlog_SOLVPN,dlog_GAS,0.0,2022-12-01,2023-10-30,180.0,0.0756073032886232,0.0264963497934519,0.0236625179937732,0.0738213857809983,2.0754745335257585,,,,,,53,regime_specific_spillover_event
2023-05-23,dlog_SOLVPN__dlog_DXY,PairwiseNet_SOLVPN_to_X,segment-only,dlog_SOLVPN,dlog_DXY,0.0,2022-12-01,2023-10-30,180.0,0.081814154717834,-0.0016749252956875,0.0345677350844175,0.0674605448731474,2.4152314234540886,,,,,,54,regime_specific_spillover_event
2023-06-14,dlog_SOLVPN__d_PJM_LMP,SOLVPN_to_X,segment-only,dlog_SOLVPN,d_PJM_LMP,0.0,2022-12-01,2023-10-30,180.0,0.0876491439333781,0.0349832536483426,0.0263137167538026,0.0876106871559479,2.001461472652837,,,,,,55,regime_specific_spillover_event
2023-06-22,dlog_SOLVPN__dlog_GAS,PairwiseNet_SOLVPN_to_X,segment-only,dlog_SOLVPN,dlog_GAS,0.0,2022-12-01,2023-10-30,180.0,0.1223539551016512,0.0341474047699761,0.0430985585897591,0.1203445219494945,2.0466241382057317,,,,,,56,regime_specific_spillover_event
2023-07-05,dlog_SOLVPN__d_PJM_LMP,SOLVPN_to_X,segment-only,dlog_SOLVPN,d_PJM_LMP,0.0,2022-12-01,2023-10-30,180.0,0.0884861484142049,0.0349832536483426,0.0263137167538026,0.0876106871559479,2.033270148282283,,,,,,57,regime_specific_spillover_event
2023-07-05,dlog_SOLVPN__d_UST10Y,X_to_SOLVPN,common,dlog_SOLVPN,d_UST10Y,0.0,2022-12-01,2023-10-30,180.0,0.1571842080114716,0.066862004181188,0.0412693376440834,0.1494006794693549,2.1886031854749803,0.1571842080114716,0.0669126158511119,0.043032630491725,0.152977876834562,2.09774747973444,58,robust_spillover_event
2023-08-23,dlog_SOLVPN__dlog_COPPER,X_to_SOLVPN,segment-only,dlog_SOLVPN,dlog_COPPER,0.0,2022-12-01,2023-10-30,180.0,0.1567598300631981,0.0712770186004291,0.0402772124279992,0.1518314434564276,2.1223616608418627,,,,,,59,regime_specific_spillover_event
2023-09-21,dlog_SOLVPN__d_VIX,X_to_SOLVPN,common,dlog_SOLVPN,d_VIX,0.0,2022-12-01,2023-10-30,180.0,0.2504847255950371,0.1334415678585971,0.0365257737115952,0.2064931152817877,3.204399136363374,0.2504847255950371,0.1494937028690617,0.047860099895717,0.2452139026604958,2.1101297938371606,60,robust_spillover_event
2023-09-21,dlog_SOLVPN__dlog_GAS,SOLVPN_to_X,common,dlog_SOLVPN,dlog_GAS,0.0,2022-12-01,2023-10-30,180.0,0.1462110301575743,0.060643754563428,0.0382528083413558,0.1371493712461396,2.2368887227983723,0.1462110301575743,0.0547191464608903,0.0362514249623932,0.1272219963856767,2.523814823599253,61,robust_spillover_event
2023-09-27,dlog_SOLVPN__dlog_DXY,PairwiseNet_SOLVPN_to_X,segment-only,dlog_SOLVPN,dlog_DXY,0.0,2022-12-01,2023-10-30,180.0,0.0709974163384214,-0.0016749252956875,0.0345677350844175,0.0674605448731474,2.1023171306027586,,,,,,62,regime_specific_spillover_event
2023-09-28,dlog_SOLVPN__dlog_GOLD,PairwiseNet_SOLVPN_to_X,segment-only,dlog_SOLVPN,dlog_GOLD,0.0,2022-12-01,2023-10-30,180.0,0.0619694356788948,-0.0045152998425958,0.0318023674612611,0.0590894350799263,2.090559314569163,,,,,,63,regime_specific_spillover_event
2023-10-04,dlog_SOLVPN__dlog_GAS,SOLVPN_to_X,common,dlog_SOLVPN,dlog_GAS,0.0,2022-12-01,2023-10-30,180.0,0.1544350100453264,0.060643754563428,0.0382528083413558,0.1371493712461396,2.4518789482051946,0.1544350100453264,0.0547191464608903,0.0362514249623932,0.1272219963856767,2.750674316606315,64,robust_spillover_event
2023-10-04,dlog_SOLVPN__dlog_OIL,X_to_SOLVPN,segment-only,dlog_SOLVPN,dlog_OIL,0.0,2022-12-01,2023-10-30,180.0,0.1163318308251272,0.0408615720939142,0.0329812821814293,0.106824136456773,2.2882754623077592,,,,,,65,regime_specific_spillover_event
2023-10-05,dlog_SOLVPN__d_UST10Y,X_to_SOLVPN,common,dlog_SOLVPN,d_UST10Y,0.0,2022-12-01,2023-10-30,180.0,0.1674999640196762,0.066862004181188,0.0412693376440834,0.1494006794693549,2.4385649390938564,0.1674999640196762,0.0669126158511119,0.043032630491725,0.152977876834562,2.3374668715152485,66,robust_spillover_event
2023-10-11,dlog_SOLVPN__dlog_GAS,PairwiseNet_SOLVPN_to_X,common,dlog_SOLVPN,dlog_GAS,0.0,2022-12-01,2023-10-30,180.0,0.1479830195739312,0.0341474047699761,0.0430985585897591,0.1203445219494945,2.641285892818791,0.1479830195739312,0.0162867118602032,0.0635626376536368,0.1434119871674769,2.071913825089553,67,robust_spillover_event
2023-10-17,dlog_SOLVPN__d_VIX,PairwiseNet_SOLVPN_to_X,segment-only,dlog_SOLVPN,d_VIX,0.0,2022-12-01,2023-10-30,180.0,0.0642208531442306,-9.763657431740124e-05,0.0240966871248507,0.0480957376753841,2.6691839166644944,,,,,,68,regime_specific_spillover_event
2023-10-19,dlog_SOLVPN__d_VIX,SOLVPN_to_X,segment-only,dlog_SOLVPN,d_VIX,0.0,2022-12-01,2023-10-30,180.0,0.2649964142825186,0.1333439312842797,0.043122760499844,0.2195894522839679,3.052969742016282,,,,,,69,regime_specific_spillover_event
2023-10-19,dlog_SOLVPN__dlog_GAS,PairwiseNet_SOLVPN_to_X,common,dlog_SOLVPN,dlog_GAS,0.0,2022-12-01,2023-10-30,180.0,0.1442105178549549,0.0341474047699761,0.0430985585897591,0.1203445219494945,2.553753923249103,0.1442105178549549,0.0162867118602032,0.0635626376536368,0.1434119871674769,2.0125628941301863,70,robust_spillover_event
2023-10-19,dlog_SOLVPN__dlog_GAS,SOLVPN_to_X,common,dlog_SOLVPN,dlog_GAS,0.0,2022-12-01,2023-10-30,180.0,0.1588827295401127,0.060643754563428,0.0382528083413558,0.1371493712461396,2.5681506596857293,0.1588827295401127,0.0547191464608903,0.0362514249623932,0.1272219963856767,2.873365203913513,71,robust_spillover_event
2023-10-24,dlog_SOLVPN__d_VIX,X_to_SOLVPN,segment-only,dlog_SOLVPN,d_VIX,0.0,2022-12-01,2023-10-30,180.0,0.2259165019459507,0.1334415678585971,0.0365257737115952,0.2064931152817877,2.5317720801078343,,,,,,72,regime_specific_spillover_event
2023-10-25,dlog_SOLVPN__d_PJM_LMP,SOLVPN_to_X,segment-only,dlog_SOLVPN,d_PJM_LMP,0.0,2022-12-01,2023-10-30,180.0,0.0941997690655786,0.0349832536483426,0.0263137167538026,0.0876106871559479,2.250404835291027,,,,,,73,regime_specific_spillover_event
2023-10-25,dlog_SOLVPN__dlog_DXY,SOLVPN_to_X,segment-only,dlog_SOLVPN,dlog_DXY,0.0,2022-12-01,2023-10-30,180.0,0.1389851593473955,0.0603668260710341,0.0340461419662401,0.1284591100035145,2.3091701066839985,,,,,,74,regime_specific_spillover_event
2023-10-26,dlog_SOLVPN__d_UST10Y,SOLVPN_to_X,segment-only,dlog_SOLVPN,d_UST10Y,0.0,2022-12-01,2023-10-30,180.0,0.2264377780429623,0.0784216613320952,0.0453897123430741,0.1692010860182435,3.2610058330420846,,,,,,75,regime_specific_spillover_event
2023-10-26,dlog_SOLVPN__d_UST10Y,X_to_SOLVPN,common,dlog_SOLVPN,d_UST10Y,0.0,2022-12-01,2023-10-30,180.0,0.1975846498250084,0.066862004181188,0.0412693376440834,0.1494006794693549,3.167548914189111,0.1975846498250084,0.0669126158511119,0.043032630491725,0.152977876834562,3.0365802062466063,76,robust_spillover_event
2023-10-26,dlog_SOLVPN__d_VIX,PairwiseNet_SOLVPN_to_X,segment-only,dlog_SOLVPN,d_VIX,0.0,2022-12-01,2023-10-30,180.0,0.0502089005566596,-9.763657431740124e-05,0.0240966871248507,0.0480957376753841,2.087695162008233,,,,,,77,regime_specific_spillover_event
2023-10-26,dlog_SOLVPN__dlog_OIL,SOLVPN_to_X,segment-only,dlog_SOLVPN,dlog_OIL,0.0,2022-12-01,2023-10-30,180.0,0.1699354505338441,0.0565743600230846,0.047769175474792,0.1521127109726687,2.3731012600496024,,,,,,78,regime_specific_spillover_event
2023-11-01,dlog_SOLVPN__d_VIX,X_to_SOLVPN,segment-only,dlog_SOLVPN,d_VIX,1.0,2023-10-31,2024-07-16,140.0,0.2168900933686365,0.1388903713115338,0.0309894975189704,0.2008693663494748,2.516972790841623,,,,,,79,regime_specific_spillover_event
2023-11-01,dlog_SOLVPN__dlog_OIL,X_to_SOLVPN,segment-only,dlog_SOLVPN,dlog_OIL,1.0,2023-10-31,2024-07-16,140.0,0.0855113598403826,0.030125094888669,0.0207383376264182,0.0716017701415054,2.6707186443506434,,,,,,80,regime_specific_spillover_event
2023-11-06,dlog_SOLVPN__dlog_GAS,PairwiseNet_SOLVPN_to_X,common,dlog_SOLVPN,dlog_GAS,1.0,2023-10-31,2024-07-16,140.0,0.1584443862326198,6.520356854986769e-05,0.0640100228447769,0.1280852492581037,2.4742872385491315,0.1584443862326198,0.0162867118602032,0.0635626376536368,0.1434119871674769,2.236497408226778,81,robust_spillover_event
2023-11-06,dlog_SOLVPN__dlog_GAS,SOLVPN_to_X,common,dlog_SOLVPN,dlog_GAS,1.0,2023-10-31,2024-07-16,140.0,0.1768756136489136,0.0445690995562844,0.0259126327472688,0.0963943650508221,5.1058692253713245,0.1768756136489136,0.0547191464608903,0.0362514249623932,0.1272219963856767,3.369701116983592,82,robust_spillover_event
2023-11-09,dlog_SOLVPN__d_VIX,X_to_SOLVPN,segment-only,dlog_SOLVPN,d_VIX,1.0,2023-10-31,2024-07-16,140.0,0.2263967787959565,0.1388903713115338,0.0309894975189704,0.2008693663494748,2.823743993617673,,,,,,83,regime_specific_spillover_event
2023-11-14,dlog_SOLVPN__dlog_GAS,SOLVPN_to_X,segment-only,dlog_SOLVPN,dlog_GAS,1.0,2023-10-31,2024-07-16,140.0,0.1063149261045299,0.0445690995562844,0.0259126327472688,0.0963943650508221,2.3828465116016986,,,,,,84,regime_specific_spillover_event
2023-11-14,dlog_SOLVPN__dlog_GOLD,X_to_SOLVPN,segment-only,dlog_SOLVPN,dlog_GOLD,1.0,2023-10-31,2024-07-16,140.0,0.1129568425788665,0.0482059922306176,0.025314100211593,0.0988341926538036,2.5578965796538644,,,,,,85,regime_specific_spillover_event
2023-11-14,dlog_SOLVPN__dlog_SILVER,X_to_SOLVPN,segment-only,dlog_SOLVPN,dlog_SILVER,1.0,2023-10-31,2024-07-16,140.0,0.1333088748591519,0.0575125599946791,0.0307070343173739,0.1189266286294271,2.4683697579218,,,,,,86,regime_specific_spillover_event
2023-11-16,dlog_SOLVPN__d_PJM_LMP,X_to_SOLVPN,segment-only,dlog_SOLVPN,d_PJM_LMP,1.0,2023-10-31,2024-07-16,140.0,0.095496104098417,0.0235805917102151,0.0195288480677064,0.0626382878456279,3.682527107531954,,,,,,87,regime_specific_spillover_event
2023-11-20,dlog_SOLVPN__dlog_COPPER,X_to_SOLVPN,segment-only,dlog_SOLVPN,dlog_COPPER,1.0,2023-10-31,2024-07-16,140.0,0.0793675117187339,0.0374271569844901,0.0172158569086287,0.0718588708017477,2.436146800989201,,,,,,88,regime_specific_spillover_event
2023-12-05,dlog_SOLVPN__d_UST10Y,X_to_SOLVPN,common,dlog_SOLVPN,d_UST10Y,1.0,2023-10-31,2024-07-16,140.0,0.2147293400958114,0.108280228862756,0.0361289425483393,0.1805381139594348,2.946366644709564,0.2147293400958114,0.0669126158511119,0.043032630491725,0.152977876834562,3.434991599528729,89,robust_spillover_event
2023-12-05,dlog_SOLVPN__dlog_SILVER,PairwiseNet_SOLVPN_to_X,common,dlog_SOLVPN,dlog_SILVER,1.0,2023-10-31,2024-07-16,140.0,0.0978431348733464,0.0123912045052142,0.0416167954681157,0.0956247954414457,2.053303946326196,0.0978431348733464,-0.0033429527878443,0.0378966824435056,0.0724504120991669,2.670051337924728,90,robust_spillover_event
2023-12-07,dlog_SOLVPN__dlog_SILVER,SOLVPN_to_X,common,dlog_SOLVPN,dlog_SILVER,1.0,2023-10-31,2024-07-16,140.0,0.1469586890746214,0.0699037644998934,0.0327971593687978,0.1354980832374891,2.3494389775730253,0.1469586890746214,0.0694301400561515,0.0373295846798629,0.1440893094158775,2.0768661018693764,91,robust_spillover_event
2023-12-21,dlog_SOLVPN__dlog_SILVER,SOLVPN_to_X,segment-only,dlog_SOLVPN,dlog_SILVER,1.0,2023-10-31,2024-07-16,140.0,0.1397192938501434,0.0699037644998934,0.0327971593687978,0.1354980832374891,2.128706592091945,,,,,,92,regime_specific_spillover_event
2024-01-16,dlog_SOLVPN__dlog_GAS,X_to_SOLVPN,common,dlog_SOLVPN,dlog_GAS,1.0,2023-10-31,2024-07-16,140.0,0.4812721722101756,0.0445038959877345,0.0597239818267755,0.1639518596412857,7.313113808942796,0.4812721722101756,0.0384324346006871,0.050308822545497,0.1390500796916813,8.802426993973146,93,robust_spillover_event
2024-01-16,dlog_SOLVPN__dlog_SILVER,X_to_SOLVPN,common,dlog_SOLVPN,dlog_SILVER,1.0,2023-10-31,2024-07-16,140.0,0.1917635812728997,0.0575125599946791,0.0307070343173739,0.1189266286294271,4.37199567664734,0.1917635812728997,0.0727730928439958,0.0437836257386066,0.1603403443212091,2.717693804969258,94,robust_spillover_event
2024-01-17,dlog_SOLVPN__d_UST10Y,PairwiseNet_SOLVPN_to_X,segment-only,dlog_SOLVPN,d_UST10Y,1.0,2023-10-31,2024-07-16,140.0,0.0959091602942304,0.0181799939671707,0.0376793848919425,0.0935387637510558,2.0629096401114952,,,,,,95,regime_specific_spillover_event
2024-01-17,dlog_SOLVPN__dlog_DXY,X_to_SOLVPN,common,dlog_SOLVPN,dlog_DXY,1.0,2023-10-31,2024-07-16,140.0,0.2368256460552942,0.1262076446277507,0.0444535671870426,0.215114779001836,2.4883942600625875,0.2368256460552942,0.07042048888735,0.0484692666236787,0.1673590221347075,3.433209717405751,96,robust_spillover_event
2024-01-17,dlog_SOLVPN__dlog_GOLD,PairwiseNet_SOLVPN_to_X,common,dlog_SOLVPN,dlog_GOLD,1.0,2023-10-31,2024-07-16,140.0,0.1123347022543512,0.0191562869063341,0.0395632776840019,0.0982828422743379,2.355174313216607,0.1123347022543512,0.0063910085503656,0.0384315142805271,0.0832540371114199,2.756687986079856,97,robust_spillover_event
2024-01-25,dlog_SOLVPN__dlog_DXY,X_to_SOLVPN,common,dlog_SOLVPN,dlog_DXY,1.0,2023-10-31,2024-07-16,140.0,0.2714487083177325,0.1262076446277507,0.0444535671870426,0.215114779001836,3.2672532910321035,0.2714487083177325,0.07042048888735,0.0484692666236787,0.1673590221347075,4.147539945078802,98,robust_spillover_event
2024-02-01,dlog_SOLVPN__dlog_GAS,X_to_SOLVPN,common,dlog_SOLVPN,dlog_GAS,1.0,2023-10-31,2024-07-16,140.0,0.1886269154729161,0.0445038959877345,0.0597239818267755,0.1639518596412857,2.413151552808356,0.1886269154729161,0.0384324346006871,0.050308822545497,0.1390500796916813,2.985450131264744,99,robust_spillover_event
2024-02-13,dlog_SOLVPN__dlog_COPPER,PairwiseNet_SOLVPN_to_X,segment-only,dlog_SOLVPN,dlog_COPPER,1.0,2023-10-31,2024-07-16,140.0,0.0888118365852367,0.0175374466357938,0.0270759574103576,0.071689361456509,2.6323866916032914,,,,,,100,regime_specific_spillover_event
2024-02-14,dlog_SOLVPN__d_UST10Y,PairwiseNet_SOLVPN_to_X,common,dlog_SOLVPN,d_UST10Y,1.0,2023-10-31,2024-07-16,140.0,0.1175650511654601,0.0181799939671707,0.0376793848919425,0.0935387637510558,2.637650733506059,0.1175650511654601,0.0197782134885886,0.040950287086662,0.1016787876619127,2.3879402229812867,101,robust_spillover_event
2024-02-14,dlog_SOLVPN__dlog_OIL,X_to_SOLVPN,segment-only,dlog_SOLVPN,dlog_OIL,1.0,2023-10-31,2024-07-16,140.0,0.0957125349091407,0.030125094888669,0.0207383376264182,0.0716017701415054,3.162618007381697,,,,,,102,regime_specific_spillover_event
2024-02-15,dlog_SOLVPN__dlog_SILVER,X_to_SOLVPN,segment-only,dlog_SOLVPN,dlog_SILVER,1.0,2023-10-31,2024-07-16,140.0,0.1287758199891572,0.0575125599946791,0.0307070343173739,0.1189266286294271,2.3207470724112715,,,,,,103,regime_specific_spillover_event
2024-03-04,dlog_SOLVPN__dlog_GOLD,PairwiseNet_SOLVPN_to_X,common,dlog_SOLVPN,dlog_GOLD,1.0,2023-10-31,2024-07-16,140.0,0.09961514386215,0.0191562869063341,0.0395632776840019,0.0982828422743379,2.033675207561251,0.09961514386215,0.0063910085503656,0.0384315142805271,0.0832540371114199,2.425721105634919,104,robust_spillover_event
2024-03-04,dlog_SOLVPN__dlog_GOLD,SOLVPN_to_X,common,dlog_SOLVPN,dlog_GOLD,1.0,2023-10-31,2024-07-16,140.0,0.1783849909075604,0.0673622791369517,0.0312232184191641,0.12980871597528,3.555774112718157,0.1783849909075604,0.0696646460044039,0.0425188373779857,0.1547023207603753,2.556992420480595,105,robust_spillover_event
2024-03-04,dlog_SOLVPN__dlog_SILVER,X_to_SOLVPN,segment-only,dlog_SOLVPN,dlog_SILVER,1.0,2023-10-31,2024-07-16,140.0,0.144894438258479,0.0575125599946791,0.0307070343173739,0.1189266286294271,2.8456632236334,,,,,,106,regime_specific_spillover_event
2024-03-14,dlog_SOLVPN__dlog_GOLD,PairwiseNet_SOLVPN_to_X,common,dlog_SOLVPN,dlog_GOLD,1.0,2023-10-31,2024-07-16,140.0,0.1146948862515703,0.0191562869063341,0.0395632776840019,0.0982828422743379,2.4148302400098887,0.1146948862515703,0.0063910085503656,0.0384315142805271,0.0832540371114199,2.8181007105432005,107,robust_spillover_event
2024-03-14,dlog_SOLVPN__dlog_GOLD,SOLVPN_to_X,segment-only,dlog_SOLVPN,dlog_GOLD,1.0,2023-10-31,2024-07-16,140.0,0.1444911168365962,0.0673622791369517,0.0312232184191641,0.12980871597528,2.4702398280730864,,,,,,108,regime_specific_spillover_event
2024-03-19,dlog_SOLVPN__d_PJM_LMP,X_to_SOLVPN,segment-only,dlog_SOLVPN,d_PJM_LMP,1.0,2023-10-31,2024-07-16,140.0,0.0753823375520532,0.0235805917102151,0.0195288480677064,0.0626382878456279,2.652575598020003,,,,,,109,regime_specific_spillover_event
2024-04-08,dlog_SOLVPN__dlog_COPPER,X_to_SOLVPN,segment-only,dlog_SOLVPN,dlog_COPPER,1.0,2023-10-31,2024-07-16,140.0,0.0900550905006372,0.0374271569844901,0.0172158569086287,0.0718588708017477,3.056945337979045,,,,,,110,regime_specific_spillover_event
2024-04-11,dlog_SOLVPN__d_VIX,PairwiseNet_SOLVPN_to_X,common,dlog_SOLVPN,d_VIX,1.0,2023-10-31,2024-07-16,140.0,0.1293683152150097,0.0417465584334517,0.0341350889894032,0.1100167364122583,2.566911626003342,0.1293683152150097,0.0208375528513604,0.0416756874936585,0.1041889278386774,2.6041744933461173,111,robust_spillover_event
2024-04-16,dlog_SOLVPN__d_PJM_LMP,X_to_SOLVPN,segment-only,dlog_SOLVPN,d_PJM_LMP,1.0,2023-10-31,2024-07-16,140.0,0.0902128682305664,0.0235805917102151,0.0195288480677064,0.0626382878456279,3.4119921609988264,,,,,,112,regime_specific_spillover_event
2024-04-17,dlog_SOLVPN__dlog_OIL,PairwiseNet_SOLVPN_to_X,segment-only,dlog_SOLVPN,dlog_OIL,1.0,2023-10-31,2024-07-16,140.0,0.1211815079943581,0.037659608993604,0.037852467020776,0.1133645430351561,2.2065113736156614,,,,,,113,regime_specific_spillover_event
2024-04-30,dlog_SOLVPN__d_PJM_LMP,X_to_SOLVPN,segment-only,dlog_SOLVPN,d_PJM_LMP,1.0,2023-10-31,2024-07-16,140.0,0.0824402387253674,0.0235805917102151,0.0195288480677064,0.0626382878456279,3.0139845837852928,,,,,,114,regime_specific_spillover_event
2024-04-30,dlog_SOLVPN__d_UST10Y,PairwiseNet_SOLVPN_to_X,common,dlog_SOLVPN,d_UST10Y,1.0,2023-10-31,2024-07-16,140.0,0.1092545968876917,0.0181799939671707,0.0376793848919425,0.0935387637510558,2.417093675539183,0.1092545968876917,0.0197782134885886,0.040950287086662,0.1016787876619127,2.1850001493212123,115,robust_spillover_event
2024-04-30,dlog_SOLVPN__d_VIX,PairwiseNet_SOLVPN_to_X,common,dlog_SOLVPN,d_VIX,1.0,2023-10-31,2024-07-16,140.0,0.125143296436754,0.0417465584334517,0.0341350889894032,0.1100167364122583,2.443138145302376,0.125143296436754,0.0208375528513604,0.0416756874936585,0.1041889278386774,2.502795991098288,116,robust_spillover_event
2024-04-30,dlog_SOLVPN__dlog_DXY,PairwiseNet_SOLVPN_to_X,segment-only,dlog_SOLVPN,dlog_DXY,1.0,2023-10-31,2024-07-16,140.0,0.0755954574028669,-0.0049153024851951,0.0323780766901,0.059840850895005,2.486582531095155,,,,,,117,regime_specific_spillover_event
2024-04-30,dlog_SOLVPN__dlog_GOLD,X_to_SOLVPN,segment-only,dlog_SOLVPN,dlog_GOLD,1.0,2023-10-31,2024-07-16,140.0,0.118371165287057,0.0482059922306176,0.025314100211593,0.0988341926538036,2.771782226899223,,,,,,118,regime_specific_spillover_event
2024-05-01,dlog_SOLVPN__dlog_OIL,X_to_SOLVPN,segment-only,dlog_SOLVPN,dlog_OIL,1.0,2023-10-31,2024-07-16,140.0,0.0949277151393345,0.030125094888669,0.0207383376264182,0.0716017701415054,3.124774098002656,,,,,,119,regime_specific_spillover_event
2024-05-02,dlog_SOLVPN__d_VIX,SOLVPN_to_X,common,dlog_SOLVPN,d_VIX,1.0,2023-10-31,2024-07-16,140.0,0.2792569993621136,0.1806369297449856,0.0405799576080566,0.2617968449610988,2.430265466752195,0.2792569993621136,0.1703312557204222,0.0489825198880224,0.2682962954964671,2.2237676601919096,120,robust_spillover_event
2024-05-07,dlog_SOLVPN__d_VIX,X_to_SOLVPN,segment-only,dlog_SOLVPN,d_VIX,1.0,2023-10-31,2024-07-16,140.0,0.2029501954479728,0.1388903713115338,0.0309894975189704,0.2008693663494748,2.0671462677710157,,,,,,121,regime_specific_spillover_event
2024-05-23,dlog_SOLVPN__dlog_OIL,PairwiseNet_SOLVPN_to_X,segment-only,dlog_SOLVPN,dlog_OIL,1.0,2023-10-31,2024-07-16,140.0,0.1207486899798146,0.037659608993604,0.037852467020776,0.1133645430351561,2.195077032643753,,,,,,122,regime_specific_spillover_event
2024-05-23,dlog_SOLVPN__dlog_OIL,SOLVPN_to_X,segment-only,dlog_SOLVPN,dlog_OIL,1.0,2023-10-31,2024-07-16,140.0,0.1713425525576027,0.0677847038822731,0.0416566652974721,0.1510980344772173,2.485985086319761,,,,,,123,regime_specific_spillover_event
2024-06-11,dlog_SOLVPN__dlog_COPPER,PairwiseNet_SOLVPN_to_X,segment-only,dlog_SOLVPN,dlog_COPPER,1.0,2023-10-31,2024-07-16,140.0,0.0878535587574598,0.0175374466357938,0.0270759574103576,0.071689361456509,2.596994486878876,,,,,,124,regime_specific_spillover_event
2024-06-11,dlog_SOLVPN__dlog_COPPER,SOLVPN_to_X,segment-only,dlog_SOLVPN,dlog_COPPER,1.0,2023-10-31,2024-07-16,140.0,0.1177398203223603,0.054964603620284,0.0223189522891549,0.0996025081985939,2.812641735543276,,,,,,125,regime_specific_spillover_event
2024-06-18,dlog_SOLVPN__dlog_GAS,SOLVPN_to_X,segment-only,dlog_SOLVPN,dlog_GAS,1.0,2023-10-31,2024-07-16,140.0,0.1039142948783159,0.0445690995562844,0.0259126327472688,0.0963943650508221,2.290203234107365,,,,,,126,regime_specific_spillover_event
2024-06-27,dlog_SOLVPN__d_PJM_LMP,PairwiseNet_SOLVPN_to_X,common,dlog_SOLVPN,d_PJM_LMP,1.0,2023-10-31,2024-07-16,140.0,0.1715454846093533,0.0393936686344168,0.0629325067814155,0.1652586821972479,2.0998975367998827,0.1715454846093533,0.0153633257842961,0.0497434444647052,0.1148502147137066,3.1397535998110047,127,robust_spillover_event
2024-06-27,dlog_SOLVPN__d_PJM_LMP,SOLVPN_to_X,common,dlog_SOLVPN,d_PJM_LMP,1.0,2023-10-31,2024-07-16,140.0,0.1849774585641343,0.0629742603446319,0.0518907538729594,0.1667557680905508,2.351154861195396,0.1849774585641343,0.0568545385802778,0.0407936731790799,0.1384418849384378,3.14075468079107,128,robust_spillover_event
2024-07-08,dlog_SOLVPN__dlog_COPPER,X_to_SOLVPN,segment-only,dlog_SOLVPN,dlog_COPPER,1.0,2023-10-31,2024-07-16,140.0,0.0785984119884857,0.0374271569844901,0.0172158569086287,0.0718588708017477,2.391472885869544,,,,,,129,regime_specific_spillover_event
2024-07-10,dlog_SOLVPN__d_PJM_LMP,PairwiseNet_SOLVPN_to_X,common,dlog_SOLVPN,d_PJM_LMP,1.0,2023-10-31,2024-07-16,140.0,0.1996513843583054,0.0393936686344168,0.0629325067814155,0.1652586821972479,2.5465013856910885,0.1996513843583054,0.0153633257842961,0.0497434444647052,0.1148502147137066,3.704770760391716,130,robust_spillover_event
2024-07-10,dlog_SOLVPN__d_PJM_LMP,SOLVPN_to_X,common,dlog_SOLVPN,d_PJM_LMP,1.0,2023-10-31,2024-07-16,140.0,0.2190247223402703,0.0629742603446319,0.0518907538729594,0.1667557680905508,3.007288396265853,0.2190247223402703,0.0568545385802778,0.0407936731790799,0.1384418849384378,3.9753758639993584,131,robust_spillover_event
2024-07-11,dlog_SOLVPN__dlog_GOLD,X_to_SOLVPN,segment-only,dlog_SOLVPN,dlog_GOLD,1.0,2023-10-31,2024-07-16,140.0,0.0990779369737288,0.0482059922306176,0.025314100211593,0.0988341926538036,2.0096287965160826,,,,,,132,regime_specific_spillover_event
2024-07-25,dlog_SOLVPN__dlog_GOLD,PairwiseNet_SOLVPN_to_X,segment-only,dlog_SOLVPN,dlog_GOLD,2.0,2024-07-17,2025-04-15,145.0,0.077856352503208,0.0116907107912716,0.0271277181002664,0.0659461469918046,2.439041922633607,,,,,,133,regime_specific_spillover_event
2024-07-25,dlog_SOLVPN__dlog_OIL,X_to_SOLVPN,common,dlog_SOLVPN,dlog_OIL,2.0,2024-07-17,2025-04-15,145.0,0.1291406051303887,0.0346509653383525,0.0368715948922793,0.1083941551229112,2.562667551216277,0.1291406051303887,0.0447574957959284,0.0390302506274047,0.1228179970507379,2.161992505249541,134,robust_spillover_event
2024-08-05,dlog_SOLVPN__d_VIX,X_to_SOLVPN,common,dlog_SOLVPN,d_VIX,2.0,2024-07-17,2025-04-15,145.0,0.3488860517197966,0.1511805772920967,0.0530825375895723,0.2573456524712414,3.7244917708406167,0.3488860517197966,0.1494937028690617,0.047860099895717,0.2452139026604958,4.166149867743553,135,robust_spillover_event
2024-09-03,dlog_SOLVPN__d_PJM_LMP,PairwiseNet_SOLVPN_to_X,segment-only,dlog_SOLVPN,d_PJM_LMP,2.0,2024-07-17,2025-04-15,145.0,0.1143127756487628,0.0196723246108589,0.035078567199959,0.089829459010777,2.697956575547199,,,,,,136,regime_specific_spillover_event
2024-09-03,dlog_SOLVPN__d_PJM_LMP,SOLVPN_to_X,common,dlog_SOLVPN,d_PJM_LMP,2.0,2024-07-17,2025-04-15,145.0,0.153225308248281,0.0612467450234255,0.0357467260749075,0.1327401971732406,2.573062580111916,0.153225308248281,0.0568545385802778,0.0407936731790799,0.1384418849384378,2.3623950028953167,137,robust_spillover_event
2024-09-30,dlog_SOLVPN__dlog_DXY,PairwiseNet_SOLVPN_to_X,common,dlog_SOLVPN,dlog_DXY,2.0,2024-07-17,2025-04-15,145.0,0.1132662647741485,0.0252924863102264,0.0378533420337592,0.1009991703777449,2.324068991991864,0.1132662647741485,0.0084017862564892,0.0380321460633567,0.0844660783832027,2.757259039312911,138,robust_spillover_event
2024-11-12,dlog_SOLVPN__d_UST10Y,PairwiseNet_SOLVPN_to_X,common,dlog_SOLVPN,d_UST10Y,2.0,2024-07-17,2025-04-15,145.0,0.1447981325668959,0.0235583299240165,0.0440402803662833,0.1116388906565832,2.752929854999264,0.1447981325668959,0.0197782134885886,0.040950287086662,0.1016787876619127,3.052968073550517,139,robust_spillover_event
2024-11-12,dlog_SOLVPN__dlog_COPPER,SOLVPN_to_X,common,dlog_SOLVPN,dlog_COPPER,2.0,2024-07-17,2025-04-15,145.0,0.1947460490081969,0.0952153224878034,0.049750414711138,0.1947161519100795,2.000600941686436,0.1947460490081969,0.0732149438546409,0.0447852154414384,0.1627853747375177,2.7136434190535765,140,robust_spillover_event
2024-11-12,dlog_SOLVPN__dlog_COPPER,X_to_SOLVPN,common,dlog_SOLVPN,dlog_COPPER,2.0,2024-07-17,2025-04-15,145.0,0.2301677270890111,0.1013432695543463,0.0493817758274949,0.2001068212093362,2.6087449342584685,0.2301677270890111,0.0673432389292038,0.0448469049991232,0.1570370489274503,3.6306739152454415,141,robust_spillover_event
2024-11-12,dlog_SOLVPN__dlog_DXY,SOLVPN_to_X,common,dlog_SOLVPN,dlog_DXY,2.0,2024-07-17,2025-04-15,145.0,0.1820521214721847,0.0904877117739367,0.0432850974094378,0.1770579065928124,2.1153795458083766,0.1820521214721847,0.0788222751438392,0.0450415130735568,0.1689053012909529,2.291882294446056,142,robust_spillover_event
2024-11-12,dlog_SOLVPN__dlog_GAS,SOLVPN_to_X,common,dlog_SOLVPN,dlog_GAS,2.0,2024-07-17,2025-04-15,145.0,0.2021805279467981,0.0658828259972246,0.0439548559895255,0.1537925379762758,3.100856523840122,0.2021805279467981,0.0547191464608903,0.0362514249623932,0.1272219963856767,4.067740278868552,143,robust_spillover_event
2024-11-12,dlog_SOLVPN__dlog_GOLD,PairwiseNet_SOLVPN_to_X,segment-only,dlog_SOLVPN,dlog_GOLD,2.0,2024-07-17,2025-04-15,145.0,0.0818472170345041,0.0116907107912716,0.0271277181002664,0.0659461469918046,2.5861558271848644,,,,,,144,regime_specific_spillover_event
2024-11-12,dlog_SOLVPN__dlog_SILVER,PairwiseNet_SOLVPN_to_X,segment-only,dlog_SOLVPN,dlog_SILVER,2.0,2024-07-17,2025-04-15,145.0,0.0693240260988092,-0.0097506254211045,0.0382532793414254,0.0667559332617463,2.067133926326725,,,,,,145,regime_specific_spillover_event
2024-11-20,dlog_SOLVPN__dlog_COPPER,SOLVPN_to_X,common,dlog_SOLVPN,dlog_COPPER,2.0,2024-07-17,2025-04-15,145.0,0.2106663966747463,0.0952153224878034,0.049750414711138,0.1947161519100795,2.3206052624340425,0.2106663966747463,0.0732149438546409,0.0447852154414384,0.1627853747375177,3.069125635888439,146,robust_spillover_event
2024-12-02,dlog_SOLVPN__dlog_DXY,X_to_SOLVPN,segment-only,dlog_SOLVPN,dlog_DXY,2.0,2024-07-17,2025-04-15,145.0,0.1660398922492809,0.0651952254637103,0.0344633275946578,0.1341218806530261,2.926144218331442,,,,,,147,regime_specific_spillover_event
2024-12-10,dlog_SOLVPN__dlog_COPPER,X_to_SOLVPN,common,dlog_SOLVPN,dlog_COPPER,2.0,2024-07-17,2025-04-15,145.0,0.2016585037447942,0.1013432695543463,0.0493817758274949,0.2001068212093362,2.031422169605209,0.2016585037447942,0.0673432389292038,0.0448469049991232,0.1570370489274503,2.994972893184405,148,robust_spillover_event
2024-12-18,dlog_SOLVPN__d_PJM_LMP,PairwiseNet_SOLVPN_to_X,common,dlog_SOLVPN,d_PJM_LMP,2.0,2024-07-17,2025-04-15,145.0,0.1713560427735518,0.0196723246108589,0.035078567199959,0.089829459010777,4.324113847012255,0.1713560427735518,0.0153633257842961,0.0497434444647052,0.1148502147137066,3.135945221886234,149,robust_spillover_event
2024-12-18,dlog_SOLVPN__d_PJM_LMP,SOLVPN_to_X,common,dlog_SOLVPN,d_PJM_LMP,2.0,2024-07-17,2025-04-15,145.0,0.1808804121572896,0.0612467450234255,0.0357467260749075,0.1327401971732406,3.346702768896116,0.1808804121572896,0.0568545385802778,0.0407936731790799,0.1384418849384378,3.040321302584133,150,robust_spillover_event
2024-12-18,dlog_SOLVPN__d_UST10Y,PairwiseNet_SOLVPN_to_X,common,dlog_SOLVPN,d_UST10Y,2.0,2024-07-17,2025-04-15,145.0,0.1682837408188446,0.0235583299240165,0.0440402803662833,0.1116388906565832,3.286205484868527,0.1682837408188446,0.0197782134885886,0.040950287086662,0.1016787876619127,3.626483179860925,151,robust_spillover_event
2024-12-18,dlog_SOLVPN__d_UST10Y,SOLVPN_to_X,common,dlog_SOLVPN,d_UST10Y,2.0,2024-07-17,2025-04-15,145.0,0.2443496482974536,0.0824589510282395,0.049528394805831,0.1815157406399016,3.2686441364369534,0.2443496482974536,0.0866908293397005,0.0496353089748894,0.1859614472894794,3.1763440626009376,152,robust_spillover_event
2024-12-18,dlog_SOLVPN__d_VIX,SOLVPN_to_X,segment-only,dlog_SOLVPN,d_VIX,2.0,2024-07-17,2025-04-15,145.0,0.2672246999289202,0.174958671627809,0.0315741483845739,0.2381069683969568,2.92220164348722,,,,,,153,regime_specific_spillover_event
2024-12-18,dlog_SOLVPN__d_VIX,X_to_SOLVPN,common,dlog_SOLVPN,d_VIX,2.0,2024-07-17,2025-04-15,145.0,0.2748097722409105,0.1511805772920967,0.0530825375895723,0.2573456524712414,2.3289993388164585,0.2748097722409105,0.1494937028690617,0.047860099895717,0.2452139026604958,2.6183829462308155,154,robust_spillover_event
2024-12-18,dlog_SOLVPN__dlog_GAS,PairwiseNet_SOLVPN_to_X,common,dlog_SOLVPN,dlog_GAS,2.0,2024-07-17,2025-04-15,145.0,0.2233722892152634,0.0051110954822048,0.0929934044930473,0.1910979044682995,2.3470610084974037,0.2233722892152634,0.0162867118602032,0.0635626376536368,0.1434119871674769,3.257976462265509,155,robust_spillover_event
2024-12-18,dlog_SOLVPN__dlog_GAS,SOLVPN_to_X,common,dlog_SOLVPN,dlog_GAS,2.0,2024-07-17,2025-04-15,145.0,0.2331713839075648,0.0658828259972246,0.0439548559895255,0.1537925379762758,3.805917552094925,0.2331713839075648,0.0547191464608903,0.0362514249623932,0.1272219963856767,4.92262683830494,156,robust_spillover_event
2024-12-18,dlog_SOLVPN__dlog_OIL,PairwiseNet_SOLVPN_to_X,common,dlog_SOLVPN,dlog_OIL,2.0,2024-07-17,2025-04-15,145.0,0.166733600647705,0.0289508964645039,0.0512762341509813,0.1315033647664666,2.687067536541471,0.166733600647705,0.0269127266249518,0.0577597099364378,0.1424321464978274,2.420733659788464,157,robust_spillover_event
2024-12-18,dlog_SOLVPN__dlog_OIL,SOLVPN_to_X,common,dlog_SOLVPN,dlog_OIL,2.0,2024-07-17,2025-04-15,145.0,0.1871913422126059,0.0636018618028566,0.0380699351136488,0.1397417320301542,3.246380117034665,0.1871913422126059,0.0716702224208802,0.0506576640442808,0.1729855505094419,2.2804272950830584,158,robust_spillover_event
2024-12-18,dlog_SOLVPN__dlog_SILVER,PairwiseNet_SOLVPN_to_X,common,dlog_SOLVPN,dlog_SILVER,2.0,2024-07-17,2025-04-15,145.0,0.1411313507477758,-0.0097506254211045,0.0382532793414254,0.0667559332617463,3.9442886666578247,0.1411313507477758,-0.0033429527878443,0.0378966824435056,0.0724504120991669,3.812320610148257,159,robust_spillover_event
2024-12-18,dlog_SOLVPN__dlog_SILVER,SOLVPN_to_X,common,dlog_SOLVPN,dlog_SILVER,2.0,2024-07-17,2025-04-15,145.0,0.2158430399513659,0.0741114018401647,0.0438257660928872,0.1617629340259392,3.2339797052447565,0.2158430399513659,0.0694301400561515,0.0373295846798629,0.1440893094158775,3.922167930633184,160,robust_spillover_event
2025-01-02,dlog_SOLVPN__dlog_DXY,X_to_SOLVPN,segment-only,dlog_SOLVPN,dlog_DXY,2.0,2024-07-17,2025-04-15,145.0,0.1367527455391799,0.0651952254637103,0.0344633275946578,0.1341218806530261,2.076338098198085,,,,,,161,regime_specific_spillover_event
2025-01-06,dlog_SOLVPN__d_VIX,SOLVPN_to_X,segment-only,dlog_SOLVPN,d_VIX,2.0,2024-07-17,2025-04-15,145.0,0.2488875370153938,0.174958671627809,0.0315741483845739,0.2381069683969568,2.3414365602875318,,,,,,162,regime_specific_spillover_event
2025-01-16,dlog_SOLVPN__dlog_OIL,X_to_SOLVPN,common,dlog_SOLVPN,dlog_OIL,2.0,2024-07-17,2025-04-15,145.0,0.2278284377006901,0.0346509653383525,0.0368715948922793,0.1083941551229112,5.239194912145977,0.2278284377006901,0.0447574957959284,0.0390302506274047,0.1228179970507379,4.690488504734839,163,robust_spillover_event
2025-01-21,dlog_SOLVPN__d_UST10Y,SOLVPN_to_X,common,dlog_SOLVPN,d_UST10Y,2.0,2024-07-17,2025-04-15,145.0,0.2305557522325446,0.0824589510282395,0.049528394805831,0.1815157406399016,2.990139328861704,0.2305557522325446,0.0866908293397005,0.0496353089748894,0.1859614472894794,2.8984391527737965,164,robust_spillover_event
2025-01-21,dlog_SOLVPN__dlog_DXY,SOLVPN_to_X,common,dlog_SOLVPN,dlog_DXY,2.0,2024-07-17,2025-04-15,145.0,0.1869364778811853,0.0904877117739367,0.0432850974094378,0.1770579065928124,2.228221070982711,0.1869364778811853,0.0788222751438392,0.0450415130735568,0.1689053012909529,2.4003235095762845,165,robust_spillover_event
2025-01-21,dlog_SOLVPN__dlog_DXY,X_to_SOLVPN,segment-only,dlog_SOLVPN,dlog_DXY,2.0,2024-07-17,2025-04-15,145.0,0.1341861448602809,0.0651952254637103,0.0344633275946578,0.1341218806530261,2.001864712775582,,,,,,166,regime_specific_spillover_event
2025-01-21,dlog_SOLVPN__dlog_GAS,SOLVPN_to_X,common,dlog_SOLVPN,dlog_GAS,2.0,2024-07-17,2025-04-15,145.0,0.2209442816280868,0.0658828259972246,0.0439548559895255,0.1537925379762758,3.5277434572374253,0.2209442816280868,0.0547191464608903,0.0362514249623932,0.1272219963856767,4.585340723561526,167,robust_spillover_event
2025-01-22,dlog_SOLVPN__d_UST10Y,X_to_SOLVPN,segment-only,dlog_SOLVPN,d_UST10Y,2.0,2024-07-17,2025-04-15,145.0,0.1419829529567565,0.0589006211042229,0.0275753515473698,0.1140513241989627,3.0129201330330027,,,,,,168,regime_specific_spillover_event
2025-01-27,dlog_SOLVPN__d_PJM_LMP,SOLVPN_to_X,common,dlog_SOLVPN,d_PJM_LMP,2.0,2024-07-17,2025-04-15,145.0,0.2118453958663794,0.0612467450234255,0.0357467260749075,0.1327401971732406,4.21293548750096,0.2118453958663794,0.0568545385802778,0.0407936731790799,0.1384418849384378,3.799384689035183,169,robust_spillover_event
2025-01-27,dlog_SOLVPN__d_UST10Y,PairwiseNet_SOLVPN_to_X,common,dlog_SOLVPN,d_UST10Y,2.0,2024-07-17,2025-04-15,145.0,0.1394029549210388,0.0235583299240165,0.0440402803662833,0.1116388906565832,2.630424330488854,0.1394029549210388,0.0197782134885886,0.040950287086662,0.1016787876619127,2.921218627339326,170,robust_spillover_event
2025-01-27,dlog_SOLVPN__dlog_OIL,SOLVPN_to_X,segment-only,dlog_SOLVPN,dlog_OIL,2.0,2024-07-17,2025-04-15,145.0,0.1486419333303092,0.0636018618028566,0.0380699351136488,0.1397417320301542,2.2337855652652303,,,,,,171,regime_specific_spillover_event
2025-01-28,dlog_SOLVPN__d_PJM_LMP,X_to_SOLVPN,common,dlog_SOLVPN,d_PJM_LMP,2.0,2024-07-17,2025-04-15,145.0,0.1396835036314859,0.0415744204125666,0.034193044761731,0.1099605099360288,2.8692701659819164,0.1396835036314859,0.0414912127959817,0.0367283620865933,0.1149479369691684,2.673473175961377,172,robust_spillover_event
2025-02-18,dlog_SOLVPN__dlog_GAS,X_to_SOLVPN,common,dlog_SOLVPN,dlog_GAS,2.0,2024-07-17,2025-04-15,145.0,0.2294227887927943,0.0607717305150198,0.0712456493225548,0.2032630291601295,2.3671769417698765,0.2294227887927943,0.0384324346006871,0.050308822545497,0.1390500796916813,3.7963590584809226,173,robust_spillover_event
2025-02-24,dlog_SOLVPN__d_PJM_LMP,X_to_SOLVPN,common,dlog_SOLVPN,d_PJM_LMP,2.0,2024-07-17,2025-04-15,145.0,0.1510497391060458,0.0415744204125666,0.034193044761731,0.1099605099360288,3.2016838353045447,0.1510497391060458,0.0414912127959817,0.0367283620865933,0.1149479369691684,2.982940705380796,174,robust_spillover_event
2025-02-26,dlog_SOLVPN__dlog_GAS,X_to_SOLVPN,common,dlog_SOLVPN,dlog_GAS,2.0,2024-07-17,2025-04-15,145.0,0.2895907538020329,0.0607717305150198,0.0712456493225548,0.2032630291601295,3.211691176412282,0.2895907538020329,0.0384324346006871,0.050308822545497,0.1390500796916813,4.992331493630351,175,robust_spillover_event
2025-03-04,dlog_SOLVPN__dlog_DXY,PairwiseNet_SOLVPN_to_X,common,dlog_SOLVPN,dlog_DXY,2.0,2024-07-17,2025-04-15,145.0,0.1297078807333918,0.0252924863102264,0.0378533420337592,0.1009991703777449,2.75841943704847,0.1297078807333918,0.0084017862564892,0.0380321460633567,0.0844660783832027,3.189567432635066,176,robust_spillover_event
2025-03-13,dlog_SOLVPN__dlog_GAS,X_to_SOLVPN,common,dlog_SOLVPN,dlog_GAS,2.0,2024-07-17,2025-04-15,145.0,0.2195861719933428,0.0607717305150198,0.0712456493225548,0.2032630291601295,2.2291107315102505,0.2195861719933428,0.0384324346006871,0.050308822545497,0.1390500796916813,3.600834371125029,177,robust_spillover_event
2025-04-07,dlog_SOLVPN__d_PJM_LMP,SOLVPN_to_X,common,dlog_SOLVPN,d_PJM_LMP,2.0,2024-07-17,2025-04-15,145.0,0.1461579857930587,0.0612467450234255,0.0357467260749075,0.1327401971732406,2.375357133173566,0.1461579857930587,0.0568545385802778,0.0407936731790799,0.1384418849384378,2.189149450228423,178,robust_spillover_event
2025-04-09,dlog_SOLVPN__d_PJM_LMP,PairwiseNet_SOLVPN_to_X,segment-only,dlog_SOLVPN,d_PJM_LMP,2.0,2024-07-17,2025-04-15,145.0,0.1067128596474256,0.0196723246108589,0.035078567199959,0.089829459010777,2.481302458575569,,,,,,179,regime_specific_spillover_event
2025-04-09,dlog_SOLVPN__d_UST10Y,PairwiseNet_SOLVPN_to_X,common,dlog_SOLVPN,d_UST10Y,2.0,2024-07-17,2025-04-15,145.0,0.1863445616732781,0.0235583299240165,0.0440402803662833,0.1116388906565832,3.6963032568223273,0.1863445616732781,0.0197782134885886,0.040950287086662,0.1016787876619127,4.067525774170749,180,robust_spillover_event
2025-04-09,dlog_SOLVPN__d_UST10Y,SOLVPN_to_X,common,dlog_SOLVPN,d_UST10Y,2.0,2024-07-17,2025-04-15,145.0,0.1948579005624158,0.0824589510282395,0.049528394805831,0.1815157406399016,2.269384056859105,0.1948579005624158,0.0866908293397005,0.0496353089748894,0.1859614472894794,2.179236383467204,181,robust_spillover_event
2025-04-09,dlog_SOLVPN__d_VIX,X_to_SOLVPN,common,dlog_SOLVPN,d_VIX,2.0,2024-07-17,2025-04-15,145.0,0.344420357889747,0.1511805772920967,0.0530825375895723,0.2573456524712414,3.640364409323392,0.344420357889747,0.1494937028690617,0.047860099895717,0.2452139026604958,4.072842627688059,182,robust_spillover_event
2025-04-09,dlog_SOLVPN__dlog_GOLD,PairwiseNet_SOLVPN_to_X,segment-only,dlog_SOLVPN,dlog_GOLD,2.0,2024-07-17,2025-04-15,145.0,0.0670099716217549,0.0116907107912716,0.0271277181002664,0.0659461469918046,2.0392154115587,,,,,,183,regime_specific_spillover_event
2025-04-09,dlog_SOLVPN__dlog_OIL,SOLVPN_to_X,common,dlog_SOLVPN,dlog_OIL,2.0,2024-07-17,2025-04-15,145.0,0.1866569236958749,0.0636018618028566,0.0380699351136488,0.1397417320301542,3.2323423070112,0.1866569236958749,0.0716702224208802,0.0506576640442808,0.1729855505094419,2.269877686710594,184,robust_spillover_event
2025-04-22,dlog_SOLVPN__dlog_DXY,PairwiseNet_SOLVPN_to_X,common,dlog_SOLVPN,dlog_DXY,3.0,2025-04-16,2026-01-06,141.0,0.1082936420634982,0.0170469797592097,0.0390961828248719,0.0952393454089535,2.3339020771674908,0.1082936420634982,0.0084017862564892,0.0380321460633567,0.0844660783832027,2.6265111529757434,185,robust_spillover_event
2025-04-22,dlog_SOLVPN__dlog_DXY,SOLVPN_to_X,segment-only,dlog_SOLVPN,dlog_DXY,3.0,2025-04-16,2026-01-06,141.0,0.1342272052709562,0.0480863013342484,0.0319107134068141,0.1119077281478767,2.6994352284933054,,,,,,186,regime_specific_spillover_event
2025-04-24,dlog_SOLVPN__dlog_GAS,X_to_SOLVPN,segment-only,dlog_SOLVPN,dlog_GAS,3.0,2025-04-16,2026-01-06,141.0,0.07506403541409,0.0245839004072843,0.0227152805048851,0.0700144614170546,2.222298553431881,,,,,,187,regime_specific_spillover_event
2025-04-29,dlog_SOLVPN__d_UST10Y,PairwiseNet_SOLVPN_to_X,common,dlog_SOLVPN,d_UST10Y,3.0,2025-04-16,2026-01-06,141.0,0.121803897378688,0.027911230753173,0.0459030919016806,0.1197174145565343,2.045454080231082,0.121803897378688,0.0197782134885886,0.040950287086662,0.1016787876619127,2.4914522253332443,188,robust_spillover_event
2025-04-30,dlog_SOLVPN__dlog_OIL,SOLVPN_to_X,common,dlog_SOLVPN,dlog_OIL,3.0,2025-04-16,2026-01-06,141.0,0.2253744735271365,0.102989685216794,0.0599552728703528,0.2229002309574996,2.04126813958444,0.2253744735271365,0.0716702224208802,0.0506576640442808,0.1729855505094419,3.034175657446432,189,robust_spillover_event
2025-05-06,dlog_SOLVPN__dlog_GOLD,PairwiseNet_SOLVPN_to_X,common,dlog_SOLVPN,dlog_GOLD,3.0,2025-04-16,2026-01-06,141.0,0.1060585128362313,0.0021118128593949,0.0491185211388945,0.1003488551371841,2.1162424593953424,0.1060585128362313,0.0063910085503656,0.0384315142805271,0.0832540371114199,2.5933795779773963,190,robust_spillover_event
2025-05-12,dlog_SOLVPN__dlog_OIL,PairwiseNet_SOLVPN_to_X,common,dlog_SOLVPN,dlog_OIL,3.0,2025-04-16,2026-01-06,141.0,0.2007066225766721,0.0283644349100473,0.0842057372084579,0.1967759093269633,2.04667987455508,0.2007066225766721,0.0269127266249518,0.0577597099364378,0.1424321464978274,3.0089122009610736,191,robust_spillover_event
2025-05-12,dlog_SOLVPN__dlog_OIL,SOLVPN_to_X,common,dlog_SOLVPN,dlog_OIL,3.0,2025-04-16,2026-01-06,141.0,0.2262071807093337,0.102989685216794,0.0599552728703528,0.2229002309574996,2.055156946061859,0.2262071807093337,0.0716702224208802,0.0506576640442808,0.1729855505094419,3.050613588367788,192,robust_spillover_event
2025-05-19,dlog_SOLVPN__d_UST10Y,PairwiseNet_SOLVPN_to_X,common,dlog_SOLVPN,d_UST10Y,3.0,2025-04-16,2026-01-06,141.0,0.1476104740460183,0.027911230753173,0.0459030919016806,0.1197174145565343,2.6076509954760314,0.1476104740460183,0.0197782134885886,0.040950287086662,0.1016787876619127,3.121645039677048,193,robust_spillover_event
2025-05-20,dlog_SOLVPN__d_UST10Y,SOLVPN_to_X,segment-only,dlog_SOLVPN,d_UST10Y,3.0,2025-04-16,2026-01-06,141.0,0.1642566816379103,0.0620531579914132,0.0432224975502764,0.1484981530919661,2.364590882968154,,,,,,194,regime_specific_spillover_event
2025-05-20,dlog_SOLVPN__dlog_OIL,PairwiseNet_SOLVPN_to_X,common,dlog_SOLVPN,dlog_OIL,3.0,2025-04-16,2026-01-06,141.0,0.2449718012710599,0.0283644349100473,0.0842057372084579,0.1967759093269633,2.572358767251022,0.2449718012710599,0.0269127266249518,0.0577597099364378,0.1424321464978274,3.775279946628421,195,robust_spillover_event
2025-05-20,dlog_SOLVPN__dlog_OIL,SOLVPN_to_X,common,dlog_SOLVPN,dlog_OIL,3.0,2025-04-16,2026-01-06,141.0,0.2653739676995465,0.102989685216794,0.0599552728703528,0.2229002309574996,2.7084237083515905,0.2653739676995465,0.0716702224208802,0.0506576640442808,0.1729855505094419,3.823779657691006,196,robust_spillover_event
2025-05-22,dlog_SOLVPN__dlog_SILVER,SOLVPN_to_X,common,dlog_SOLVPN,dlog_SILVER,3.0,2025-04-16,2026-01-06,141.0,0.1612269294940024,0.0702493332176787,0.038514869374028,0.1472790719657348,2.362142148083544,0.1612269294940024,0.0694301400561515,0.0373295846798629,0.1440893094158775,2.4590894922913407,197,robust_spillover_event
2025-05-27,dlog_SOLVPN__dlog_DXY,SOLVPN_to_X,segment-only,dlog_SOLVPN,dlog_DXY,3.0,2025-04-16,2026-01-06,141.0,0.1654458963110277,0.0480863013342484,0.0319107134068141,0.1119077281478767,3.677749020544257,,,,,,198,regime_specific_spillover_event
2025-05-28,dlog_SOLVPN__dlog_DXY,PairwiseNet_SOLVPN_to_X,common,dlog_SOLVPN,dlog_DXY,3.0,2025-04-16,2026-01-06,141.0,0.1517083075326835,0.0170469797592097,0.0390961828248719,0.0952393454089535,3.444359987180286,0.1517083075326835,0.0084017862564892,0.0380321460633567,0.0844660783832027,3.7680366771168754,199,robust_spillover_event
2025-06-18,dlog_SOLVPN__dlog_GAS,PairwiseNet_SOLVPN_to_X,segment-only,dlog_SOLVPN,dlog_GAS,3.0,2025-04-16,2026-01-06,141.0,0.0989235426582827,0.0212116161495074,0.0357951930824873,0.0928020023144821,2.171015709558933,,,,,,200,regime_specific_spillover_event
2025-06-18,dlog_SOLVPN__dlog_GAS,SOLVPN_to_X,segment-only,dlog_SOLVPN,dlog_GAS,3.0,2025-04-16,2026-01-06,141.0,0.1154434024317422,0.0457955165567918,0.028251625398599,0.1022987673539899,2.465270047025477,,,,,,201,regime_specific_spillover_event
2025-06-24,dlog_SOLVPN__d_PJM_LMP,X_to_SOLVPN,common,dlog_SOLVPN,d_PJM_LMP,3.0,2025-04-16,2026-01-06,141.0,0.1429505825990702,0.058481827649772,0.0308534940105399,0.1201888156708519,2.737737091314279,0.1429505825990702,0.0414912127959817,0.0367283620865933,0.1149479369691684,2.7624256579664714,202,robust_spillover_event
2025-06-24,dlog_SOLVPN__d_VIX,PairwiseNet_SOLVPN_to_X,common,dlog_SOLVPN,d_VIX,3.0,2025-04-16,2026-01-06,141.0,0.1199817463645887,0.0236301742022294,0.0365332197362323,0.0966966136746942,2.6373687525493703,0.1199817463645887,0.0208375528513604,0.0416756874936585,0.1041889278386774,2.378945602956505,203,robust_spillover_event
2025-06-24,dlog_SOLVPN__d_VIX,SOLVPN_to_X,common,dlog_SOLVPN,d_VIX,3.0,2025-04-16,2026-01-06,141.0,0.3058234677246448,0.2022955209974402,0.0491930283950171,0.3006815777874744,2.104524769157965,0.3058234677246448,0.1703312557204222,0.0489825198880224,0.2682962954964671,2.7661339660345656,204,robust_spillover_event
2025-06-25,dlog_SOLVPN__d_PJM_LMP,SOLVPN_to_X,common,dlog_SOLVPN,d_PJM_LMP,3.0,2025-04-16,2026-01-06,141.0,0.1898548463612439,0.0740270848324084,0.0366790903187939,0.1473852654699964,3.1578689799045128,0.1898548463612439,0.0568545385802778,0.0407936731790799,0.1384418849384378,3.2603170397798844,205,robust_spillover_event
2025-07-03,dlog_SOLVPN__d_PJM_LMP,SOLVPN_to_X,common,dlog_SOLVPN,d_PJM_LMP,3.0,2025-04-16,2026-01-06,141.0,0.1707411192697528,0.0740270848324084,0.0366790903187939,0.1473852654699964,2.636762078796408,0.1707411192697528,0.0568545385802778,0.0407936731790799,0.1384418849384378,2.791770679475831,206,robust_spillover_event
2025-07-08,dlog_SOLVPN__d_PJM_LMP,PairwiseNet_SOLVPN_to_X,segment-only,dlog_SOLVPN,d_PJM_LMP,3.0,2025-04-16,2026-01-06,141.0,0.1145889110972326,0.0155452571826364,0.0367713056181798,0.0890878684189961,2.693503868016823,,,,,,207,regime_specific_spillover_event
2025-07-08,dlog_SOLVPN__d_VIX,PairwiseNet_SOLVPN_to_X,segment-only,dlog_SOLVPN,d_VIX,3.0,2025-04-16,2026-01-06,141.0,0.1013652809446744,0.0236301742022294,0.0365332197362323,0.0966966136746942,2.127792384675855,,,,,,208,regime_specific_spillover_event
2025-07-08,dlog_SOLVPN__dlog_COPPER,X_to_SOLVPN,common,dlog_SOLVPN,dlog_COPPER,3.0,2025-04-16,2026-01-06,141.0,0.1940927302961511,0.0570886323367566,0.0399255592096044,0.1369397507559654,3.431488516920685,0.1940927302961511,0.0673432389292038,0.0448469049991232,0.1570370489274503,2.826270650548241,209,robust_spillover_event
2025-07-08,dlog_SOLVPN__dlog_DXY,X_to_SOLVPN,segment-only,dlog_SOLVPN,dlog_DXY,3.0,2025-04-16,2026-01-06,141.0,0.0957312150972095,0.0310393215750387,0.0212267748673659,0.0734928713097707,3.047655328065308,,,,,,210,regime_specific_spillover_event
2025-07-09,dlog_SOLVPN__dlog_COPPER,PairwiseNet_SOLVPN_to_X,common,dlog_SOLVPN,dlog_COPPER,3.0,2025-04-16,2026-01-06,141.0,0.2035982836403211,0.0137369616751019,0.075983463774687,0.165703889224476,2.498718965066044,0.2035982836403211,0.005871704925437,0.0496970378041365,0.1052657805337101,3.97863911917958,211,robust_spillover_event
2025-07-09,dlog_SOLVPN__dlog_COPPER,SOLVPN_to_X,common,dlog_SOLVPN,dlog_COPPER,3.0,2025-04-16,2026-01-06,141.0,0.2186860642625155,0.0708255940118586,0.0560366767935885,0.1828989475990356,2.6386373837853028,0.2186860642625155,0.0732149438546409,0.0447852154414384,0.1627853747375177,3.248195168293744,212,robust_spillover_event
2025-07-15,dlog_SOLVPN__dlog_GOLD,X_to_SOLVPN,common,dlog_SOLVPN,dlog_GOLD,3.0,2025-04-16,2026-01-06,141.0,0.1638900472440249,0.0496133438911534,0.036005814423742,0.1216249727386375,3.1738402583533274,0.1638900472440249,0.0632736374540382,0.0416072057813713,0.1464880490167809,2.4182448184260266,213,robust_spillover_event
2025-07-21,dlog_SOLVPN__dlog_DXY,X_to_SOLVPN,segment-only,dlog_SOLVPN,dlog_DXY,3.0,2025-04-16,2026-01-06,141.0,0.0822160261871315,0.0310393215750387,0.0212267748673659,0.0734928713097707,2.410950553339675,,,,,,214,regime_specific_spillover_event
2025-07-22,dlog_SOLVPN__dlog_COPPER,PairwiseNet_SOLVPN_to_X,common,dlog_SOLVPN,dlog_COPPER,3.0,2025-04-16,2026-01-06,141.0,0.2448486414996505,0.0137369616751019,0.075983463774687,0.165703889224476,3.0416049538076027,0.2448486414996505,0.005871704925437,0.0496970378041365,0.1052657805337101,4.808675670289592,215,robust_spillover_event
2025-07-22,dlog_SOLVPN__dlog_COPPER,SOLVPN_to_X,common,dlog_SOLVPN,dlog_COPPER,3.0,2025-04-16,2026-01-06,141.0,0.2570125181662894,0.0708255940118586,0.0560366767935885,0.1828989475990356,3.322590396290837,0.2570125181662894,0.0732149438546409,0.0447852154414384,0.1627853747375177,4.103978790768216,216,robust_spillover_event
2025-07-24,dlog_SOLVPN__d_PJM_LMP,X_to_SOLVPN,common,dlog_SOLVPN,d_PJM_LMP,3.0,2025-04-16,2026-01-06,141.0,0.1479011482538004,0.058481827649772,0.0308534940105399,0.1201888156708519,2.898191063011587,0.1479011482538004,0.0414912127959817,0.0367283620865933,0.1149479369691684,2.8972142892443493,217,robust_spillover_event
2025-07-30,dlog_SOLVPN__dlog_COPPER,PairwiseNet_SOLVPN_to_X,common,dlog_SOLVPN,dlog_COPPER,3.0,2025-04-16,2026-01-06,141.0,0.1999621364341462,0.0137369616751019,0.075983463774687,0.165703889224476,2.4508645106158347,0.1999621364341462,0.005871704925437,0.0496970378041365,0.1052657805337101,3.90547284274062,218,robust_spillover_event
2025-07-30,dlog_SOLVPN__dlog_COPPER,SOLVPN_to_X,common,dlog_SOLVPN,dlog_COPPER,3.0,2025-04-16,2026-01-06,141.0,0.2276272852431681,0.0708255940118586,0.0560366767935885,0.1828989475990356,2.7981975413868607,0.2276272852431681,0.0732149438546409,0.0447852154414384,0.1627853747375177,3.4478418796586623,219,robust_spillover_event
2025-07-31,dlog_SOLVPN__dlog_DXY,X_to_SOLVPN,segment-only,dlog_SOLVPN,dlog_DXY,3.0,2025-04-16,2026-01-06,141.0,0.0775260757926819,0.0310393215750387,0.0212267748673659,0.0734928713097707,2.1900055240662963,,,,,,220,regime_specific_spillover_event
2025-08-06,dlog_SOLVPN__dlog_GAS,PairwiseNet_SOLVPN_to_X,segment-only,dlog_SOLVPN,dlog_GAS,3.0,2025-04-16,2026-01-06,141.0,0.1150159665977051,0.0212116161495074,0.0357951930824873,0.0928020023144821,2.6205851224781087,,,,,,221,regime_specific_spillover_event
2025-08-06,dlog_SOLVPN__dlog_GAS,SOLVPN_to_X,segment-only,dlog_SOLVPN,dlog_GAS,3.0,2025-04-16,2026-01-06,141.0,0.1241563553320826,0.0457955165567918,0.028251625398599,0.1022987673539899,2.773675414058712,,,,,,222,regime_specific_spillover_event
2025-09-10,dlog_SOLVPN__dlog_GAS,SOLVPN_to_X,segment-only,dlog_SOLVPN,dlog_GAS,3.0,2025-04-16,2026-01-06,141.0,0.1189911006010372,0.0457955165567918,0.028251625398599,0.1022987673539899,2.59084505799355,,,,,,223,regime_specific_spillover_event
2025-09-11,dlog_SOLVPN__dlog_GAS,PairwiseNet_SOLVPN_to_X,segment-only,dlog_SOLVPN,dlog_GAS,3.0,2025-04-16,2026-01-06,141.0,0.1117140862857352,0.0212116161495074,0.0357951930824873,0.0928020023144821,2.5283414431561133,,,,,,224,regime_specific_spillover_event
2025-09-22,dlog_SOLVPN__dlog_COPPER,X_to_SOLVPN,common,dlog_SOLVPN,dlog_COPPER,3.0,2025-04-16,2026-01-06,141.0,0.1787530085747749,0.0570886323367566,0.0399255592096044,0.1369397507559654,3.047280455091307,0.1787530085747749,0.0673432389292038,0.0448469049991232,0.1570370489274503,2.4842242658160933,225,robust_spillover_event
2025-09-29,dlog_SOLVPN__dlog_DXY,X_to_SOLVPN,segment-only,dlog_SOLVPN,dlog_DXY,3.0,2025-04-16,2026-01-06,141.0,0.081121950525191,0.0310393215750387,0.0212267748673659,0.0734928713097707,2.3594083068713934,,,,,,226,regime_specific_spillover_event
2025-10-02,dlog_SOLVPN__dlog_OIL,X_to_SOLVPN,common,dlog_SOLVPN,dlog_OIL,3.0,2025-04-16,2026-01-06,141.0,0.250996421752766,0.0746252503067467,0.0461093712896818,0.1668439928861104,3.825061294763019,0.250996421752766,0.0447574957959284,0.0390302506274047,0.1228179970507379,5.284078955209904,227,robust_spillover_event
2025-10-08,dlog_SOLVPN__d_PJM_LMP,X_to_SOLVPN,common,dlog_SOLVPN,d_PJM_LMP,3.0,2025-04-16,2026-01-06,141.0,0.1212887302713169,0.058481827649772,0.0308534940105399,0.1201888156708519,2.035649596123191,0.1212887302713169,0.0414912127959817,0.0367283620865933,0.1149479369691684,2.172640241544096,228,robust_spillover_event
2025-10-15,dlog_SOLVPN__dlog_COPPER,X_to_SOLVPN,common,dlog_SOLVPN,dlog_COPPER,3.0,2025-04-16,2026-01-06,141.0,0.2234701508938195,0.0570886323367566,0.0399255592096044,0.1369397507559654,4.167293379250616,0.2234701508938195,0.0673432389292038,0.0448469049991232,0.1570370489274503,3.481330806834228,229,robust_spillover_event
2025-10-16,dlog_SOLVPN__d_UST10Y,SOLVPN_to_X,segment-only,dlog_SOLVPN,d_UST10Y,3.0,2025-04-16,2026-01-06,141.0,0.1666530706778764,0.0620531579914132,0.0432224975502764,0.1484981530919661,2.4200339780178703,,,,,,230,regime_specific_spillover_event
2025-10-16,dlog_SOLVPN__dlog_SILVER,SOLVPN_to_X,common,dlog_SOLVPN,dlog_SILVER,3.0,2025-04-16,2026-01-06,141.0,0.157609517283014,0.0702493332176787,0.038514869374028,0.1472790719657348,2.2682196638642997,0.157609517283014,0.0694301400561515,0.0373295846798629,0.1440893094158775,2.3621847921182413,231,robust_spillover_event
2025-10-16,dlog_SOLVPN__dlog_SILVER,X_to_SOLVPN,common,dlog_SOLVPN,dlog_SILVER,3.0,2025-04-16,2026-01-06,141.0,0.1963368733119488,0.0735539646435115,0.0436923340327991,0.1609386327091099,2.810170511290744,0.1963368733119488,0.0727730928439958,0.0437836257386066,0.1603403443212091,2.822145913763359,232,robust_spillover_event
2025-10-20,dlog_SOLVPN__d_VIX,PairwiseNet_SOLVPN_to_X,common,dlog_SOLVPN,d_VIX,3.0,2025-04-16,2026-01-06,141.0,0.112775087528473,0.0236301742022294,0.0365332197362323,0.0966966136746942,2.4401055797946185,0.112775087528473,0.0208375528513604,0.0416756874936585,0.1041889278386774,2.2060232285574672,233,robust_spillover_event
2025-10-20,dlog_SOLVPN__dlog_GOLD,PairwiseNet_SOLVPN_to_X,common,dlog_SOLVPN,dlog_GOLD,3.0,2025-04-16,2026-01-06,141.0,0.1107135022079451,0.0021118128593949,0.0491185211388945,0.1003488551371841,2.211013011598057,0.1107135022079451,0.0063910085503656,0.0384315142805271,0.0832540371114199,2.714503854729416,234,robust_spillover_event
2025-10-20,dlog_SOLVPN__dlog_GOLD,SOLVPN_to_X,segment-only,dlog_SOLVPN,dlog_GOLD,3.0,2025-04-16,2026-01-06,141.0,0.1374264733920205,0.0517251567505484,0.0347925609191989,0.1213102785889462,2.46320806451994,,,,,,235,regime_specific_spillover_event
2025-10-23,dlog_SOLVPN__d_UST10Y,X_to_SOLVPN,segment-only,dlog_SOLVPN,d_UST10Y,3.0,2025-04-16,2026-01-06,141.0,0.1319471731049676,0.0341419272382401,0.0297711749337741,0.0936842771057885,3.285232984062425,,,,,,236,regime_specific_spillover_event
2025-11-04,dlog_SOLVPN__dlog_SILVER,X_to_SOLVPN,common,dlog_SOLVPN,dlog_SILVER,3.0,2025-04-16,2026-01-06,141.0,0.1673630414228158,0.0735539646435115,0.0436923340327991,0.1609386327091099,2.1470374347335883,0.1673630414228158,0.0727730928439958,0.0437836257386066,0.1603403443212091,2.1603955127776078,237,robust_spillover_event
2025-11-10,dlog_SOLVPN__d_UST10Y,SOLVPN_to_X,common,dlog_SOLVPN,d_UST10Y,3.0,2025-04-16,2026-01-06,141.0,0.1951022940659814,0.0620531579914132,0.0432224975502764,0.1484981530919661,3.078238038415186,0.1951022940659814,0.0866908293397005,0.0496353089748894,0.1859614472894794,2.1841601667298263,238,robust_spillover_event
2025-11-10,dlog_SOLVPN__dlog_GOLD,SOLVPN_to_X,segment-only,dlog_SOLVPN,dlog_GOLD,3.0,2025-04-16,2026-01-06,141.0,0.1230527503822474,0.0517251567505484,0.0347925609191989,0.1213102785889462,2.050081734349704,,,,,,239,regime_specific_spillover_event
2025-11-12,dlog_SOLVPN__d_UST10Y,X_to_SOLVPN,segment-only,dlog_SOLVPN,d_UST10Y,3.0,2025-04-16,2026-01-06,141.0,0.1026301501170156,0.0341419272382401,0.0297711749337741,0.0936842771057885,2.3004877379252617,,,,,,240,regime_specific_spillover_event
2025-11-13,dlog_SOLVPN__d_UST10Y,PairwiseNet_SOLVPN_to_X,common,dlog_SOLVPN,d_UST10Y,3.0,2025-04-16,2026-01-06,141.0,0.1400662532722679,0.027911230753173,0.0459030919016806,0.1197174145565343,2.443299958079481,0.1400662532722679,0.0197782134885886,0.040950287086662,0.1016787876619127,2.9374162757178413,241,robust_spillover_event
2025-11-17,dlog_SOLVPN__dlog_GOLD,X_to_SOLVPN,common,dlog_SOLVPN,dlog_GOLD,3.0,2025-04-16,2026-01-06,141.0,0.1608319214087493,0.0496133438911534,0.036005814423742,0.1216249727386375,3.0889060363611422,0.1608319214087493,0.0632736374540382,0.0416072057813713,0.1464880490167809,2.344744909507732,242,robust_spillover_event
2025-12-04,dlog_SOLVPN__dlog_DXY,X_to_SOLVPN,segment-only,dlog_SOLVPN,dlog_DXY,3.0,2025-04-16,2026-01-06,141.0,0.0863557578140202,0.0310393215750387,0.0212267748673659,0.0734928713097707,2.6059746044616934,,,,,,243,regime_specific_spillover_event
2025-12-08,dlog_SOLVPN__dlog_GOLD,SOLVPN_to_X,segment-only,dlog_SOLVPN,dlog_GOLD,3.0,2025-04-16,2026-01-06,141.0,0.1335467010031465,0.0517251567505484,0.0347925609191989,0.1213102785889462,2.351696514741118,,,,,,244,regime_specific_spillover_event
2025-12-22,dlog_SOLVPN__d_PJM_LMP,PairwiseNet_SOLVPN_to_X,common,dlog_SOLVPN,d_PJM_LMP,3.0,2025-04-16,2026-01-06,141.0,0.1221251154199659,0.0155452571826364,0.0367713056181798,0.0890878684189961,2.8984518348088253,0.1221251154199659,0.0153633257842961,0.0497434444647052,0.1148502147137066,2.1462484310152874,245,robust_spillover_event
2025-12-22,dlog_SOLVPN__d_PJM_LMP,SOLVPN_to_X,common,dlog_SOLVPN,d_PJM_LMP,3.0,2025-04-16,2026-01-06,141.0,0.1556043553148749,0.0740270848324084,0.0366790903187939,0.1473852654699964,2.224081071080084,0.1556043553148749,0.0568545385802778,0.0407936731790799,0.1384418849384378,2.4207140234980966,246,robust_spillover_event
2025-12-29,dlog_SOLVPN__dlog_COPPER,X_to_SOLVPN,common,dlog_SOLVPN,dlog_COPPER,3.0,2025-04-16,2026-01-06,141.0,0.1941074001081956,0.0570886323367566,0.0399255592096044,0.1369397507559654,3.4318559460146028,0.1941074001081956,0.0673432389292038,0.0448469049991232,0.1570370489274503,2.826597759231545,247,robust_spillover_event
2025-12-29,dlog_SOLVPN__dlog_GAS,X_to_SOLVPN,common,dlog_SOLVPN,dlog_GAS,3.0,2025-04-16,2026-01-06,141.0,0.1436782675250033,0.0245839004072843,0.0227152805048851,0.0700144614170546,5.242918620005883,0.1436782675250033,0.0384324346006871,0.050308822545497,0.1390500796916813,2.091995550663832,248,robust_spillover_event
2025-12-29,dlog_SOLVPN__dlog_GOLD,X_to_SOLVPN,common,dlog_SOLVPN,dlog_GOLD,3.0,2025-04-16,2026-01-06,141.0,0.1545565254225787,0.0496133438911534,0.036005814423742,0.1216249727386375,2.914617630818711,0.1545565254225787,0.0632736374540382,0.0416072057813713,0.1464880490167809,2.1939201696983512,249,robust_spillover_event
