EventID,Date,WindowStart,WindowEnd,Pair,Target,DirectionMetric,SpikeClass,SegmentID,SegmentStart,SegmentEnd,Spillover_Segment,SegmentZ,Spillover_Global,GlobalZ,EventInterpretation,ExternalEventLabel,ExternalEventSource,EconomicNarrative
1,2022-12-07,2022-12-04,2022-12-10,dlog_SOLVPN__d_UST10Y,d_UST10Y,PairwiseNet_SOLVPN_to_X,segment-only,0.0,2022-12-01,2023-10-30,0.0917441221586697,2.2944831908172563,,,regime_specific_spillover_event,,,
2,2022-12-07,2022-12-04,2022-12-10,dlog_SOLVPN__dlog_OIL,dlog_OIL,X_to_SOLVPN,common,0.0,2022-12-01,2023-10-30,0.3177333385061732,8.39481512238344,0.3177333385061732,6.993955670850272,robust_spillover_event,,,
3,2022-12-12,2022-12-09,2022-12-15,dlog_SOLVPN__dlog_COPPER,dlog_COPPER,PairwiseNet_SOLVPN_to_X,segment-only,0.0,2022-12-01,2023-10-30,0.0760023536649248,2.352594426247281,,,regime_specific_spillover_event,,,
4,2022-12-12,2022-12-09,2022-12-15,dlog_SOLVPN__dlog_OIL,dlog_OIL,PairwiseNet_SOLVPN_to_X,segment-only,0.0,2022-12-01,2023-10-30,0.1282065700237071,2.3581461794735685,,,regime_specific_spillover_event,,,
5,2022-12-13,2022-12-10,2022-12-16,dlog_SOLVPN__d_PJM_LMP,d_PJM_LMP,PairwiseNet_SOLVPN_to_X,segment-only,0.0,2022-12-01,2023-10-30,0.1004265968045256,2.256404424321078,,,regime_specific_spillover_event,,,
6,2022-12-13,2022-12-10,2022-12-16,dlog_SOLVPN__d_PJM_LMP,d_PJM_LMP,SOLVPN_to_X,common,0.0,2022-12-01,2023-10-30,0.1769418955172163,5.394853307766152,0.1769418955172163,2.943774060496282,robust_spillover_event,,,
7,2022-12-13,2022-12-10,2022-12-16,dlog_SOLVPN__dlog_GAS,dlog_GAS,SOLVPN_to_X,common,0.0,2022-12-01,2023-10-30,0.1603786719706603,2.607257394469703,0.1603786719706603,2.9146309591796697,robust_spillover_event,,,
8,2022-12-13,2022-12-10,2022-12-16,dlog_SOLVPN__dlog_GAS,dlog_GAS,X_to_SOLVPN,segment-only,0.0,2022-12-01,2023-10-30,0.131620506201636,4.442644541711392,,,regime_specific_spillover_event,,,
9,2022-12-13,2022-12-10,2022-12-16,dlog_SOLVPN__dlog_OIL,dlog_OIL,SOLVPN_to_X,common,0.0,2022-12-01,2023-10-30,0.2015566329225398,3.0350591455354494,0.2015566329225398,2.5640031563264216,robust_spillover_event,,,
10,2022-12-13,2022-12-10,2022-12-16,dlog_SOLVPN__dlog_SILVER,dlog_SILVER,PairwiseNet_SOLVPN_to_X,common,0.0,2022-12-01,2023-10-30,0.0761911462448601,3.235196800232271,0.0761911462448601,2.098708749803356,robust_spillover_event,,,
11,2022-12-13,2022-12-10,2022-12-16,dlog_SOLVPN__dlog_SILVER,dlog_SILVER,SOLVPN_to_X,common,0.0,2022-12-01,2023-10-30,0.1441479638582354,2.3697544300194187,0.1441479638582354,2.001571258905261,robust_spillover_event,,,
12,2022-12-14,2022-12-11,2022-12-17,dlog_SOLVPN__dlog_DXY,dlog_DXY,PairwiseNet_SOLVPN_to_X,segment-only,0.0,2022-12-01,2023-10-30,0.0808170061656635,2.386385201688753,,,regime_specific_spillover_event,,,
13,2022-12-15,2022-12-12,2022-12-18,dlog_SOLVPN__d_PJM_LMP,d_PJM_LMP,X_to_SOLVPN,common,0.0,2022-12-01,2023-10-30,0.2409833171161797,4.337252956831477,0.2409833171161797,5.431554607577149,robust_spillover_event,,,
14,2022-12-15,2022-12-12,2022-12-18,dlog_SOLVPN__dlog_GOLD,dlog_GOLD,PairwiseNet_SOLVPN_to_X,segment-only,0.0,2022-12-01,2023-10-30,0.0801616429873788,2.6625987179451607,,,regime_specific_spillover_event,,,
15,2022-12-19,2022-12-16,2022-12-22,dlog_SOLVPN__d_VIX,d_VIX,PairwiseNet_SOLVPN_to_X,segment-only,0.0,2022-12-01,2023-10-30,0.0893412001847789,3.711665271482841,,,regime_specific_spillover_event,,,
16,2022-12-19,2022-12-16,2022-12-22,dlog_SOLVPN__dlog_COPPER,dlog_COPPER,X_to_SOLVPN,segment-only,0.0,2022-12-01,2023-10-30,0.1552334334278659,2.0844643848558237,,,regime_specific_spillover_event,,,
17,2022-12-19,2022-12-16,2022-12-22,dlog_SOLVPN__dlog_GOLD,dlog_GOLD,X_to_SOLVPN,common,0.0,2022-12-01,2023-10-30,0.204481688426894,2.5306819482292253,0.204481688426894,3.39383643580503,robust_spillover_event,,,
18,2022-12-20,2022-12-17,2022-12-23,dlog_SOLVPN__d_UST10Y,d_UST10Y,PairwiseNet_SOLVPN_to_X,segment-only,0.0,2022-12-01,2023-10-30,0.0871163105961133,2.1620580902753064,,,regime_specific_spillover_event,,,
19,2022-12-20,2022-12-17,2022-12-23,dlog_SOLVPN__dlog_GAS,dlog_GAS,PairwiseNet_SOLVPN_to_X,segment-only,0.0,2022-12-01,2023-10-30,0.1268642073520173,2.151273861953981,,,regime_specific_spillover_event,,,
20,2022-12-21,2022-12-18,2022-12-24,dlog_SOLVPN__dlog_OIL,dlog_OIL,X_to_SOLVPN,common,0.0,2022-12-01,2023-10-30,0.1476766515243804,3.2386575768303527,0.1476766515243804,2.636907375024341,robust_spillover_event,,,
21,2022-12-27,2022-12-24,2022-12-30,dlog_SOLVPN__d_PJM_LMP,d_PJM_LMP,X_to_SOLVPN,common,0.0,2022-12-01,2023-10-30,0.3428614185057536,6.558437704849546,0.3428614185057536,8.205381034940801,robust_spillover_event,,,
22,2022-12-27,2022-12-24,2022-12-30,dlog_SOLVPN__dlog_DXY,dlog_DXY,X_to_SOLVPN,common,0.0,2022-12-01,2023-10-30,0.1770317310255314,3.1364383932685254,0.1770317310255314,2.199563755852217,robust_spillover_event,,,
23,2022-12-29,2022-12-26,2023-01-01,dlog_SOLVPN__dlog_COPPER,dlog_COPPER,PairwiseNet_SOLVPN_to_X,segment-only,0.0,2022-12-01,2023-10-30,0.0797300789444282,2.4683985206783494,,,regime_specific_spillover_event,,,
24,2022-12-29,2022-12-26,2023-01-01,dlog_SOLVPN__dlog_COPPER,dlog_COPPER,SOLVPN_to_X,segment-only,0.0,2022-12-01,2023-10-30,0.1613210269786363,2.5079419193999337,,,regime_specific_spillover_event,,,
25,2023-01-04,2023-01-01,2023-01-07,dlog_SOLVPN__d_VIX,d_VIX,PairwiseNet_SOLVPN_to_X,segment-only,0.0,2022-12-01,2023-10-30,0.0684342248132871,2.8440366525292213,,,regime_specific_spillover_event,,,
26,2023-01-04,2023-01-01,2023-01-07,dlog_SOLVPN__dlog_DXY,dlog_DXY,PairwiseNet_SOLVPN_to_X,common,0.0,2022-12-01,2023-10-30,0.0979389275251582,2.881700307456645,0.0979389275251582,2.3542489850431134,robust_spillover_event,,,
27,2023-01-04,2023-01-01,2023-01-07,dlog_SOLVPN__dlog_GAS,dlog_GAS,X_to_SOLVPN,segment-only,0.0,2022-12-01,2023-10-30,0.1372011340669537,4.678487061378416,,,regime_specific_spillover_event,,,
28,2023-01-04,2023-01-01,2023-01-07,dlog_SOLVPN__dlog_GOLD,dlog_GOLD,PairwiseNet_SOLVPN_to_X,common,0.0,2022-12-01,2023-10-30,0.0842665973586163,2.791675723807625,0.0842665973586163,2.026347133756046,robust_spillover_event,,,
29,2023-01-04,2023-01-01,2023-01-07,dlog_SOLVPN__dlog_OIL,dlog_OIL,X_to_SOLVPN,common,0.0,2022-12-01,2023-10-30,0.1298268937806831,2.6974488498467832,0.1298268937806831,2.179576011357302,robust_spillover_event,,,
30,2023-01-04,2023-01-01,2023-01-07,dlog_SOLVPN__dlog_SILVER,dlog_SILVER,PairwiseNet_SOLVPN_to_X,segment-only,0.0,2022-12-01,2023-10-30,0.0501512619844507,2.263295712630069,,,regime_specific_spillover_event,,,
31,2023-01-05,2023-01-02,2023-01-08,dlog_SOLVPN__dlog_DXY,dlog_DXY,SOLVPN_to_X,common,0.0,2022-12-01,2023-10-30,0.2150690490176567,4.54389878007393,0.2150690490176567,3.0249155629233453,robust_spillover_event,,,
32,2023-01-09,2023-01-06,2023-01-12,dlog_SOLVPN__dlog_GAS,dlog_GAS,SOLVPN_to_X,common,0.0,2022-12-01,2023-10-30,0.1400430653027008,2.0756465781737834,0.1400430653027008,2.353670757227459,robust_spillover_event,,,
33,2023-01-10,2023-01-07,2023-01-13,dlog_SOLVPN__dlog_GOLD,dlog_GOLD,SOLVPN_to_X,common,0.0,2022-12-01,2023-10-30,0.1909751359780761,2.3050701902712256,0.1909751359780761,2.85309988359374,robust_spillover_event,,,
34,2023-01-11,2023-01-08,2023-01-14,dlog_SOLVPN__dlog_SILVER,dlog_SILVER,SOLVPN_to_X,segment-only,0.0,2022-12-01,2023-10-30,0.1344687994369426,2.081328624620082,,,regime_specific_spillover_event,,,
35,2023-01-17,2023-01-14,2023-01-20,dlog_SOLVPN__dlog_GOLD,dlog_GOLD,X_to_SOLVPN,common,0.0,2022-12-01,2023-10-30,0.1842181997484408,2.1249974948425656,0.1842181997484408,2.9068177019604797,robust_spillover_event,,,
36,2023-01-18,2023-01-15,2023-01-21,dlog_SOLVPN__d_UST10Y,d_UST10Y,PairwiseNet_SOLVPN_to_X,segment-only,0.0,2022-12-01,2023-10-30,0.0900036717602606,2.2446801001161574,,,regime_specific_spillover_event,,,
37,2023-01-25,2023-01-22,2023-01-28,dlog_SOLVPN__dlog_GOLD,dlog_GOLD,X_to_SOLVPN,common,0.0,2022-12-01,2023-10-30,0.1986630563139369,2.4141902312469914,0.1986630563139369,3.253989695230054,robust_spillover_event,,,
38,2023-01-26,2023-01-23,2023-01-29,dlog_SOLVPN__d_UST10Y,d_UST10Y,PairwiseNet_SOLVPN_to_X,common,0.0,2022-12-01,2023-10-30,0.1052639932920884,2.681355099916378,0.1052639932920884,2.08755019525476,robust_spillover_event,,,
39,2023-02-02,2023-01-30,2023-02-05,dlog_SOLVPN__dlog_OIL,dlog_OIL,PairwiseNet_SOLVPN_to_X,common,0.0,2022-12-01,2023-10-30,0.1852981948305141,3.554926965143756,0.1852981948305141,2.7421444529388905,robust_spillover_event,,,
40,2023-02-02,2023-01-30,2023-02-05,dlog_SOLVPN__dlog_OIL,dlog_OIL,SOLVPN_to_X,common,0.0,2022-12-01,2023-10-30,0.2069659506244191,3.148297811434839,0.2069659506244191,2.6707849790561653,robust_spillover_event,,,
41,2023-02-06,2023-02-03,2023-02-09,dlog_SOLVPN__dlog_DXY,dlog_DXY,X_to_SOLVPN,segment-only,0.0,2022-12-01,2023-10-30,0.1394404938824296,2.111109057826265,,,regime_specific_spillover_event,,,
42,2023-02-06,2023-02-03,2023-02-09,dlog_SOLVPN__dlog_GOLD,dlog_GOLD,SOLVPN_to_X,common,0.0,2022-12-01,2023-10-30,0.1770455973496729,2.0316045080344205,0.1770455973496729,2.5254912402864984,robust_spillover_event,,,
43,2023-02-06,2023-02-03,2023-02-09,dlog_SOLVPN__dlog_SILVER,dlog_SILVER,SOLVPN_to_X,segment-only,0.0,2022-12-01,2023-10-30,0.1359392678429324,2.1251465634267515,,,regime_specific_spillover_event,,,
44,2023-02-06,2023-02-03,2023-02-09,dlog_SOLVPN__dlog_SILVER,dlog_SILVER,X_to_SOLVPN,common,0.0,2022-12-01,2023-10-30,0.1661647515657292,2.246864316956161,0.1661647515657292,2.13302706539866,robust_spillover_event,,,
45,2023-02-13,2023-02-10,2023-02-16,dlog_SOLVPN__dlog_COPPER,dlog_COPPER,PairwiseNet_SOLVPN_to_X,segment-only,0.0,2022-12-01,2023-10-30,0.0911771870426544,2.824010023075921,,,regime_specific_spillover_event,,,
46,2023-03-09,2023-03-06,2023-03-12,dlog_SOLVPN__d_VIX,d_VIX,PairwiseNet_SOLVPN_to_X,segment-only,0.0,2022-12-01,2023-10-30,0.0764654425656829,3.177328017885133,,,regime_specific_spillover_event,,,
47,2023-03-09,2023-03-06,2023-03-12,dlog_SOLVPN__d_VIX,d_VIX,SOLVPN_to_X,segment-only,0.0,2022-12-01,2023-10-30,0.2357153093828364,2.3739523377434724,,,regime_specific_spillover_event,,,
48,2023-03-28,2023-03-25,2023-03-31,dlog_SOLVPN__dlog_GAS,dlog_GAS,X_to_SOLVPN,segment-only,0.0,2022-12-01,2023-10-30,0.0849164900438279,2.468889416829998,,,regime_specific_spillover_event,,,
49,2023-04-26,2023-04-23,2023-04-29,dlog_SOLVPN__dlog_OIL,dlog_OIL,PairwiseNet_SOLVPN_to_X,segment-only,0.0,2022-12-01,2023-10-30,0.1143928271683182,2.068576175406227,,,regime_specific_spillover_event,,,
50,2023-05-10,2023-05-07,2023-05-13,dlog_SOLVPN__d_UST10Y,d_UST10Y,PairwiseNet_SOLVPN_to_X,common,0.0,2022-12-01,2023-10-30,0.1055234289146973,2.688778865543767,0.1055234289146973,2.093885575079077,robust_spillover_event,,,
51,2023-05-10,2023-05-07,2023-05-13,dlog_SOLVPN__dlog_OIL,dlog_OIL,PairwiseNet_SOLVPN_to_X,segment-only,0.0,2022-12-01,2023-10-30,0.1202542852741223,2.191446744614493,,,regime_specific_spillover_event,,,
52,2023-05-10,2023-05-07,2023-05-13,dlog_SOLVPN__dlog_OIL,dlog_OIL,SOLVPN_to_X,segment-only,0.0,2022-12-01,2023-10-30,0.1703396597414184,2.381562976283066,,,regime_specific_spillover_event,,,
53,2023-05-16,2023-05-13,2023-05-19,dlog_SOLVPN__dlog_GAS,dlog_GAS,X_to_SOLVPN,segment-only,0.0,2022-12-01,2023-10-30,0.0756073032886232,2.0754745335257585,,,regime_specific_spillover_event,,,
54,2023-05-23,2023-05-20,2023-05-26,dlog_SOLVPN__dlog_DXY,dlog_DXY,PairwiseNet_SOLVPN_to_X,segment-only,0.0,2022-12-01,2023-10-30,0.081814154717834,2.4152314234540886,,,regime_specific_spillover_event,,,
55,2023-06-14,2023-06-11,2023-06-17,dlog_SOLVPN__d_PJM_LMP,d_PJM_LMP,SOLVPN_to_X,segment-only,0.0,2022-12-01,2023-10-30,0.0876491439333781,2.001461472652837,,,regime_specific_spillover_event,,,
56,2023-06-22,2023-06-19,2023-06-25,dlog_SOLVPN__dlog_GAS,dlog_GAS,PairwiseNet_SOLVPN_to_X,segment-only,0.0,2022-12-01,2023-10-30,0.1223539551016512,2.0466241382057317,,,regime_specific_spillover_event,,,
57,2023-07-05,2023-07-02,2023-07-08,dlog_SOLVPN__d_PJM_LMP,d_PJM_LMP,SOLVPN_to_X,segment-only,0.0,2022-12-01,2023-10-30,0.0884861484142049,2.033270148282283,,,regime_specific_spillover_event,,,
58,2023-07-05,2023-07-02,2023-07-08,dlog_SOLVPN__d_UST10Y,d_UST10Y,X_to_SOLVPN,common,0.0,2022-12-01,2023-10-30,0.1571842080114716,2.1886031854749803,0.1571842080114716,2.09774747973444,robust_spillover_event,,,
59,2023-08-23,2023-08-20,2023-08-26,dlog_SOLVPN__dlog_COPPER,dlog_COPPER,X_to_SOLVPN,segment-only,0.0,2022-12-01,2023-10-30,0.1567598300631981,2.1223616608418627,,,regime_specific_spillover_event,,,
60,2023-09-21,2023-09-18,2023-09-24,dlog_SOLVPN__d_VIX,d_VIX,X_to_SOLVPN,common,0.0,2022-12-01,2023-10-30,0.2504847255950371,3.204399136363374,0.2504847255950371,2.1101297938371606,robust_spillover_event,,,
61,2023-09-21,2023-09-18,2023-09-24,dlog_SOLVPN__dlog_GAS,dlog_GAS,SOLVPN_to_X,common,0.0,2022-12-01,2023-10-30,0.1462110301575743,2.2368887227983723,0.1462110301575743,2.523814823599253,robust_spillover_event,,,
62,2023-09-27,2023-09-24,2023-09-30,dlog_SOLVPN__dlog_DXY,dlog_DXY,PairwiseNet_SOLVPN_to_X,segment-only,0.0,2022-12-01,2023-10-30,0.0709974163384214,2.1023171306027586,,,regime_specific_spillover_event,,,
63,2023-09-28,2023-09-25,2023-10-01,dlog_SOLVPN__dlog_GOLD,dlog_GOLD,PairwiseNet_SOLVPN_to_X,segment-only,0.0,2022-12-01,2023-10-30,0.0619694356788948,2.090559314569163,,,regime_specific_spillover_event,,,
64,2023-10-04,2023-10-01,2023-10-07,dlog_SOLVPN__dlog_GAS,dlog_GAS,SOLVPN_to_X,common,0.0,2022-12-01,2023-10-30,0.1544350100453264,2.4518789482051946,0.1544350100453264,2.750674316606315,robust_spillover_event,,,
65,2023-10-04,2023-10-01,2023-10-07,dlog_SOLVPN__dlog_OIL,dlog_OIL,X_to_SOLVPN,segment-only,0.0,2022-12-01,2023-10-30,0.1163318308251272,2.2882754623077592,,,regime_specific_spillover_event,,,
66,2023-10-05,2023-10-02,2023-10-08,dlog_SOLVPN__d_UST10Y,d_UST10Y,X_to_SOLVPN,common,0.0,2022-12-01,2023-10-30,0.1674999640196762,2.4385649390938564,0.1674999640196762,2.3374668715152485,robust_spillover_event,,,
67,2023-10-11,2023-10-08,2023-10-14,dlog_SOLVPN__dlog_GAS,dlog_GAS,PairwiseNet_SOLVPN_to_X,common,0.0,2022-12-01,2023-10-30,0.1479830195739312,2.641285892818791,0.1479830195739312,2.071913825089553,robust_spillover_event,,,
68,2023-10-17,2023-10-14,2023-10-20,dlog_SOLVPN__d_VIX,d_VIX,PairwiseNet_SOLVPN_to_X,segment-only,0.0,2022-12-01,2023-10-30,0.0642208531442306,2.6691839166644944,,,regime_specific_spillover_event,,,
69,2023-10-19,2023-10-16,2023-10-22,dlog_SOLVPN__d_VIX,d_VIX,SOLVPN_to_X,segment-only,0.0,2022-12-01,2023-10-30,0.2649964142825186,3.052969742016282,,,regime_specific_spillover_event,,,
70,2023-10-19,2023-10-16,2023-10-22,dlog_SOLVPN__dlog_GAS,dlog_GAS,PairwiseNet_SOLVPN_to_X,common,0.0,2022-12-01,2023-10-30,0.1442105178549549,2.553753923249103,0.1442105178549549,2.0125628941301863,robust_spillover_event,,,
71,2023-10-19,2023-10-16,2023-10-22,dlog_SOLVPN__dlog_GAS,dlog_GAS,SOLVPN_to_X,common,0.0,2022-12-01,2023-10-30,0.1588827295401127,2.5681506596857293,0.1588827295401127,2.873365203913513,robust_spillover_event,,,
72,2023-10-24,2023-10-21,2023-10-27,dlog_SOLVPN__d_VIX,d_VIX,X_to_SOLVPN,segment-only,0.0,2022-12-01,2023-10-30,0.2259165019459507,2.5317720801078343,,,regime_specific_spillover_event,,,
73,2023-10-25,2023-10-22,2023-10-28,dlog_SOLVPN__d_PJM_LMP,d_PJM_LMP,SOLVPN_to_X,segment-only,0.0,2022-12-01,2023-10-30,0.0941997690655786,2.250404835291027,,,regime_specific_spillover_event,,,
74,2023-10-25,2023-10-22,2023-10-28,dlog_SOLVPN__dlog_DXY,dlog_DXY,SOLVPN_to_X,segment-only,0.0,2022-12-01,2023-10-30,0.1389851593473955,2.3091701066839985,,,regime_specific_spillover_event,,,
75,2023-10-26,2023-10-23,2023-10-29,dlog_SOLVPN__d_UST10Y,d_UST10Y,SOLVPN_to_X,segment-only,0.0,2022-12-01,2023-10-30,0.2264377780429623,3.2610058330420846,,,regime_specific_spillover_event,,,
76,2023-10-26,2023-10-23,2023-10-29,dlog_SOLVPN__d_UST10Y,d_UST10Y,X_to_SOLVPN,common,0.0,2022-12-01,2023-10-30,0.1975846498250084,3.167548914189111,0.1975846498250084,3.0365802062466063,robust_spillover_event,,,
77,2023-10-26,2023-10-23,2023-10-29,dlog_SOLVPN__d_VIX,d_VIX,PairwiseNet_SOLVPN_to_X,segment-only,0.0,2022-12-01,2023-10-30,0.0502089005566596,2.087695162008233,,,regime_specific_spillover_event,,,
78,2023-10-26,2023-10-23,2023-10-29,dlog_SOLVPN__dlog_OIL,dlog_OIL,SOLVPN_to_X,segment-only,0.0,2022-12-01,2023-10-30,0.1699354505338441,2.3731012600496024,,,regime_specific_spillover_event,,,
79,2023-11-01,2023-10-29,2023-11-04,dlog_SOLVPN__d_VIX,d_VIX,X_to_SOLVPN,segment-only,1.0,2023-10-31,2024-07-16,0.2168900933686365,2.516972790841623,,,regime_specific_spillover_event,,,
80,2023-11-01,2023-10-29,2023-11-04,dlog_SOLVPN__dlog_OIL,dlog_OIL,X_to_SOLVPN,segment-only,1.0,2023-10-31,2024-07-16,0.0855113598403826,2.6707186443506434,,,regime_specific_spillover_event,,,
81,2023-11-06,2023-11-03,2023-11-09,dlog_SOLVPN__dlog_GAS,dlog_GAS,PairwiseNet_SOLVPN_to_X,common,1.0,2023-10-31,2024-07-16,0.1584443862326198,2.4742872385491315,0.1584443862326198,2.236497408226778,robust_spillover_event,,,
82,2023-11-06,2023-11-03,2023-11-09,dlog_SOLVPN__dlog_GAS,dlog_GAS,SOLVPN_to_X,common,1.0,2023-10-31,2024-07-16,0.1768756136489136,5.1058692253713245,0.1768756136489136,3.369701116983592,robust_spillover_event,,,
83,2023-11-09,2023-11-06,2023-11-12,dlog_SOLVPN__d_VIX,d_VIX,X_to_SOLVPN,segment-only,1.0,2023-10-31,2024-07-16,0.2263967787959565,2.823743993617673,,,regime_specific_spillover_event,,,
84,2023-11-14,2023-11-11,2023-11-17,dlog_SOLVPN__dlog_GAS,dlog_GAS,SOLVPN_to_X,segment-only,1.0,2023-10-31,2024-07-16,0.1063149261045299,2.3828465116016986,,,regime_specific_spillover_event,,,
85,2023-11-14,2023-11-11,2023-11-17,dlog_SOLVPN__dlog_GOLD,dlog_GOLD,X_to_SOLVPN,segment-only,1.0,2023-10-31,2024-07-16,0.1129568425788665,2.5578965796538644,,,regime_specific_spillover_event,,,
86,2023-11-14,2023-11-11,2023-11-17,dlog_SOLVPN__dlog_SILVER,dlog_SILVER,X_to_SOLVPN,segment-only,1.0,2023-10-31,2024-07-16,0.1333088748591519,2.4683697579218,,,regime_specific_spillover_event,,,
87,2023-11-16,2023-11-13,2023-11-19,dlog_SOLVPN__d_PJM_LMP,d_PJM_LMP,X_to_SOLVPN,segment-only,1.0,2023-10-31,2024-07-16,0.095496104098417,3.682527107531954,,,regime_specific_spillover_event,,,
88,2023-11-20,2023-11-17,2023-11-23,dlog_SOLVPN__dlog_COPPER,dlog_COPPER,X_to_SOLVPN,segment-only,1.0,2023-10-31,2024-07-16,0.0793675117187339,2.436146800989201,,,regime_specific_spillover_event,,,
89,2023-12-05,2023-12-02,2023-12-08,dlog_SOLVPN__d_UST10Y,d_UST10Y,X_to_SOLVPN,common,1.0,2023-10-31,2024-07-16,0.2147293400958114,2.946366644709564,0.2147293400958114,3.434991599528729,robust_spillover_event,,,
90,2023-12-05,2023-12-02,2023-12-08,dlog_SOLVPN__dlog_SILVER,dlog_SILVER,PairwiseNet_SOLVPN_to_X,common,1.0,2023-10-31,2024-07-16,0.0978431348733464,2.053303946326196,0.0978431348733464,2.670051337924728,robust_spillover_event,,,
91,2023-12-07,2023-12-04,2023-12-10,dlog_SOLVPN__dlog_SILVER,dlog_SILVER,SOLVPN_to_X,common,1.0,2023-10-31,2024-07-16,0.1469586890746214,2.3494389775730253,0.1469586890746214,2.0768661018693764,robust_spillover_event,,,
92,2023-12-21,2023-12-18,2023-12-24,dlog_SOLVPN__dlog_SILVER,dlog_SILVER,SOLVPN_to_X,segment-only,1.0,2023-10-31,2024-07-16,0.1397192938501434,2.128706592091945,,,regime_specific_spillover_event,,,
93,2024-01-16,2024-01-13,2024-01-19,dlog_SOLVPN__dlog_GAS,dlog_GAS,X_to_SOLVPN,common,1.0,2023-10-31,2024-07-16,0.4812721722101756,7.313113808942796,0.4812721722101756,8.802426993973146,robust_spillover_event,,,
94,2024-01-16,2024-01-13,2024-01-19,dlog_SOLVPN__dlog_SILVER,dlog_SILVER,X_to_SOLVPN,common,1.0,2023-10-31,2024-07-16,0.1917635812728997,4.37199567664734,0.1917635812728997,2.717693804969258,robust_spillover_event,,,
95,2024-01-17,2024-01-14,2024-01-20,dlog_SOLVPN__d_UST10Y,d_UST10Y,PairwiseNet_SOLVPN_to_X,segment-only,1.0,2023-10-31,2024-07-16,0.0959091602942304,2.0629096401114952,,,regime_specific_spillover_event,,,
96,2024-01-17,2024-01-14,2024-01-20,dlog_SOLVPN__dlog_DXY,dlog_DXY,X_to_SOLVPN,common,1.0,2023-10-31,2024-07-16,0.2368256460552942,2.4883942600625875,0.2368256460552942,3.433209717405751,robust_spillover_event,,,
97,2024-01-17,2024-01-14,2024-01-20,dlog_SOLVPN__dlog_GOLD,dlog_GOLD,PairwiseNet_SOLVPN_to_X,common,1.0,2023-10-31,2024-07-16,0.1123347022543512,2.355174313216607,0.1123347022543512,2.756687986079856,robust_spillover_event,,,
98,2024-01-25,2024-01-22,2024-01-28,dlog_SOLVPN__dlog_DXY,dlog_DXY,X_to_SOLVPN,common,1.0,2023-10-31,2024-07-16,0.2714487083177325,3.2672532910321035,0.2714487083177325,4.147539945078802,robust_spillover_event,,,
99,2024-02-01,2024-01-29,2024-02-04,dlog_SOLVPN__dlog_GAS,dlog_GAS,X_to_SOLVPN,common,1.0,2023-10-31,2024-07-16,0.1886269154729161,2.413151552808356,0.1886269154729161,2.985450131264744,robust_spillover_event,,,
100,2024-02-13,2024-02-10,2024-02-16,dlog_SOLVPN__dlog_COPPER,dlog_COPPER,PairwiseNet_SOLVPN_to_X,segment-only,1.0,2023-10-31,2024-07-16,0.0888118365852367,2.6323866916032914,,,regime_specific_spillover_event,,,
101,2024-02-14,2024-02-11,2024-02-17,dlog_SOLVPN__d_UST10Y,d_UST10Y,PairwiseNet_SOLVPN_to_X,common,1.0,2023-10-31,2024-07-16,0.1175650511654601,2.637650733506059,0.1175650511654601,2.3879402229812867,robust_spillover_event,,,
102,2024-02-14,2024-02-11,2024-02-17,dlog_SOLVPN__dlog_OIL,dlog_OIL,X_to_SOLVPN,segment-only,1.0,2023-10-31,2024-07-16,0.0957125349091407,3.162618007381697,,,regime_specific_spillover_event,,,
103,2024-02-15,2024-02-12,2024-02-18,dlog_SOLVPN__dlog_SILVER,dlog_SILVER,X_to_SOLVPN,segment-only,1.0,2023-10-31,2024-07-16,0.1287758199891572,2.3207470724112715,,,regime_specific_spillover_event,,,
104,2024-03-04,2024-03-01,2024-03-07,dlog_SOLVPN__dlog_GOLD,dlog_GOLD,PairwiseNet_SOLVPN_to_X,common,1.0,2023-10-31,2024-07-16,0.09961514386215,2.033675207561251,0.09961514386215,2.425721105634919,robust_spillover_event,,,
105,2024-03-04,2024-03-01,2024-03-07,dlog_SOLVPN__dlog_GOLD,dlog_GOLD,SOLVPN_to_X,common,1.0,2023-10-31,2024-07-16,0.1783849909075604,3.555774112718157,0.1783849909075604,2.556992420480595,robust_spillover_event,,,
106,2024-03-04,2024-03-01,2024-03-07,dlog_SOLVPN__dlog_SILVER,dlog_SILVER,X_to_SOLVPN,segment-only,1.0,2023-10-31,2024-07-16,0.144894438258479,2.8456632236334,,,regime_specific_spillover_event,,,
107,2024-03-14,2024-03-11,2024-03-17,dlog_SOLVPN__dlog_GOLD,dlog_GOLD,PairwiseNet_SOLVPN_to_X,common,1.0,2023-10-31,2024-07-16,0.1146948862515703,2.4148302400098887,0.1146948862515703,2.8181007105432005,robust_spillover_event,,,
108,2024-03-14,2024-03-11,2024-03-17,dlog_SOLVPN__dlog_GOLD,dlog_GOLD,SOLVPN_to_X,segment-only,1.0,2023-10-31,2024-07-16,0.1444911168365962,2.4702398280730864,,,regime_specific_spillover_event,,,
109,2024-03-19,2024-03-16,2024-03-22,dlog_SOLVPN__d_PJM_LMP,d_PJM_LMP,X_to_SOLVPN,segment-only,1.0,2023-10-31,2024-07-16,0.0753823375520532,2.652575598020003,,,regime_specific_spillover_event,,,
110,2024-04-08,2024-04-05,2024-04-11,dlog_SOLVPN__dlog_COPPER,dlog_COPPER,X_to_SOLVPN,segment-only,1.0,2023-10-31,2024-07-16,0.0900550905006372,3.056945337979045,,,regime_specific_spillover_event,,,
111,2024-04-11,2024-04-08,2024-04-14,dlog_SOLVPN__d_VIX,d_VIX,PairwiseNet_SOLVPN_to_X,common,1.0,2023-10-31,2024-07-16,0.1293683152150097,2.566911626003342,0.1293683152150097,2.6041744933461173,robust_spillover_event,,,
112,2024-04-16,2024-04-13,2024-04-19,dlog_SOLVPN__d_PJM_LMP,d_PJM_LMP,X_to_SOLVPN,segment-only,1.0,2023-10-31,2024-07-16,0.0902128682305664,3.4119921609988264,,,regime_specific_spillover_event,,,
113,2024-04-17,2024-04-14,2024-04-20,dlog_SOLVPN__dlog_OIL,dlog_OIL,PairwiseNet_SOLVPN_to_X,segment-only,1.0,2023-10-31,2024-07-16,0.1211815079943581,2.2065113736156614,,,regime_specific_spillover_event,,,
114,2024-04-30,2024-04-27,2024-05-03,dlog_SOLVPN__d_PJM_LMP,d_PJM_LMP,X_to_SOLVPN,segment-only,1.0,2023-10-31,2024-07-16,0.0824402387253674,3.0139845837852928,,,regime_specific_spillover_event,,,
115,2024-04-30,2024-04-27,2024-05-03,dlog_SOLVPN__d_UST10Y,d_UST10Y,PairwiseNet_SOLVPN_to_X,common,1.0,2023-10-31,2024-07-16,0.1092545968876917,2.417093675539183,0.1092545968876917,2.1850001493212123,robust_spillover_event,,,
116,2024-04-30,2024-04-27,2024-05-03,dlog_SOLVPN__d_VIX,d_VIX,PairwiseNet_SOLVPN_to_X,common,1.0,2023-10-31,2024-07-16,0.125143296436754,2.443138145302376,0.125143296436754,2.502795991098288,robust_spillover_event,,,
117,2024-04-30,2024-04-27,2024-05-03,dlog_SOLVPN__dlog_DXY,dlog_DXY,PairwiseNet_SOLVPN_to_X,segment-only,1.0,2023-10-31,2024-07-16,0.0755954574028669,2.486582531095155,,,regime_specific_spillover_event,,,
118,2024-04-30,2024-04-27,2024-05-03,dlog_SOLVPN__dlog_GOLD,dlog_GOLD,X_to_SOLVPN,segment-only,1.0,2023-10-31,2024-07-16,0.118371165287057,2.771782226899223,,,regime_specific_spillover_event,,,
119,2024-05-01,2024-04-28,2024-05-04,dlog_SOLVPN__dlog_OIL,dlog_OIL,X_to_SOLVPN,segment-only,1.0,2023-10-31,2024-07-16,0.0949277151393345,3.124774098002656,,,regime_specific_spillover_event,,,
120,2024-05-02,2024-04-29,2024-05-05,dlog_SOLVPN__d_VIX,d_VIX,SOLVPN_to_X,common,1.0,2023-10-31,2024-07-16,0.2792569993621136,2.430265466752195,0.2792569993621136,2.2237676601919096,robust_spillover_event,,,
121,2024-05-07,2024-05-04,2024-05-10,dlog_SOLVPN__d_VIX,d_VIX,X_to_SOLVPN,segment-only,1.0,2023-10-31,2024-07-16,0.2029501954479728,2.0671462677710157,,,regime_specific_spillover_event,,,
122,2024-05-23,2024-05-20,2024-05-26,dlog_SOLVPN__dlog_OIL,dlog_OIL,PairwiseNet_SOLVPN_to_X,segment-only,1.0,2023-10-31,2024-07-16,0.1207486899798146,2.195077032643753,,,regime_specific_spillover_event,,,
123,2024-05-23,2024-05-20,2024-05-26,dlog_SOLVPN__dlog_OIL,dlog_OIL,SOLVPN_to_X,segment-only,1.0,2023-10-31,2024-07-16,0.1713425525576027,2.485985086319761,,,regime_specific_spillover_event,,,
124,2024-06-11,2024-06-08,2024-06-14,dlog_SOLVPN__dlog_COPPER,dlog_COPPER,PairwiseNet_SOLVPN_to_X,segment-only,1.0,2023-10-31,2024-07-16,0.0878535587574598,2.596994486878876,,,regime_specific_spillover_event,,,
125,2024-06-11,2024-06-08,2024-06-14,dlog_SOLVPN__dlog_COPPER,dlog_COPPER,SOLVPN_to_X,segment-only,1.0,2023-10-31,2024-07-16,0.1177398203223603,2.812641735543276,,,regime_specific_spillover_event,,,
126,2024-06-18,2024-06-15,2024-06-21,dlog_SOLVPN__dlog_GAS,dlog_GAS,SOLVPN_to_X,segment-only,1.0,2023-10-31,2024-07-16,0.1039142948783159,2.290203234107365,,,regime_specific_spillover_event,,,
127,2024-06-27,2024-06-24,2024-06-30,dlog_SOLVPN__d_PJM_LMP,d_PJM_LMP,PairwiseNet_SOLVPN_to_X,common,1.0,2023-10-31,2024-07-16,0.1715454846093533,2.0998975367998827,0.1715454846093533,3.1397535998110047,robust_spillover_event,,,
128,2024-06-27,2024-06-24,2024-06-30,dlog_SOLVPN__d_PJM_LMP,d_PJM_LMP,SOLVPN_to_X,common,1.0,2023-10-31,2024-07-16,0.1849774585641343,2.351154861195396,0.1849774585641343,3.14075468079107,robust_spillover_event,,,
129,2024-07-08,2024-07-05,2024-07-11,dlog_SOLVPN__dlog_COPPER,dlog_COPPER,X_to_SOLVPN,segment-only,1.0,2023-10-31,2024-07-16,0.0785984119884857,2.391472885869544,,,regime_specific_spillover_event,,,
130,2024-07-10,2024-07-07,2024-07-13,dlog_SOLVPN__d_PJM_LMP,d_PJM_LMP,PairwiseNet_SOLVPN_to_X,common,1.0,2023-10-31,2024-07-16,0.1996513843583054,2.5465013856910885,0.1996513843583054,3.704770760391716,robust_spillover_event,,,
131,2024-07-10,2024-07-07,2024-07-13,dlog_SOLVPN__d_PJM_LMP,d_PJM_LMP,SOLVPN_to_X,common,1.0,2023-10-31,2024-07-16,0.2190247223402703,3.007288396265853,0.2190247223402703,3.9753758639993584,robust_spillover_event,,,
132,2024-07-11,2024-07-08,2024-07-14,dlog_SOLVPN__dlog_GOLD,dlog_GOLD,X_to_SOLVPN,segment-only,1.0,2023-10-31,2024-07-16,0.0990779369737288,2.0096287965160826,,,regime_specific_spillover_event,,,
133,2024-07-25,2024-07-22,2024-07-28,dlog_SOLVPN__dlog_GOLD,dlog_GOLD,PairwiseNet_SOLVPN_to_X,segment-only,2.0,2024-07-17,2025-04-15,0.077856352503208,2.439041922633607,,,regime_specific_spillover_event,,,
134,2024-07-25,2024-07-22,2024-07-28,dlog_SOLVPN__dlog_OIL,dlog_OIL,X_to_SOLVPN,common,2.0,2024-07-17,2025-04-15,0.1291406051303887,2.562667551216277,0.1291406051303887,2.161992505249541,robust_spillover_event,,,
135,2024-08-05,2024-08-02,2024-08-08,dlog_SOLVPN__d_VIX,d_VIX,X_to_SOLVPN,common,2.0,2024-07-17,2025-04-15,0.3488860517197966,3.7244917708406167,0.3488860517197966,4.166149867743553,robust_spillover_event,,,
136,2024-09-03,2024-08-31,2024-09-06,dlog_SOLVPN__d_PJM_LMP,d_PJM_LMP,PairwiseNet_SOLVPN_to_X,segment-only,2.0,2024-07-17,2025-04-15,0.1143127756487628,2.697956575547199,,,regime_specific_spillover_event,,,
137,2024-09-03,2024-08-31,2024-09-06,dlog_SOLVPN__d_PJM_LMP,d_PJM_LMP,SOLVPN_to_X,common,2.0,2024-07-17,2025-04-15,0.153225308248281,2.573062580111916,0.153225308248281,2.3623950028953167,robust_spillover_event,,,
138,2024-09-30,2024-09-27,2024-10-03,dlog_SOLVPN__dlog_DXY,dlog_DXY,PairwiseNet_SOLVPN_to_X,common,2.0,2024-07-17,2025-04-15,0.1132662647741485,2.324068991991864,0.1132662647741485,2.757259039312911,robust_spillover_event,,,
139,2024-11-12,2024-11-09,2024-11-15,dlog_SOLVPN__d_UST10Y,d_UST10Y,PairwiseNet_SOLVPN_to_X,common,2.0,2024-07-17,2025-04-15,0.1447981325668959,2.752929854999264,0.1447981325668959,3.052968073550517,robust_spillover_event,,,
140,2024-11-12,2024-11-09,2024-11-15,dlog_SOLVPN__dlog_COPPER,dlog_COPPER,SOLVPN_to_X,common,2.0,2024-07-17,2025-04-15,0.1947460490081969,2.000600941686436,0.1947460490081969,2.7136434190535765,robust_spillover_event,,,
141,2024-11-12,2024-11-09,2024-11-15,dlog_SOLVPN__dlog_COPPER,dlog_COPPER,X_to_SOLVPN,common,2.0,2024-07-17,2025-04-15,0.2301677270890111,2.6087449342584685,0.2301677270890111,3.6306739152454415,robust_spillover_event,,,
142,2024-11-12,2024-11-09,2024-11-15,dlog_SOLVPN__dlog_DXY,dlog_DXY,SOLVPN_to_X,common,2.0,2024-07-17,2025-04-15,0.1820521214721847,2.1153795458083766,0.1820521214721847,2.291882294446056,robust_spillover_event,,,
143,2024-11-12,2024-11-09,2024-11-15,dlog_SOLVPN__dlog_GAS,dlog_GAS,SOLVPN_to_X,common,2.0,2024-07-17,2025-04-15,0.2021805279467981,3.100856523840122,0.2021805279467981,4.067740278868552,robust_spillover_event,,,
144,2024-11-12,2024-11-09,2024-11-15,dlog_SOLVPN__dlog_GOLD,dlog_GOLD,PairwiseNet_SOLVPN_to_X,segment-only,2.0,2024-07-17,2025-04-15,0.0818472170345041,2.5861558271848644,,,regime_specific_spillover_event,,,
145,2024-11-12,2024-11-09,2024-11-15,dlog_SOLVPN__dlog_SILVER,dlog_SILVER,PairwiseNet_SOLVPN_to_X,segment-only,2.0,2024-07-17,2025-04-15,0.0693240260988092,2.067133926326725,,,regime_specific_spillover_event,,,
146,2024-11-20,2024-11-17,2024-11-23,dlog_SOLVPN__dlog_COPPER,dlog_COPPER,SOLVPN_to_X,common,2.0,2024-07-17,2025-04-15,0.2106663966747463,2.3206052624340425,0.2106663966747463,3.069125635888439,robust_spillover_event,,,
147,2024-12-02,2024-11-29,2024-12-05,dlog_SOLVPN__dlog_DXY,dlog_DXY,X_to_SOLVPN,segment-only,2.0,2024-07-17,2025-04-15,0.1660398922492809,2.926144218331442,,,regime_specific_spillover_event,,,
148,2024-12-10,2024-12-07,2024-12-13,dlog_SOLVPN__dlog_COPPER,dlog_COPPER,X_to_SOLVPN,common,2.0,2024-07-17,2025-04-15,0.2016585037447942,2.031422169605209,0.2016585037447942,2.994972893184405,robust_spillover_event,,,
149,2024-12-18,2024-12-15,2024-12-21,dlog_SOLVPN__d_PJM_LMP,d_PJM_LMP,PairwiseNet_SOLVPN_to_X,common,2.0,2024-07-17,2025-04-15,0.1713560427735518,4.324113847012255,0.1713560427735518,3.135945221886234,robust_spillover_event,,,
150,2024-12-18,2024-12-15,2024-12-21,dlog_SOLVPN__d_PJM_LMP,d_PJM_LMP,SOLVPN_to_X,common,2.0,2024-07-17,2025-04-15,0.1808804121572896,3.346702768896116,0.1808804121572896,3.040321302584133,robust_spillover_event,,,
151,2024-12-18,2024-12-15,2024-12-21,dlog_SOLVPN__d_UST10Y,d_UST10Y,PairwiseNet_SOLVPN_to_X,common,2.0,2024-07-17,2025-04-15,0.1682837408188446,3.286205484868527,0.1682837408188446,3.626483179860925,robust_spillover_event,,,
152,2024-12-18,2024-12-15,2024-12-21,dlog_SOLVPN__d_UST10Y,d_UST10Y,SOLVPN_to_X,common,2.0,2024-07-17,2025-04-15,0.2443496482974536,3.2686441364369534,0.2443496482974536,3.1763440626009376,robust_spillover_event,,,
153,2024-12-18,2024-12-15,2024-12-21,dlog_SOLVPN__d_VIX,d_VIX,SOLVPN_to_X,segment-only,2.0,2024-07-17,2025-04-15,0.2672246999289202,2.92220164348722,,,regime_specific_spillover_event,,,
154,2024-12-18,2024-12-15,2024-12-21,dlog_SOLVPN__d_VIX,d_VIX,X_to_SOLVPN,common,2.0,2024-07-17,2025-04-15,0.2748097722409105,2.3289993388164585,0.2748097722409105,2.6183829462308155,robust_spillover_event,,,
155,2024-12-18,2024-12-15,2024-12-21,dlog_SOLVPN__dlog_GAS,dlog_GAS,PairwiseNet_SOLVPN_to_X,common,2.0,2024-07-17,2025-04-15,0.2233722892152634,2.3470610084974037,0.2233722892152634,3.257976462265509,robust_spillover_event,,,
156,2024-12-18,2024-12-15,2024-12-21,dlog_SOLVPN__dlog_GAS,dlog_GAS,SOLVPN_to_X,common,2.0,2024-07-17,2025-04-15,0.2331713839075648,3.805917552094925,0.2331713839075648,4.92262683830494,robust_spillover_event,,,
157,2024-12-18,2024-12-15,2024-12-21,dlog_SOLVPN__dlog_OIL,dlog_OIL,PairwiseNet_SOLVPN_to_X,common,2.0,2024-07-17,2025-04-15,0.166733600647705,2.687067536541471,0.166733600647705,2.420733659788464,robust_spillover_event,,,
158,2024-12-18,2024-12-15,2024-12-21,dlog_SOLVPN__dlog_OIL,dlog_OIL,SOLVPN_to_X,common,2.0,2024-07-17,2025-04-15,0.1871913422126059,3.246380117034665,0.1871913422126059,2.2804272950830584,robust_spillover_event,,,
159,2024-12-18,2024-12-15,2024-12-21,dlog_SOLVPN__dlog_SILVER,dlog_SILVER,PairwiseNet_SOLVPN_to_X,common,2.0,2024-07-17,2025-04-15,0.1411313507477758,3.9442886666578247,0.1411313507477758,3.812320610148257,robust_spillover_event,,,
160,2024-12-18,2024-12-15,2024-12-21,dlog_SOLVPN__dlog_SILVER,dlog_SILVER,SOLVPN_to_X,common,2.0,2024-07-17,2025-04-15,0.2158430399513659,3.2339797052447565,0.2158430399513659,3.922167930633184,robust_spillover_event,,,
161,2025-01-02,2024-12-30,2025-01-05,dlog_SOLVPN__dlog_DXY,dlog_DXY,X_to_SOLVPN,segment-only,2.0,2024-07-17,2025-04-15,0.1367527455391799,2.076338098198085,,,regime_specific_spillover_event,,,
162,2025-01-06,2025-01-03,2025-01-09,dlog_SOLVPN__d_VIX,d_VIX,SOLVPN_to_X,segment-only,2.0,2024-07-17,2025-04-15,0.2488875370153938,2.3414365602875318,,,regime_specific_spillover_event,,,
163,2025-01-16,2025-01-13,2025-01-19,dlog_SOLVPN__dlog_OIL,dlog_OIL,X_to_SOLVPN,common,2.0,2024-07-17,2025-04-15,0.2278284377006901,5.239194912145977,0.2278284377006901,4.690488504734839,robust_spillover_event,,,
164,2025-01-21,2025-01-18,2025-01-24,dlog_SOLVPN__d_UST10Y,d_UST10Y,SOLVPN_to_X,common,2.0,2024-07-17,2025-04-15,0.2305557522325446,2.990139328861704,0.2305557522325446,2.8984391527737965,robust_spillover_event,,,
165,2025-01-21,2025-01-18,2025-01-24,dlog_SOLVPN__dlog_DXY,dlog_DXY,SOLVPN_to_X,common,2.0,2024-07-17,2025-04-15,0.1869364778811853,2.228221070982711,0.1869364778811853,2.4003235095762845,robust_spillover_event,,,
166,2025-01-21,2025-01-18,2025-01-24,dlog_SOLVPN__dlog_DXY,dlog_DXY,X_to_SOLVPN,segment-only,2.0,2024-07-17,2025-04-15,0.1341861448602809,2.001864712775582,,,regime_specific_spillover_event,,,
167,2025-01-21,2025-01-18,2025-01-24,dlog_SOLVPN__dlog_GAS,dlog_GAS,SOLVPN_to_X,common,2.0,2024-07-17,2025-04-15,0.2209442816280868,3.5277434572374253,0.2209442816280868,4.585340723561526,robust_spillover_event,,,
168,2025-01-22,2025-01-19,2025-01-25,dlog_SOLVPN__d_UST10Y,d_UST10Y,X_to_SOLVPN,segment-only,2.0,2024-07-17,2025-04-15,0.1419829529567565,3.0129201330330027,,,regime_specific_spillover_event,,,
169,2025-01-27,2025-01-24,2025-01-30,dlog_SOLVPN__d_PJM_LMP,d_PJM_LMP,SOLVPN_to_X,common,2.0,2024-07-17,2025-04-15,0.2118453958663794,4.21293548750096,0.2118453958663794,3.799384689035183,robust_spillover_event,,,
170,2025-01-27,2025-01-24,2025-01-30,dlog_SOLVPN__d_UST10Y,d_UST10Y,PairwiseNet_SOLVPN_to_X,common,2.0,2024-07-17,2025-04-15,0.1394029549210388,2.630424330488854,0.1394029549210388,2.921218627339326,robust_spillover_event,,,
171,2025-01-27,2025-01-24,2025-01-30,dlog_SOLVPN__dlog_OIL,dlog_OIL,SOLVPN_to_X,segment-only,2.0,2024-07-17,2025-04-15,0.1486419333303092,2.2337855652652303,,,regime_specific_spillover_event,,,
172,2025-01-28,2025-01-25,2025-01-31,dlog_SOLVPN__d_PJM_LMP,d_PJM_LMP,X_to_SOLVPN,common,2.0,2024-07-17,2025-04-15,0.1396835036314859,2.8692701659819164,0.1396835036314859,2.673473175961377,robust_spillover_event,,,
173,2025-02-18,2025-02-15,2025-02-21,dlog_SOLVPN__dlog_GAS,dlog_GAS,X_to_SOLVPN,common,2.0,2024-07-17,2025-04-15,0.2294227887927943,2.3671769417698765,0.2294227887927943,3.7963590584809226,robust_spillover_event,,,
174,2025-02-24,2025-02-21,2025-02-27,dlog_SOLVPN__d_PJM_LMP,d_PJM_LMP,X_to_SOLVPN,common,2.0,2024-07-17,2025-04-15,0.1510497391060458,3.2016838353045447,0.1510497391060458,2.982940705380796,robust_spillover_event,,,
175,2025-02-26,2025-02-23,2025-03-01,dlog_SOLVPN__dlog_GAS,dlog_GAS,X_to_SOLVPN,common,2.0,2024-07-17,2025-04-15,0.2895907538020329,3.211691176412282,0.2895907538020329,4.992331493630351,robust_spillover_event,,,
176,2025-03-04,2025-03-01,2025-03-07,dlog_SOLVPN__dlog_DXY,dlog_DXY,PairwiseNet_SOLVPN_to_X,common,2.0,2024-07-17,2025-04-15,0.1297078807333918,2.75841943704847,0.1297078807333918,3.189567432635066,robust_spillover_event,,,
177,2025-03-13,2025-03-10,2025-03-16,dlog_SOLVPN__dlog_GAS,dlog_GAS,X_to_SOLVPN,common,2.0,2024-07-17,2025-04-15,0.2195861719933428,2.2291107315102505,0.2195861719933428,3.600834371125029,robust_spillover_event,,,
178,2025-04-07,2025-04-04,2025-04-10,dlog_SOLVPN__d_PJM_LMP,d_PJM_LMP,SOLVPN_to_X,common,2.0,2024-07-17,2025-04-15,0.1461579857930587,2.375357133173566,0.1461579857930587,2.189149450228423,robust_spillover_event,,,
179,2025-04-09,2025-04-06,2025-04-12,dlog_SOLVPN__d_PJM_LMP,d_PJM_LMP,PairwiseNet_SOLVPN_to_X,segment-only,2.0,2024-07-17,2025-04-15,0.1067128596474256,2.481302458575569,,,regime_specific_spillover_event,,,
180,2025-04-09,2025-04-06,2025-04-12,dlog_SOLVPN__d_UST10Y,d_UST10Y,PairwiseNet_SOLVPN_to_X,common,2.0,2024-07-17,2025-04-15,0.1863445616732781,3.6963032568223273,0.1863445616732781,4.067525774170749,robust_spillover_event,,,
181,2025-04-09,2025-04-06,2025-04-12,dlog_SOLVPN__d_UST10Y,d_UST10Y,SOLVPN_to_X,common,2.0,2024-07-17,2025-04-15,0.1948579005624158,2.269384056859105,0.1948579005624158,2.179236383467204,robust_spillover_event,,,
182,2025-04-09,2025-04-06,2025-04-12,dlog_SOLVPN__d_VIX,d_VIX,X_to_SOLVPN,common,2.0,2024-07-17,2025-04-15,0.344420357889747,3.640364409323392,0.344420357889747,4.072842627688059,robust_spillover_event,,,
183,2025-04-09,2025-04-06,2025-04-12,dlog_SOLVPN__dlog_GOLD,dlog_GOLD,PairwiseNet_SOLVPN_to_X,segment-only,2.0,2024-07-17,2025-04-15,0.0670099716217549,2.0392154115587,,,regime_specific_spillover_event,,,
184,2025-04-09,2025-04-06,2025-04-12,dlog_SOLVPN__dlog_OIL,dlog_OIL,SOLVPN_to_X,common,2.0,2024-07-17,2025-04-15,0.1866569236958749,3.2323423070112,0.1866569236958749,2.269877686710594,robust_spillover_event,,,
185,2025-04-22,2025-04-19,2025-04-25,dlog_SOLVPN__dlog_DXY,dlog_DXY,PairwiseNet_SOLVPN_to_X,common,3.0,2025-04-16,2026-01-06,0.1082936420634982,2.3339020771674908,0.1082936420634982,2.6265111529757434,robust_spillover_event,,,
186,2025-04-22,2025-04-19,2025-04-25,dlog_SOLVPN__dlog_DXY,dlog_DXY,SOLVPN_to_X,segment-only,3.0,2025-04-16,2026-01-06,0.1342272052709562,2.6994352284933054,,,regime_specific_spillover_event,,,
187,2025-04-24,2025-04-21,2025-04-27,dlog_SOLVPN__dlog_GAS,dlog_GAS,X_to_SOLVPN,segment-only,3.0,2025-04-16,2026-01-06,0.07506403541409,2.222298553431881,,,regime_specific_spillover_event,,,
188,2025-04-29,2025-04-26,2025-05-02,dlog_SOLVPN__d_UST10Y,d_UST10Y,PairwiseNet_SOLVPN_to_X,common,3.0,2025-04-16,2026-01-06,0.121803897378688,2.045454080231082,0.121803897378688,2.4914522253332443,robust_spillover_event,,,
189,2025-04-30,2025-04-27,2025-05-03,dlog_SOLVPN__dlog_OIL,dlog_OIL,SOLVPN_to_X,common,3.0,2025-04-16,2026-01-06,0.2253744735271365,2.04126813958444,0.2253744735271365,3.034175657446432,robust_spillover_event,,,
190,2025-05-06,2025-05-03,2025-05-09,dlog_SOLVPN__dlog_GOLD,dlog_GOLD,PairwiseNet_SOLVPN_to_X,common,3.0,2025-04-16,2026-01-06,0.1060585128362313,2.1162424593953424,0.1060585128362313,2.5933795779773963,robust_spillover_event,,,
191,2025-05-12,2025-05-09,2025-05-15,dlog_SOLVPN__dlog_OIL,dlog_OIL,PairwiseNet_SOLVPN_to_X,common,3.0,2025-04-16,2026-01-06,0.2007066225766721,2.04667987455508,0.2007066225766721,3.0089122009610736,robust_spillover_event,,,
192,2025-05-12,2025-05-09,2025-05-15,dlog_SOLVPN__dlog_OIL,dlog_OIL,SOLVPN_to_X,common,3.0,2025-04-16,2026-01-06,0.2262071807093337,2.055156946061859,0.2262071807093337,3.050613588367788,robust_spillover_event,,,
193,2025-05-19,2025-05-16,2025-05-22,dlog_SOLVPN__d_UST10Y,d_UST10Y,PairwiseNet_SOLVPN_to_X,common,3.0,2025-04-16,2026-01-06,0.1476104740460183,2.6076509954760314,0.1476104740460183,3.121645039677048,robust_spillover_event,,,
194,2025-05-20,2025-05-17,2025-05-23,dlog_SOLVPN__d_UST10Y,d_UST10Y,SOLVPN_to_X,segment-only,3.0,2025-04-16,2026-01-06,0.1642566816379103,2.364590882968154,,,regime_specific_spillover_event,,,
195,2025-05-20,2025-05-17,2025-05-23,dlog_SOLVPN__dlog_OIL,dlog_OIL,PairwiseNet_SOLVPN_to_X,common,3.0,2025-04-16,2026-01-06,0.2449718012710599,2.572358767251022,0.2449718012710599,3.775279946628421,robust_spillover_event,,,
196,2025-05-20,2025-05-17,2025-05-23,dlog_SOLVPN__dlog_OIL,dlog_OIL,SOLVPN_to_X,common,3.0,2025-04-16,2026-01-06,0.2653739676995465,2.7084237083515905,0.2653739676995465,3.823779657691006,robust_spillover_event,,,
197,2025-05-22,2025-05-19,2025-05-25,dlog_SOLVPN__dlog_SILVER,dlog_SILVER,SOLVPN_to_X,common,3.0,2025-04-16,2026-01-06,0.1612269294940024,2.362142148083544,0.1612269294940024,2.4590894922913407,robust_spillover_event,,,
198,2025-05-27,2025-05-24,2025-05-30,dlog_SOLVPN__dlog_DXY,dlog_DXY,SOLVPN_to_X,segment-only,3.0,2025-04-16,2026-01-06,0.1654458963110277,3.677749020544257,,,regime_specific_spillover_event,,,
199,2025-05-28,2025-05-25,2025-05-31,dlog_SOLVPN__dlog_DXY,dlog_DXY,PairwiseNet_SOLVPN_to_X,common,3.0,2025-04-16,2026-01-06,0.1517083075326835,3.444359987180286,0.1517083075326835,3.7680366771168754,robust_spillover_event,,,
200,2025-06-18,2025-06-15,2025-06-21,dlog_SOLVPN__dlog_GAS,dlog_GAS,PairwiseNet_SOLVPN_to_X,segment-only,3.0,2025-04-16,2026-01-06,0.0989235426582827,2.171015709558933,,,regime_specific_spillover_event,,,
201,2025-06-18,2025-06-15,2025-06-21,dlog_SOLVPN__dlog_GAS,dlog_GAS,SOLVPN_to_X,segment-only,3.0,2025-04-16,2026-01-06,0.1154434024317422,2.465270047025477,,,regime_specific_spillover_event,,,
202,2025-06-24,2025-06-21,2025-06-27,dlog_SOLVPN__d_PJM_LMP,d_PJM_LMP,X_to_SOLVPN,common,3.0,2025-04-16,2026-01-06,0.1429505825990702,2.737737091314279,0.1429505825990702,2.7624256579664714,robust_spillover_event,,,
203,2025-06-24,2025-06-21,2025-06-27,dlog_SOLVPN__d_VIX,d_VIX,PairwiseNet_SOLVPN_to_X,common,3.0,2025-04-16,2026-01-06,0.1199817463645887,2.6373687525493703,0.1199817463645887,2.378945602956505,robust_spillover_event,,,
204,2025-06-24,2025-06-21,2025-06-27,dlog_SOLVPN__d_VIX,d_VIX,SOLVPN_to_X,common,3.0,2025-04-16,2026-01-06,0.3058234677246448,2.104524769157965,0.3058234677246448,2.7661339660345656,robust_spillover_event,,,
205,2025-06-25,2025-06-22,2025-06-28,dlog_SOLVPN__d_PJM_LMP,d_PJM_LMP,SOLVPN_to_X,common,3.0,2025-04-16,2026-01-06,0.1898548463612439,3.1578689799045128,0.1898548463612439,3.2603170397798844,robust_spillover_event,,,
206,2025-07-03,2025-06-30,2025-07-06,dlog_SOLVPN__d_PJM_LMP,d_PJM_LMP,SOLVPN_to_X,common,3.0,2025-04-16,2026-01-06,0.1707411192697528,2.636762078796408,0.1707411192697528,2.791770679475831,robust_spillover_event,,,
207,2025-07-08,2025-07-05,2025-07-11,dlog_SOLVPN__d_PJM_LMP,d_PJM_LMP,PairwiseNet_SOLVPN_to_X,segment-only,3.0,2025-04-16,2026-01-06,0.1145889110972326,2.693503868016823,,,regime_specific_spillover_event,,,
208,2025-07-08,2025-07-05,2025-07-11,dlog_SOLVPN__d_VIX,d_VIX,PairwiseNet_SOLVPN_to_X,segment-only,3.0,2025-04-16,2026-01-06,0.1013652809446744,2.127792384675855,,,regime_specific_spillover_event,,,
209,2025-07-08,2025-07-05,2025-07-11,dlog_SOLVPN__dlog_COPPER,dlog_COPPER,X_to_SOLVPN,common,3.0,2025-04-16,2026-01-06,0.1940927302961511,3.431488516920685,0.1940927302961511,2.826270650548241,robust_spillover_event,,,
210,2025-07-08,2025-07-05,2025-07-11,dlog_SOLVPN__dlog_DXY,dlog_DXY,X_to_SOLVPN,segment-only,3.0,2025-04-16,2026-01-06,0.0957312150972095,3.047655328065308,,,regime_specific_spillover_event,,,
211,2025-07-09,2025-07-06,2025-07-12,dlog_SOLVPN__dlog_COPPER,dlog_COPPER,PairwiseNet_SOLVPN_to_X,common,3.0,2025-04-16,2026-01-06,0.2035982836403211,2.498718965066044,0.2035982836403211,3.97863911917958,robust_spillover_event,,,
212,2025-07-09,2025-07-06,2025-07-12,dlog_SOLVPN__dlog_COPPER,dlog_COPPER,SOLVPN_to_X,common,3.0,2025-04-16,2026-01-06,0.2186860642625155,2.6386373837853028,0.2186860642625155,3.248195168293744,robust_spillover_event,,,
213,2025-07-15,2025-07-12,2025-07-18,dlog_SOLVPN__dlog_GOLD,dlog_GOLD,X_to_SOLVPN,common,3.0,2025-04-16,2026-01-06,0.1638900472440249,3.1738402583533274,0.1638900472440249,2.4182448184260266,robust_spillover_event,,,
214,2025-07-21,2025-07-18,2025-07-24,dlog_SOLVPN__dlog_DXY,dlog_DXY,X_to_SOLVPN,segment-only,3.0,2025-04-16,2026-01-06,0.0822160261871315,2.410950553339675,,,regime_specific_spillover_event,,,
215,2025-07-22,2025-07-19,2025-07-25,dlog_SOLVPN__dlog_COPPER,dlog_COPPER,PairwiseNet_SOLVPN_to_X,common,3.0,2025-04-16,2026-01-06,0.2448486414996505,3.0416049538076027,0.2448486414996505,4.808675670289592,robust_spillover_event,,,
216,2025-07-22,2025-07-19,2025-07-25,dlog_SOLVPN__dlog_COPPER,dlog_COPPER,SOLVPN_to_X,common,3.0,2025-04-16,2026-01-06,0.2570125181662894,3.322590396290837,0.2570125181662894,4.103978790768216,robust_spillover_event,,,
217,2025-07-24,2025-07-21,2025-07-27,dlog_SOLVPN__d_PJM_LMP,d_PJM_LMP,X_to_SOLVPN,common,3.0,2025-04-16,2026-01-06,0.1479011482538004,2.898191063011587,0.1479011482538004,2.8972142892443493,robust_spillover_event,,,
218,2025-07-30,2025-07-27,2025-08-02,dlog_SOLVPN__dlog_COPPER,dlog_COPPER,PairwiseNet_SOLVPN_to_X,common,3.0,2025-04-16,2026-01-06,0.1999621364341462,2.4508645106158347,0.1999621364341462,3.90547284274062,robust_spillover_event,,,
219,2025-07-30,2025-07-27,2025-08-02,dlog_SOLVPN__dlog_COPPER,dlog_COPPER,SOLVPN_to_X,common,3.0,2025-04-16,2026-01-06,0.2276272852431681,2.7981975413868607,0.2276272852431681,3.4478418796586623,robust_spillover_event,,,
220,2025-07-31,2025-07-28,2025-08-03,dlog_SOLVPN__dlog_DXY,dlog_DXY,X_to_SOLVPN,segment-only,3.0,2025-04-16,2026-01-06,0.0775260757926819,2.1900055240662963,,,regime_specific_spillover_event,,,
221,2025-08-06,2025-08-03,2025-08-09,dlog_SOLVPN__dlog_GAS,dlog_GAS,PairwiseNet_SOLVPN_to_X,segment-only,3.0,2025-04-16,2026-01-06,0.1150159665977051,2.6205851224781087,,,regime_specific_spillover_event,,,
222,2025-08-06,2025-08-03,2025-08-09,dlog_SOLVPN__dlog_GAS,dlog_GAS,SOLVPN_to_X,segment-only,3.0,2025-04-16,2026-01-06,0.1241563553320826,2.773675414058712,,,regime_specific_spillover_event,,,
223,2025-09-10,2025-09-07,2025-09-13,dlog_SOLVPN__dlog_GAS,dlog_GAS,SOLVPN_to_X,segment-only,3.0,2025-04-16,2026-01-06,0.1189911006010372,2.59084505799355,,,regime_specific_spillover_event,,,
224,2025-09-11,2025-09-08,2025-09-14,dlog_SOLVPN__dlog_GAS,dlog_GAS,PairwiseNet_SOLVPN_to_X,segment-only,3.0,2025-04-16,2026-01-06,0.1117140862857352,2.5283414431561133,,,regime_specific_spillover_event,,,
225,2025-09-22,2025-09-19,2025-09-25,dlog_SOLVPN__dlog_COPPER,dlog_COPPER,X_to_SOLVPN,common,3.0,2025-04-16,2026-01-06,0.1787530085747749,3.047280455091307,0.1787530085747749,2.4842242658160933,robust_spillover_event,,,
226,2025-09-29,2025-09-26,2025-10-02,dlog_SOLVPN__dlog_DXY,dlog_DXY,X_to_SOLVPN,segment-only,3.0,2025-04-16,2026-01-06,0.081121950525191,2.3594083068713934,,,regime_specific_spillover_event,,,
227,2025-10-02,2025-09-29,2025-10-05,dlog_SOLVPN__dlog_OIL,dlog_OIL,X_to_SOLVPN,common,3.0,2025-04-16,2026-01-06,0.250996421752766,3.825061294763019,0.250996421752766,5.284078955209904,robust_spillover_event,,,
228,2025-10-08,2025-10-05,2025-10-11,dlog_SOLVPN__d_PJM_LMP,d_PJM_LMP,X_to_SOLVPN,common,3.0,2025-04-16,2026-01-06,0.1212887302713169,2.035649596123191,0.1212887302713169,2.172640241544096,robust_spillover_event,,,
229,2025-10-15,2025-10-12,2025-10-18,dlog_SOLVPN__dlog_COPPER,dlog_COPPER,X_to_SOLVPN,common,3.0,2025-04-16,2026-01-06,0.2234701508938195,4.167293379250616,0.2234701508938195,3.481330806834228,robust_spillover_event,,,
230,2025-10-16,2025-10-13,2025-10-19,dlog_SOLVPN__d_UST10Y,d_UST10Y,SOLVPN_to_X,segment-only,3.0,2025-04-16,2026-01-06,0.1666530706778764,2.4200339780178703,,,regime_specific_spillover_event,,,
231,2025-10-16,2025-10-13,2025-10-19,dlog_SOLVPN__dlog_SILVER,dlog_SILVER,SOLVPN_to_X,common,3.0,2025-04-16,2026-01-06,0.157609517283014,2.2682196638642997,0.157609517283014,2.3621847921182413,robust_spillover_event,,,
232,2025-10-16,2025-10-13,2025-10-19,dlog_SOLVPN__dlog_SILVER,dlog_SILVER,X_to_SOLVPN,common,3.0,2025-04-16,2026-01-06,0.1963368733119488,2.810170511290744,0.1963368733119488,2.822145913763359,robust_spillover_event,,,
233,2025-10-20,2025-10-17,2025-10-23,dlog_SOLVPN__d_VIX,d_VIX,PairwiseNet_SOLVPN_to_X,common,3.0,2025-04-16,2026-01-06,0.112775087528473,2.4401055797946185,0.112775087528473,2.2060232285574672,robust_spillover_event,,,
234,2025-10-20,2025-10-17,2025-10-23,dlog_SOLVPN__dlog_GOLD,dlog_GOLD,PairwiseNet_SOLVPN_to_X,common,3.0,2025-04-16,2026-01-06,0.1107135022079451,2.211013011598057,0.1107135022079451,2.714503854729416,robust_spillover_event,,,
235,2025-10-20,2025-10-17,2025-10-23,dlog_SOLVPN__dlog_GOLD,dlog_GOLD,SOLVPN_to_X,segment-only,3.0,2025-04-16,2026-01-06,0.1374264733920205,2.46320806451994,,,regime_specific_spillover_event,,,
236,2025-10-23,2025-10-20,2025-10-26,dlog_SOLVPN__d_UST10Y,d_UST10Y,X_to_SOLVPN,segment-only,3.0,2025-04-16,2026-01-06,0.1319471731049676,3.285232984062425,,,regime_specific_spillover_event,,,
237,2025-11-04,2025-11-01,2025-11-07,dlog_SOLVPN__dlog_SILVER,dlog_SILVER,X_to_SOLVPN,common,3.0,2025-04-16,2026-01-06,0.1673630414228158,2.1470374347335883,0.1673630414228158,2.1603955127776078,robust_spillover_event,,,
238,2025-11-10,2025-11-07,2025-11-13,dlog_SOLVPN__d_UST10Y,d_UST10Y,SOLVPN_to_X,common,3.0,2025-04-16,2026-01-06,0.1951022940659814,3.078238038415186,0.1951022940659814,2.1841601667298263,robust_spillover_event,,,
239,2025-11-10,2025-11-07,2025-11-13,dlog_SOLVPN__dlog_GOLD,dlog_GOLD,SOLVPN_to_X,segment-only,3.0,2025-04-16,2026-01-06,0.1230527503822474,2.050081734349704,,,regime_specific_spillover_event,,,
240,2025-11-12,2025-11-09,2025-11-15,dlog_SOLVPN__d_UST10Y,d_UST10Y,X_to_SOLVPN,segment-only,3.0,2025-04-16,2026-01-06,0.1026301501170156,2.3004877379252617,,,regime_specific_spillover_event,,,
241,2025-11-13,2025-11-10,2025-11-16,dlog_SOLVPN__d_UST10Y,d_UST10Y,PairwiseNet_SOLVPN_to_X,common,3.0,2025-04-16,2026-01-06,0.1400662532722679,2.443299958079481,0.1400662532722679,2.9374162757178413,robust_spillover_event,,,
242,2025-11-17,2025-11-14,2025-11-20,dlog_SOLVPN__dlog_GOLD,dlog_GOLD,X_to_SOLVPN,common,3.0,2025-04-16,2026-01-06,0.1608319214087493,3.0889060363611422,0.1608319214087493,2.344744909507732,robust_spillover_event,,,
243,2025-12-04,2025-12-01,2025-12-07,dlog_SOLVPN__dlog_DXY,dlog_DXY,X_to_SOLVPN,segment-only,3.0,2025-04-16,2026-01-06,0.0863557578140202,2.6059746044616934,,,regime_specific_spillover_event,,,
244,2025-12-08,2025-12-05,2025-12-11,dlog_SOLVPN__dlog_GOLD,dlog_GOLD,SOLVPN_to_X,segment-only,3.0,2025-04-16,2026-01-06,0.1335467010031465,2.351696514741118,,,regime_specific_spillover_event,,,
245,2025-12-22,2025-12-19,2025-12-25,dlog_SOLVPN__d_PJM_LMP,d_PJM_LMP,PairwiseNet_SOLVPN_to_X,common,3.0,2025-04-16,2026-01-06,0.1221251154199659,2.8984518348088253,0.1221251154199659,2.1462484310152874,robust_spillover_event,,,
246,2025-12-22,2025-12-19,2025-12-25,dlog_SOLVPN__d_PJM_LMP,d_PJM_LMP,SOLVPN_to_X,common,3.0,2025-04-16,2026-01-06,0.1556043553148749,2.224081071080084,0.1556043553148749,2.4207140234980966,robust_spillover_event,,,
247,2025-12-29,2025-12-26,2026-01-01,dlog_SOLVPN__dlog_COPPER,dlog_COPPER,X_to_SOLVPN,common,3.0,2025-04-16,2026-01-06,0.1941074001081956,3.4318559460146028,0.1941074001081956,2.826597759231545,robust_spillover_event,,,
248,2025-12-29,2025-12-26,2026-01-01,dlog_SOLVPN__dlog_GAS,dlog_GAS,X_to_SOLVPN,common,3.0,2025-04-16,2026-01-06,0.1436782675250033,5.242918620005883,0.1436782675250033,2.091995550663832,robust_spillover_event,,,
249,2025-12-29,2025-12-26,2026-01-01,dlog_SOLVPN__dlog_GOLD,dlog_GOLD,X_to_SOLVPN,common,3.0,2025-04-16,2026-01-06,0.1545565254225787,2.914617630818711,0.1545565254225787,2.1939201696983512,robust_spillover_event,,,
