Pair,Target,DirectionLabel,spike_count,mean_spillover,mean_segment_z,max_segment_z,first_spike_date,last_spike_date
dlog_SOLVPN__d_PJM_LMP,d_PJM_LMP,SOLVPN_to_X,13,0.15842988929582022,2.8896310093013162,5.394853307766152,2022-12-13,2025-12-22
dlog_SOLVPN__d_PJM_LMP,d_PJM_LMP,X_to_SOLVPN,11,0.14820454437182332,3.39993653306842,6.558437704849546,2022-12-15,2025-10-08
dlog_SOLVPN__d_PJM_LMP,d_PJM_LMP,NET_SOLVPN_to_X,8,0.13758989629489038,2.7497664913465902,4.324113847012255,2022-12-13,2025-12-22
dlog_SOLVPN__d_UST10Y,d_UST10Y,NET_SOLVPN_to_X,15,0.12337935664974954,2.576751823786078,3.6963032568223273,2022-12-07,2025-11-13
dlog_SOLVPN__d_UST10Y,d_UST10Y,SOLVPN_to_X,7,0.20317330364530634,2.8074337506572937,3.2686441364369534,2023-10-26,2025-11-10
dlog_SOLVPN__d_UST10Y,d_UST10Y,X_to_SOLVPN,7,0.15907977687581534,2.7628177912126004,3.285232984062425,2023-07-05,2025-11-12
dlog_SOLVPN__d_VIX,d_VIX,NET_SOLVPN_to_X,10,0.0937304347754139,2.6705225508895483,3.711665271482841,2022-12-19,2025-10-20
dlog_SOLVPN__d_VIX,d_VIX,X_to_SOLVPN,8,0.261344309625501,2.8547362234602485,3.7244917708406167,2023-09-21,2025-04-09
dlog_SOLVPN__d_VIX,d_VIX,SOLVPN_to_X,6,0.2669840712827379,2.537558419907444,3.052969742016282,2023-03-09,2025-06-24
dlog_SOLVPN__dlog_COPPER,dlog_COPPER,X_to_SOLVPN,11,0.16202398167324247,2.800861497425124,4.167293379250616,2022-12-19,2025-12-29
dlog_SOLVPN__dlog_COPPER,dlog_COPPER,NET_SOLVPN_to_X,8,0.13399800957110272,2.60819657224665,3.0416049538076027,2022-12-12,2025-07-30
dlog_SOLVPN__dlog_COPPER,dlog_COPPER,SOLVPN_to_X,7,0.19825702295084469,2.628745025789527,3.322590396290837,2022-12-29,2025-07-30
dlog_SOLVPN__dlog_DXY,dlog_DXY,X_to_SOLVPN,12,0.14038969894549697,2.5517946956915796,3.2672532910321035,2022-12-27,2025-12-04
dlog_SOLVPN__dlog_DXY,dlog_DXY,NET_SOLVPN_to_X,9,0.10112656191707399,2.5703296764095014,3.444359987180286,2022-12-14,2025-05-28
dlog_SOLVPN__dlog_DXY,dlog_DXY,SOLVPN_to_X,6,0.1704526515500677,2.9289756254310966,4.54389878007393,2023-01-05,2025-05-27
dlog_SOLVPN__dlog_GAS,dlog_GAS,SOLVPN_to_X,14,0.15442445667824614,2.85593209476167,5.1058692253713245,2022-12-13,2025-09-10
dlog_SOLVPN__dlog_GAS,dlog_GAS,X_to_SOLVPN,11,0.18696241261921778,3.5149960853024442,7.313113808942796,2022-12-13,2025-12-29
dlog_SOLVPN__dlog_GAS,dlog_GAS,NET_SOLVPN_to_X,9,0.13876466343024008,2.3926920376074774,2.641285892818791,2022-12-20,2025-09-11
dlog_SOLVPN__dlog_GOLD,dlog_GOLD,NET_SOLVPN_to_X,11,0.09059345132696407,2.3400165590436606,2.791675723807625,2022-12-15,2025-10-20
dlog_SOLVPN__dlog_GOLD,dlog_GOLD,X_to_SOLVPN,9,0.15522748704491965,2.6207268003245705,3.1738402583533274,2022-12-19,2025-12-29
dlog_SOLVPN__dlog_GOLD,dlog_GOLD,SOLVPN_to_X,7,0.15498896654990288,2.461096421815379,3.555774112718157,2023-01-10,2025-12-08
dlog_SOLVPN__dlog_OIL,dlog_OIL,SOLVPN_to_X,11,0.19632600614133008,2.631033005721064,3.246380117034665,2022-12-13,2025-05-20
dlog_SOLVPN__dlog_OIL,dlog_OIL,X_to_SOLVPN,10,0.15956857891090664,3.7204231519228608,8.39481512238344,2022-12-07,2025-10-02
dlog_SOLVPN__dlog_OIL,dlog_OIL,NET_SOLVPN_to_X,9,0.15583267775180792,2.431198961027226,3.554926965143756,2022-12-12,2025-05-20
dlog_SOLVPN__dlog_SILVER,dlog_SILVER,SOLVPN_to_X,8,0.15448918759890717,2.364839588115478,3.2339797052447565,2022-12-13,2025-10-16
dlog_SOLVPN__dlog_SILVER,dlog_SILVER,X_to_SOLVPN,7,0.1612296258114545,2.744406856227758,4.37199567664734,2023-02-06,2025-11-04
dlog_SOLVPN__dlog_SILVER,dlog_SILVER,NET_SOLVPN_to_X,5,0.08692818398984845,2.712643810434617,3.9442886666578247,2022-12-13,2024-12-18
