SegmentID,SegmentStart,SegmentEnd,SegmentLength,Pair,DirectionMetric,spike_count,mean_spillover,mean_abs_spillover,max_abs_spillover,mean_segment_z,max_segment_z,spike_density
0,2022-12-01,2023-10-30,180.0,dlog_SOLVPN__d_PJM_LMP,SOLVPN_to_X,1,0.1769418955172163,0.1769418955172163,0.1769418955172163,5.394853307766152,5.394853307766152,0.005555555555555556
0,2022-12-01,2023-10-30,180.0,dlog_SOLVPN__d_PJM_LMP,X_to_SOLVPN,2,0.29192236781096664,0.29192236781096664,0.3428614185057536,5.4478453308405115,6.558437704849546,0.011111111111111112
0,2022-12-01,2023-10-30,180.0,dlog_SOLVPN__d_UST10Y,PairwiseNet_SOLVPN_to_X,2,0.10539371110339285,0.10539371110339285,0.1055234289146973,2.6850669827300724,2.688778865543767,0.011111111111111112
0,2022-12-01,2023-10-30,180.0,dlog_SOLVPN__d_UST10Y,SOLVPN_to_X,1,0.2264377780429623,0.2264377780429623,0.2264377780429623,3.2610058330420846,3.2610058330420846,0.005555555555555556
0,2022-12-01,2023-10-30,180.0,dlog_SOLVPN__d_UST10Y,X_to_SOLVPN,2,0.1825423069223423,0.1825423069223423,0.1975846498250084,2.8030569266414838,3.167548914189111,0.011111111111111112
0,2022-12-01,2023-10-30,180.0,dlog_SOLVPN__d_VIX,PairwiseNet_SOLVPN_to_X,4,0.07461543017699487,0.07461543017699487,0.0893412001847789,3.1005534646404227,3.711665271482841,0.022222222222222223
0,2022-12-01,2023-10-30,180.0,dlog_SOLVPN__d_VIX,SOLVPN_to_X,2,0.2503558618326775,0.2503558618326775,0.2649964142825186,2.713461039879877,3.052969742016282,0.011111111111111112
0,2022-12-01,2023-10-30,180.0,dlog_SOLVPN__d_VIX,X_to_SOLVPN,2,0.2382006137704939,0.2382006137704939,0.2504847255950371,2.868085608235604,3.204399136363374,0.011111111111111112
0,2022-12-01,2023-10-30,180.0,dlog_SOLVPN__dlog_COPPER,PairwiseNet_SOLVPN_to_X,3,0.08230320655066914,0.08230320655066914,0.0911771870426544,2.5483343233338505,2.824010023075921,0.016666666666666666
0,2022-12-01,2023-10-30,180.0,dlog_SOLVPN__dlog_COPPER,SOLVPN_to_X,1,0.1613210269786363,0.1613210269786363,0.1613210269786363,2.5079419193999337,2.5079419193999337,0.005555555555555556
0,2022-12-01,2023-10-30,180.0,dlog_SOLVPN__dlog_DXY,PairwiseNet_SOLVPN_to_X,3,0.08685669613621856,0.08685669613621856,0.0979389275251582,2.561105644199829,2.881700307456645,0.016666666666666666
0,2022-12-01,2023-10-30,180.0,dlog_SOLVPN__dlog_DXY,SOLVPN_to_X,1,0.2150690490176567,0.2150690490176567,0.2150690490176567,4.54389878007393,4.54389878007393,0.005555555555555556
0,2022-12-01,2023-10-30,180.0,dlog_SOLVPN__dlog_DXY,X_to_SOLVPN,1,0.1770317310255314,0.1770317310255314,0.1770317310255314,3.1364383932685254,3.1364383932685254,0.005555555555555556
0,2022-12-01,2023-10-30,180.0,dlog_SOLVPN__dlog_GAS,PairwiseNet_SOLVPN_to_X,2,0.14609676871444305,0.14609676871444305,0.1479830195739312,2.597519908033947,2.641285892818791,0.011111111111111112
0,2022-12-01,2023-10-30,180.0,dlog_SOLVPN__dlog_GAS,SOLVPN_to_X,3,0.15789880385203314,0.15789880385203314,0.1603786719706603,2.5424290007868753,2.607257394469703,0.016666666666666666
0,2022-12-01,2023-10-30,180.0,dlog_SOLVPN__dlog_GAS,X_to_SOLVPN,3,0.11791271010413922,0.11791271010413922,0.1372011340669537,3.8633403399732686,4.678487061378416,0.016666666666666666
0,2022-12-01,2023-10-30,180.0,dlog_SOLVPN__dlog_GOLD,PairwiseNet_SOLVPN_to_X,2,0.08221412017299755,0.08221412017299755,0.0842665973586163,2.7271372208763927,2.791675723807625,0.011111111111111112
0,2022-12-01,2023-10-30,180.0,dlog_SOLVPN__dlog_GOLD,X_to_SOLVPN,2,0.20157237237041545,0.20157237237041545,0.204481688426894,2.4724360897381086,2.5306819482292253,0.011111111111111112
0,2022-12-01,2023-10-30,180.0,dlog_SOLVPN__dlog_OIL,PairwiseNet_SOLVPN_to_X,2,0.1567523824271106,0.1567523824271106,0.1852981948305141,2.9565365723086625,3.554926965143756,0.011111111111111112
0,2022-12-01,2023-10-30,180.0,dlog_SOLVPN__dlog_OIL,SOLVPN_to_X,4,0.18719942345555535,0.18719942345555535,0.2069659506244191,2.734505298325739,3.148297811434839,0.022222222222222223
0,2022-12-01,2023-10-30,180.0,dlog_SOLVPN__dlog_OIL,X_to_SOLVPN,3,0.19841229460374557,0.19841229460374557,0.3177333385061732,4.776973849686859,8.39481512238344,0.016666666666666666
0,2022-12-01,2023-10-30,180.0,dlog_SOLVPN__dlog_SILVER,PairwiseNet_SOLVPN_to_X,1,0.0761911462448601,0.0761911462448601,0.0761911462448601,3.235196800232271,3.235196800232271,0.005555555555555556
0,2022-12-01,2023-10-30,180.0,dlog_SOLVPN__dlog_SILVER,SOLVPN_to_X,1,0.1441479638582354,0.1441479638582354,0.1441479638582354,2.3697544300194187,2.3697544300194187,0.005555555555555556
1,2023-10-31,2024-07-16,140.0,dlog_SOLVPN__d_PJM_LMP,PairwiseNet_SOLVPN_to_X,1,0.1996513843583054,0.1996513843583054,0.1996513843583054,2.5465013856910885,2.5465013856910885,0.007142857142857143
1,2023-10-31,2024-07-16,140.0,dlog_SOLVPN__d_PJM_LMP,SOLVPN_to_X,2,0.2020010904522023,0.2020010904522023,0.2190247223402703,2.6792216287306245,3.007288396265853,0.014285714285714285
1,2023-10-31,2024-07-16,140.0,dlog_SOLVPN__d_PJM_LMP,X_to_SOLVPN,4,0.085882887151601,0.085882887151601,0.095496104098417,3.190269862584019,3.682527107531954,0.02857142857142857
1,2023-10-31,2024-07-16,140.0,dlog_SOLVPN__d_UST10Y,PairwiseNet_SOLVPN_to_X,2,0.1134098240265759,0.1134098240265759,0.1175650511654601,2.527372204522621,2.637650733506059,0.014285714285714285
1,2023-10-31,2024-07-16,140.0,dlog_SOLVPN__d_UST10Y,X_to_SOLVPN,1,0.2147293400958114,0.2147293400958114,0.2147293400958114,2.946366644709564,2.946366644709564,0.007142857142857143
1,2023-10-31,2024-07-16,140.0,dlog_SOLVPN__d_VIX,PairwiseNet_SOLVPN_to_X,2,0.12725580582588186,0.12725580582588186,0.1293683152150097,2.505024885652859,2.566911626003342,0.014285714285714285
1,2023-10-31,2024-07-16,140.0,dlog_SOLVPN__d_VIX,SOLVPN_to_X,1,0.2792569993621136,0.2792569993621136,0.2792569993621136,2.430265466752195,2.430265466752195,0.007142857142857143
1,2023-10-31,2024-07-16,140.0,dlog_SOLVPN__d_VIX,X_to_SOLVPN,2,0.22164343608229647,0.22164343608229647,0.2263967787959565,2.670358392229648,2.823743993617673,0.014285714285714285
1,2023-10-31,2024-07-16,140.0,dlog_SOLVPN__dlog_COPPER,PairwiseNet_SOLVPN_to_X,2,0.08833269767134824,0.08833269767134824,0.0888118365852367,2.614690589241084,2.6323866916032914,0.014285714285714285
1,2023-10-31,2024-07-16,140.0,dlog_SOLVPN__dlog_COPPER,SOLVPN_to_X,1,0.1177398203223603,0.1177398203223603,0.1177398203223603,2.812641735543276,2.812641735543276,0.007142857142857143
1,2023-10-31,2024-07-16,140.0,dlog_SOLVPN__dlog_COPPER,X_to_SOLVPN,3,0.08267367140261893,0.08267367140261893,0.0900550905006372,2.628188341612597,3.056945337979045,0.02142857142857143
1,2023-10-31,2024-07-16,140.0,dlog_SOLVPN__dlog_DXY,PairwiseNet_SOLVPN_to_X,1,0.0755954574028669,0.0755954574028669,0.0755954574028669,2.486582531095155,2.486582531095155,0.007142857142857143
1,2023-10-31,2024-07-16,140.0,dlog_SOLVPN__dlog_DXY,X_to_SOLVPN,2,0.25413717718651335,0.25413717718651335,0.2714487083177325,2.8778237755473457,3.2672532910321035,0.014285714285714285
1,2023-10-31,2024-07-16,140.0,dlog_SOLVPN__dlog_GAS,PairwiseNet_SOLVPN_to_X,1,0.1584443862326198,0.1584443862326198,0.1584443862326198,2.4742872385491315,2.4742872385491315,0.007142857142857143
1,2023-10-31,2024-07-16,140.0,dlog_SOLVPN__dlog_GAS,SOLVPN_to_X,2,0.14159526987672175,0.14159526987672175,0.1768756136489136,3.7443578684865115,5.1058692253713245,0.014285714285714285
1,2023-10-31,2024-07-16,140.0,dlog_SOLVPN__dlog_GAS,X_to_SOLVPN,2,0.33494954384154585,0.33494954384154585,0.4812721722101756,4.863132680875576,7.313113808942796,0.014285714285714285
1,2023-10-31,2024-07-16,140.0,dlog_SOLVPN__dlog_GOLD,PairwiseNet_SOLVPN_to_X,2,0.11351479425296075,0.11351479425296075,0.1146948862515703,2.385002276613248,2.4148302400098887,0.014285714285714285
1,2023-10-31,2024-07-16,140.0,dlog_SOLVPN__dlog_GOLD,SOLVPN_to_X,2,0.16143805387207832,0.16143805387207832,0.1783849909075604,3.0130069703956215,3.555774112718157,0.014285714285714285
1,2023-10-31,2024-07-16,140.0,dlog_SOLVPN__dlog_GOLD,X_to_SOLVPN,2,0.11566400393296175,0.11566400393296175,0.118371165287057,2.6648394032765435,2.771782226899223,0.014285714285714285
1,2023-10-31,2024-07-16,140.0,dlog_SOLVPN__dlog_OIL,SOLVPN_to_X,1,0.1713425525576027,0.1713425525576027,0.1713425525576027,2.485985086319761,2.485985086319761,0.007142857142857143
1,2023-10-31,2024-07-16,140.0,dlog_SOLVPN__dlog_OIL,X_to_SOLVPN,3,0.09205053662961926,0.09205053662961926,0.0957125349091407,2.9860369165783323,3.162618007381697,0.02142857142857143
1,2023-10-31,2024-07-16,140.0,dlog_SOLVPN__dlog_SILVER,SOLVPN_to_X,1,0.1469586890746214,0.1469586890746214,0.1469586890746214,2.3494389775730253,2.3494389775730253,0.007142857142857143
1,2023-10-31,2024-07-16,140.0,dlog_SOLVPN__dlog_SILVER,X_to_SOLVPN,3,0.15665563146351022,0.15665563146351022,0.1917635812728997,3.2286762194008465,4.37199567664734,0.02142857142857143
2,2024-07-17,2025-04-15,145.0,dlog_SOLVPN__d_PJM_LMP,PairwiseNet_SOLVPN_to_X,3,0.1307938926899134,0.1307938926899134,0.1713560427735518,3.1677909603783405,4.324113847012255,0.020689655172413793
2,2024-07-17,2025-04-15,145.0,dlog_SOLVPN__d_PJM_LMP,SOLVPN_to_X,4,0.1730272755162522,0.1730272755162522,0.2118453958663794,3.12701449242064,4.21293548750096,0.027586206896551724
2,2024-07-17,2025-04-15,145.0,dlog_SOLVPN__d_PJM_LMP,X_to_SOLVPN,2,0.14536662136876585,0.14536662136876585,0.1510497391060458,3.0354770006432306,3.2016838353045447,0.013793103448275862
2,2024-07-17,2025-04-15,145.0,dlog_SOLVPN__d_UST10Y,PairwiseNet_SOLVPN_to_X,4,0.15970734749501433,0.15970734749501433,0.1863445616732781,3.091465731794743,3.6963032568223273,0.027586206896551724
2,2024-07-17,2025-04-15,145.0,dlog_SOLVPN__d_UST10Y,SOLVPN_to_X,2,0.2374527002649991,0.2374527002649991,0.2443496482974536,3.129391732649329,3.2686441364369534,0.013793103448275862
2,2024-07-17,2025-04-15,145.0,dlog_SOLVPN__d_UST10Y,X_to_SOLVPN,1,0.1419829529567565,0.1419829529567565,0.1419829529567565,3.0129201330330027,3.0129201330330027,0.006896551724137931
2,2024-07-17,2025-04-15,145.0,dlog_SOLVPN__d_VIX,SOLVPN_to_X,2,0.258056118472157,0.258056118472157,0.2672246999289202,2.631819101887376,2.92220164348722,0.013793103448275862
2,2024-07-17,2025-04-15,145.0,dlog_SOLVPN__d_VIX,X_to_SOLVPN,3,0.32270539395015135,0.32270539395015135,0.3488860517197966,3.231285172993489,3.7244917708406167,0.020689655172413793
2,2024-07-17,2025-04-15,145.0,dlog_SOLVPN__dlog_COPPER,X_to_SOLVPN,1,0.2301677270890111,0.2301677270890111,0.2301677270890111,2.6087449342584685,2.6087449342584685,0.006896551724137931
2,2024-07-17,2025-04-15,145.0,dlog_SOLVPN__dlog_DXY,PairwiseNet_SOLVPN_to_X,1,0.1297078807333918,0.1297078807333918,0.1297078807333918,2.75841943704847,2.75841943704847,0.006896551724137931
2,2024-07-17,2025-04-15,145.0,dlog_SOLVPN__dlog_DXY,X_to_SOLVPN,1,0.1660398922492809,0.1660398922492809,0.1660398922492809,2.926144218331442,2.926144218331442,0.006896551724137931
2,2024-07-17,2025-04-15,145.0,dlog_SOLVPN__dlog_GAS,PairwiseNet_SOLVPN_to_X,1,0.2233722892152634,0.2233722892152634,0.2233722892152634,2.3470610084974037,2.3470610084974037,0.006896551724137931
2,2024-07-17,2025-04-15,145.0,dlog_SOLVPN__dlog_GAS,SOLVPN_to_X,3,0.21876539782748325,0.21876539782748325,0.2331713839075648,3.4781725110574904,3.805917552094925,0.020689655172413793
2,2024-07-17,2025-04-15,145.0,dlog_SOLVPN__dlog_GAS,X_to_SOLVPN,2,0.2595067712974136,0.2595067712974136,0.2895907538020329,2.7894340590910796,3.211691176412282,0.013793103448275862
2,2024-07-17,2025-04-15,145.0,dlog_SOLVPN__dlog_GOLD,PairwiseNet_SOLVPN_to_X,2,0.07985178476885604,0.07985178476885604,0.0818472170345041,2.5125988749092354,2.5861558271848644,0.013793103448275862
2,2024-07-17,2025-04-15,145.0,dlog_SOLVPN__dlog_OIL,PairwiseNet_SOLVPN_to_X,1,0.166733600647705,0.166733600647705,0.166733600647705,2.687067536541471,2.687067536541471,0.006896551724137931
2,2024-07-17,2025-04-15,145.0,dlog_SOLVPN__dlog_OIL,SOLVPN_to_X,2,0.18692413295424037,0.18692413295424037,0.1871913422126059,3.2393612120229323,3.246380117034665,0.013793103448275862
2,2024-07-17,2025-04-15,145.0,dlog_SOLVPN__dlog_OIL,X_to_SOLVPN,2,0.1784845214155394,0.1784845214155394,0.2278284377006901,3.9009312316811267,5.239194912145977,0.013793103448275862
2,2024-07-17,2025-04-15,145.0,dlog_SOLVPN__dlog_SILVER,PairwiseNet_SOLVPN_to_X,1,0.1411313507477758,0.1411313507477758,0.1411313507477758,3.9442886666578247,3.9442886666578247,0.006896551724137931
2,2024-07-17,2025-04-15,145.0,dlog_SOLVPN__dlog_SILVER,SOLVPN_to_X,1,0.2158430399513659,0.2158430399513659,0.2158430399513659,3.2339797052447565,3.2339797052447565,0.006896551724137931
3,2025-04-16,2026-01-06,141.0,dlog_SOLVPN__d_PJM_LMP,PairwiseNet_SOLVPN_to_X,2,0.11835701325859925,0.11835701325859925,0.1221251154199659,2.7959778514128244,2.8984518348088253,0.014184397163120567
3,2025-04-16,2026-01-06,141.0,dlog_SOLVPN__d_PJM_LMP,SOLVPN_to_X,2,0.18029798281549836,0.18029798281549836,0.1898548463612439,2.89731552935046,3.1578689799045128,0.014184397163120567
3,2025-04-16,2026-01-06,141.0,dlog_SOLVPN__d_PJM_LMP,X_to_SOLVPN,2,0.14542586542643532,0.14542586542643532,0.1479011482538004,2.817964077162933,2.898191063011587,0.014184397163120567
3,2025-04-16,2026-01-06,141.0,dlog_SOLVPN__d_UST10Y,PairwiseNet_SOLVPN_to_X,2,0.1438383636591431,0.1438383636591431,0.1476104740460183,2.525475476777756,2.6076509954760314,0.014184397163120567
3,2025-04-16,2026-01-06,141.0,dlog_SOLVPN__d_UST10Y,SOLVPN_to_X,3,0.1753373487939227,0.1753373487939227,0.1951022940659814,2.6209542998004034,3.078238038415186,0.02127659574468085
3,2025-04-16,2026-01-06,141.0,dlog_SOLVPN__d_UST10Y,X_to_SOLVPN,1,0.1319471731049676,0.1319471731049676,0.1319471731049676,3.285232984062425,3.285232984062425,0.0070921985815602835
3,2025-04-16,2026-01-06,141.0,dlog_SOLVPN__d_VIX,PairwiseNet_SOLVPN_to_X,2,0.11637841694653085,0.11637841694653085,0.1199817463645887,2.5387371661719946,2.6373687525493703,0.014184397163120567
3,2025-04-16,2026-01-06,141.0,dlog_SOLVPN__dlog_COPPER,PairwiseNet_SOLVPN_to_X,3,0.21613635385803928,0.21613635385803928,0.2448486414996505,2.663729476496494,3.0416049538076027,0.02127659574468085
3,2025-04-16,2026-01-06,141.0,dlog_SOLVPN__dlog_COPPER,SOLVPN_to_X,3,0.23444195589065764,0.23444195589065764,0.2570125181662894,2.919808440487667,3.322590396290837,0.02127659574468085
3,2025-04-16,2026-01-06,141.0,dlog_SOLVPN__dlog_COPPER,X_to_SOLVPN,4,0.19760582246823527,0.19760582246823527,0.2234701508938195,3.5194795743193024,4.167293379250616,0.028368794326241134
3,2025-04-16,2026-01-06,141.0,dlog_SOLVPN__dlog_DXY,PairwiseNet_SOLVPN_to_X,2,0.13000097479809086,0.13000097479809086,0.1517083075326835,2.8891310321738883,3.444359987180286,0.014184397163120567
3,2025-04-16,2026-01-06,141.0,dlog_SOLVPN__dlog_DXY,SOLVPN_to_X,2,0.14983655079099195,0.14983655079099195,0.1654458963110277,3.188592124518781,3.677749020544257,0.014184397163120567
3,2025-04-16,2026-01-06,141.0,dlog_SOLVPN__dlog_DXY,X_to_SOLVPN,4,0.08635623740588805,0.08635623740588805,0.0957312150972095,2.6059971981845176,3.047655328065308,0.028368794326241134
3,2025-04-16,2026-01-06,141.0,dlog_SOLVPN__dlog_GAS,PairwiseNet_SOLVPN_to_X,2,0.11336502644172015,0.11336502644172015,0.1150159665977051,2.574463282817111,2.6205851224781087,0.014184397163120567
3,2025-04-16,2026-01-06,141.0,dlog_SOLVPN__dlog_GAS,SOLVPN_to_X,3,0.11953028612162066,0.11953028612162066,0.1241563553320826,2.609930173025913,2.773675414058712,0.02127659574468085
3,2025-04-16,2026-01-06,141.0,dlog_SOLVPN__dlog_GAS,X_to_SOLVPN,1,0.1436782675250033,0.1436782675250033,0.1436782675250033,5.242918620005883,5.242918620005883,0.0070921985815602835
3,2025-04-16,2026-01-06,141.0,dlog_SOLVPN__dlog_GOLD,SOLVPN_to_X,2,0.1354865871975835,0.1354865871975835,0.1374264733920205,2.407452289630529,2.46320806451994,0.014184397163120567
3,2025-04-16,2026-01-06,141.0,dlog_SOLVPN__dlog_GOLD,X_to_SOLVPN,3,0.15975949802511763,0.15975949802511763,0.1638900472440249,3.05912130851106,3.1738402583533274,0.02127659574468085
3,2025-04-16,2026-01-06,141.0,dlog_SOLVPN__dlog_OIL,PairwiseNet_SOLVPN_to_X,1,0.2449718012710599,0.2449718012710599,0.2449718012710599,2.572358767251022,2.572358767251022,0.0070921985815602835
3,2025-04-16,2026-01-06,141.0,dlog_SOLVPN__dlog_OIL,SOLVPN_to_X,1,0.2653739676995465,0.2653739676995465,0.2653739676995465,2.7084237083515905,2.7084237083515905,0.0070921985815602835
3,2025-04-16,2026-01-06,141.0,dlog_SOLVPN__dlog_OIL,X_to_SOLVPN,1,0.250996421752766,0.250996421752766,0.250996421752766,3.825061294763019,3.825061294763019,0.0070921985815602835
3,2025-04-16,2026-01-06,141.0,dlog_SOLVPN__dlog_SILVER,SOLVPN_to_X,1,0.1612269294940024,0.1612269294940024,0.1612269294940024,2.362142148083544,2.362142148083544,0.0070921985815602835
3,2025-04-16,2026-01-06,141.0,dlog_SOLVPN__dlog_SILVER,X_to_SOLVPN,1,0.1963368733119488,0.1963368733119488,0.1963368733119488,2.810170511290744,2.810170511290744,0.0070921985815602835
