Date,Factor1,Factor2
2020-10-13,-0.9568597943441208,-0.43383879232868755
2020-10-14,-0.4421180880489629,-0.4778133457038865
2020-10-15,-0.5278101467864744,0.5197071430120738
2020-10-16,0.1377430026433361,-0.20610375314684118
2020-10-19,-0.2958560880796601,-0.46009754745783077
2020-10-20,0.8482765832673945,-0.08879470844086398
2020-10-21,0.8460609241082012,0.23196580103275713
2020-10-22,-1.516209228699778,0.5819343098814459
2020-10-23,0.28638712465185046,-0.3929532734338379
2020-10-26,-1.5763912512985847,-1.5073732044649353
2020-10-27,-0.1581197422138408,-0.7953802033073529
2020-10-28,-2.9874863498487496,-1.2408258073226555
2020-10-29,-0.5865752994921241,1.618904150890111
2020-10-30,-1.1114918254233797,0.2150940179568811
2020-11-02,0.7743572170764638,0.17147349328793848
2020-11-03,1.4526562348169003,0.43509881207356194
2020-11-04,3.077682625573971,-0.012582731362778262
2020-11-05,2.2111608201769206,-0.2665044731738436
2020-11-06,1.4928743953341654,1.2828960978267714
2020-11-09,-2.670253939110193,1.0011707118678672
2020-11-10,-1.1503891286329069,0.3141409960434085
2020-11-11,1.0090328606588226,1.1225560234853675
2020-11-12,0.23205741092630372,-1.6859135117037378
2020-11-13,1.396573668234275,0.7937122286100926
2020-11-16,0.31594375714556583,0.24063611082320444
2020-11-17,0.046050371173496606,-1.047185246386073
2020-11-18,-0.2999606954301997,-0.388667733600059
2020-11-19,0.4181190414416572,-0.15821142969814195
2020-11-20,0.10850578605271452,-0.17030906938741497
2020-11-23,-0.4840555578295957,0.6133795721193095
2020-11-24,0.34635087814032584,0.30519058543718175
2020-11-25,0.8040762339950891,-0.08015218801463128
2020-11-26,0.3303317902241298,-0.2269967437068683
2020-11-27,1.306118381383863,0.0409288896847706
2020-11-30,-0.1732787219312938,0.06335919435089692
2020-12-01,1.138259204435787,0.6655287300960633
2020-12-02,-0.5274923925714449,-0.4151443657086004
2020-12-03,0.6793316676790746,-0.7510275185344426
2020-12-04,0.7104146446664324,1.085166374977739
2020-12-07,-0.37904814854297203,-0.743477231603532
2020-12-08,-0.24428609343157764,0.1746774071516477
2020-12-09,-1.4636872321782683,-0.4663333505229098
2020-12-10,0.883908028292995,-0.5719903445545991
2020-12-11,-0.6846181038258748,-0.3789450934240521
2020-12-14,-0.13385343887238463,-0.6770203577140049
2020-12-15,1.0030732465469798,0.39717154632150553
2020-12-16,0.3171536870106002,0.19910573787085897
2020-12-17,2.10598095661529,0.09552291866469576
2020-12-18,-0.23022405176777802,0.41046076839021733
2020-12-21,-1.4489429277793524,-1.3872496733241397
2020-12-22,-0.5001451278504688,0.5494715983744004
2020-12-23,0.37326886649532987,0.32642402795199554
2020-12-24,0.819811377178516,0.24081160021877848
2020-12-28,0.28994645899407284,0.0014278370562794429
2020-12-29,-0.21766411113801476,-0.690446298323846
2020-12-30,0.7134441368590023,-0.3129374532691988
2020-12-31,0.12661225625271058,0.18029701214006597
2021-01-04,-1.6632493968380098,-1.4210576186080015
2021-01-05,1.5252020288134878,0.6702816696992789
2021-01-06,-1.2663683939956931,0.8745915779362857
2021-01-07,0.9691586631083622,1.793603807322061
2021-01-08,-0.026171784910426595,0.9964524777659317
2021-01-11,-2.3321352600479606,-0.5287133494034632
2021-01-12,0.8976544048381633,-0.29550959530120696
2021-01-13,0.5582803457377662,0.2594040724049539
2021-01-14,0.21987791360749956,0.13916965252824826
2021-01-15,-0.7066435676508787,-0.3499090194417325
2021-01-19,1.5238529663915346,0.3534010786502323
2021-01-20,0.9667486130376592,0.42061142661354195
2021-01-21,0.465122443332384,0.11952700990510118
2021-01-22,-0.3153294440170495,-0.47419693464739404
2021-01-25,0.09060037882158038,-0.7831410486531809
2021-01-26,0.4173314341540748,-0.19030103737468052
2021-01-27,-4.599308523677525,-3.4961688538723656
2021-01-28,1.2988750553586486,1.6485911299597251
2021-01-29,-0.9038462008220048,-0.34962350793232655
2021-02-01,1.2774059743259951,1.432290739905244
2021-02-02,0.8792503653422771,1.560501843279146
2021-02-03,0.2906867705345612,1.1523852323894157
2021-02-04,-0.5071641009387824,0.5200672846060082
2021-02-05,1.3180516084515663,0.38783575073051285
2021-02-08,0.410322385499359,-0.04807544038620947
2021-02-09,1.004364790591676,-0.675125538505638
2021-02-10,0.5205323684355562,-0.5029046245884702
2021-02-11,-0.5021130741916162,0.5910668093257796
2021-02-12,0.0783871595399937,0.9733859533116692
2021-02-16,-1.2075642582963317,0.6270645471806191
2021-02-17,-0.3571412917664108,0.05364682913426161
2021-02-18,0.6122371115676928,-0.31845006454306213
2021-02-19,1.2673931666061375,0.7686656524217865
2021-02-22,-0.4008408437918534,-0.5482850685576904
2021-02-23,-0.20400082260129923,-0.12044818422109753
2021-02-24,0.7956699424893583,1.0434155458163399
2021-02-25,-3.0792403656377045,-0.49995257333827353
2021-02-26,-1.3958404710186085,-0.9777540655587535
2021-03-01,0.8618394781597987,1.5992799165579121
2021-03-02,-0.05525079948803389,-0.8574108072081049
2021-03-03,-3.0076710812737586,-0.1556382110485948
2021-03-04,-3.2570167621261623,0.4510172189618358
2021-03-05,1.4711959354280293,1.9148811411053972
2021-03-08,-1.4211384371547506,0.17821380284216362
2021-03-09,1.7999358592159775,-0.7299642156211577
2021-03-10,0.7770701811991523,0.25186184767634945
2021-03-11,2.2646785110564247,0.46719465635774426
2021-03-12,-0.11011087751797523,1.741834381339051
2021-03-15,0.5303775112391422,0.273823056576545
2021-03-16,-0.046865133172239795,0.18946330244963971
2021-03-17,0.6620372356776151,0.06335744655474872
2021-03-18,-2.0502220273872833,0.11960877720591069
2021-03-19,0.08191923761962148,0.5232221237651291
2021-03-22,1.6793916937528903,0.2970707667661025
2021-03-23,-0.9987433332725523,-0.8963280216620526
2021-03-24,-1.3726773379317174,-0.5390367836877883
2021-03-25,-0.5234306243524253,0.7426197321835492
2021-03-26,1.9579748570151707,1.3003153533908394
2021-03-29,-1.0828497478524783,-0.06701652478378002
2021-03-30,-0.8350288257459386,0.35698204204059364
2021-03-31,0.35155615944799423,0.45996497897021854
2021-04-01,2.07194062571942,-0.16447063615455434
2021-04-05,1.3756554365631009,0.2531013395367135
2021-04-06,0.27905432667373425,-0.9961713167362056
2021-04-07,-0.5910647619725605,0.47042804613137956
2021-04-08,0.9218594264923214,-0.9093149313379957
2021-04-09,-0.4992568277319045,0.45291103938946037
2021-04-12,-0.04166149448351226,-0.06311204615833714
2021-04-13,1.095237483865089,-0.6708165146199061
2021-04-14,0.16246759317088458,-0.08911725034417683
2021-04-15,1.9078080657767864,-0.16757954787847065
2021-04-16,-0.22637191727090397,0.07711369642401623
2021-04-19,0.6895748988183114,-0.5169246168907338
2021-04-20,-0.2296662491693599,-0.8599032388113403
2021-04-21,0.9606326549174407,0.38601171906867826
2021-04-22,-0.9069245290086222,-0.6216620592904594
2021-04-23,1.7316879795710831,0.4705296998441295
2021-04-26,0.5909888834664013,0.12925782312771258
2021-04-27,-0.24294717999530208,0.8265491710125789
2021-04-28,0.32617527525422735,-0.44077019061459577
2021-04-29,-0.41670524054452457,0.12565215887128448
2021-04-30,-0.782037122438416,0.14140355132761523
2021-05-03,0.2473415951564951,-0.6656585909590182
2021-05-04,-1.3261929773017485,-0.3933773454255092
2021-05-05,-0.1745975597162551,-0.24150644232558463
2021-05-06,0.7393131550869829,-0.06772620538132479
2021-05-07,2.727978194009964,0.476578772749222
2021-05-10,-1.5232496348289069,-1.059213131065779
2021-05-11,-0.7641306256537499,-0.6316352633565894
2021-05-12,-3.371275305295981,-0.559591077342938
2021-05-13,1.0267617328050473,0.7647586172206166
2021-05-14,2.3720084323479065,0.8257366832114652
2021-05-17,0.027091058315917287,-0.26463882383513443
2021-05-18,0.4924113025881126,-1.0045123692118063
2021-05-19,-1.784758258474285,0.25418390514237843
2021-05-20,1.463077066756292,-0.41680009523119194
2021-05-21,-0.6503686062566865,0.07470652339912977
2021-05-24,1.356974316906604,0.3566262200069076
2021-05-25,0.46888930647817445,-0.8817927731543046
2021-05-26,0.19267083394525608,1.2626434163161993
2021-05-27,0.8229480480792847,0.6814230338521537
2021-05-28,0.37783673312487936,-0.21224821736897248
2021-06-01,-0.10332720074294542,-0.3298858601620311
2021-06-02,0.45302512962571745,0.07128015524130214
2021-06-03,-1.6508400274935324,0.5279407208695438
2021-06-04,1.9818904581381622,-0.33051765281978673
2021-06-07,0.923701835557753,0.13177600124320787
2021-06-08,0.10776596926268923,-0.42693865257221003
2021-06-09,-0.21990614107983444,-0.9006424678400764
2021-06-10,1.2276562653947287,0.05961466856736664
2021-06-11,-0.5401373830651126,0.8265995436303271
2021-06-14,-0.12662378074350997,0.13999206774340547
2021-06-15,-1.619617421737255,-0.8725172117185381
2021-06-16,-1.8623469980425185,1.2529404294188038
2021-06-17,-1.3252765446319288,-0.4550396060181527
2021-06-18,-1.3383571809619257,-1.6822877771023574
2021-06-21,1.1771580469426592,1.3391079488548006
2021-06-22,0.8664051490690847,0.03440992894924671
2021-06-23,0.3178402939710471,0.48910399438623
2021-06-24,-0.2553199490951627,0.18141650545381646
2021-06-25,0.21312699564465767,0.5171965724193345
2021-06-28,0.4238929150419514,-0.47685641482306995
2021-06-29,-0.3285401548900655,-0.10446873492504877
2021-06-30,-0.41104472157347316,0.3322081152531785
2021-07-01,-0.603177370583989,-0.034514622198457474
2021-07-02,0.9467964548903375,-0.21024676628749348
2021-07-06,0.10401464520962965,-1.3354719211845942
2021-07-07,0.5054440189644107,-0.02842430006944926
2021-07-08,-1.0551081740747235,-1.8919848009585365
2021-07-09,1.6378995628920605,1.7994459580904119
2021-07-12,-0.06068235542242546,0.20379913555851792
2021-07-13,-1.4696287320544923,0.5427569497982426
2021-07-14,0.929895142759153,-0.9129194269284662
2021-07-15,-0.12800915838465846,-0.5932271334453331
2021-07-16,-0.6349551162677358,-0.5855849658510589
2021-07-19,-1.8721087211594636,-2.714937322424186
2021-07-20,1.1411979463547886,1.4024281925393653
2021-07-21,0.285025784704876,1.1724817346430343
2021-07-22,0.09214592490639467,-0.021870982645469078
2021-07-23,0.5176177619135142,0.46472394151884305
2021-07-26,0.9588057610659058,0.03676773158269738
2021-07-27,-0.28000407753473566,-1.6531782885202675
2021-07-28,0.2593201901443277,0.12130163504647226
2021-07-29,0.26135262480768745,0.0009240305628104987
2021-07-30,-0.08512637003754875,-0.3482916835342639
2021-08-02,-0.027803157497433215,-1.1831263271153296
2021-08-03,0.3587816302753881,0.39630499834521526
2021-08-04,-0.19503399619353884,0.21652696760411097
2021-08-05,-0.019216896219786637,0.7197325772501769
2021-08-06,-0.35585427841101036,1.9677338087567382
2021-08-09,-0.9513099983518216,-0.08564628755325236
2021-08-10,-0.5724943900387728,0.3333639327239656
2021-08-11,0.7379217504289525,-0.017826716717838892
2021-08-12,0.01831368754156744,0.6072934912403496
2021-08-13,1.3028785678389236,-1.3056343642490198
2021-08-16,-0.6486682616870906,-0.5374822212959686
2021-08-17,-2.013411280597885,-0.5598303022090776
2021-08-18,-1.9877387271446172,-1.7163240288679382
2021-08-19,-0.5132391874936997,0.09665559751212315
2021-08-20,1.65242479627681,1.3362512467154677
2021-08-23,1.8733654752895785,0.23773684475026657
2021-08-24,-0.1979939183623198,0.3834666287029281
2021-08-25,-0.11646503618770658,0.6492621383966847
2021-08-26,-1.05380904455029,-0.5660668407666068
2021-08-27,1.8058478730688634,0.16245883581165485
2021-08-30,1.2794498986373237,-0.029090109158090027
2021-08-31,0.09346960971838533,0.2240558465112229
2021-09-01,0.6804507915315027,-0.1232714892301495
2021-09-02,0.6086560012233723,-0.4193776061590798
2021-09-03,0.531388530087562,0.4087179348220221
2021-09-07,-1.9823581227410951,0.1354402756186399
2021-09-08,-0.24718997082032435,-0.44533013612836797
2021-09-09,-0.4698639284453189,-1.1202474429689528
2021-09-10,-0.5410778152862552,0.07112766995864853
2021-09-13,-0.054866619931738754,0.16214151914141428
2021-09-14,-0.0631041125029533,-0.7064009788776869
2021-09-15,0.8917590931863837,0.767751496438816
2021-09-16,-1.3785482942786067,0.2719562244846425
2021-09-17,-1.2506887852672128,-0.29087000263354373
2021-09-20,-2.5326605295643843,-2.5008127296888354
2021-09-21,0.45611211162432697,0.5117191884375022
2021-09-22,1.99675025685575,1.4253530783752242
2021-09-23,-0.0814712023211721,1.6626666825758463
2021-09-24,-0.5180162262081695,0.7149721032561195
2021-09-27,-1.4285639340569187,-0.1837530185067851
2021-09-28,-2.850298013513328,-0.7645418676993476
2021-09-29,-0.7076177962045402,0.3306146885797037
2021-09-30,-0.8517891735800919,-1.0427082224556814
2021-10-01,1.418592259768629,0.2858995364561354
2021-10-04,-0.28509701238917456,-0.6569516722123326
2021-10-05,-0.6639436026750298,0.9824705812688361
2021-10-06,-0.1885717160556461,0.34452512555638154
2021-10-07,1.0392739603761167,1.2441022824034875
2021-10-08,-0.26607295339150483,0.3919135761457064
2021-10-11,-0.49721813171176554,0.058728298674454414
2021-10-12,-0.008804137428984981,-0.5114283437187609
2021-10-13,2.235144915864912,0.07195386455941931
2021-10-14,2.076235254930277,0.642075981342218
2021-10-15,0.5761786341259186,1.074356904558553
2021-10-18,-0.32524363729757,0.0893403489205413
2021-10-19,0.8055548430139713,0.7524675273165284
2021-10-20,1.0566311906166759,0.3488528563593501
2021-10-21,-0.6238735651229438,0.6141135308808493
2021-10-22,0.1872623178975257,-1.0890478056646054
2021-10-25,0.050592021434288335,0.22320605329617801
2021-10-26,-0.40442869253820146,-0.5551112110252197
2021-10-27,-0.7732660715680517,-1.596597150357231
2021-10-28,1.2727215289365232,0.24165391070518272
2021-10-29,-1.5392292049354421,0.36411353034765254
2021-11-01,0.6746220002719826,-0.19428255559949997
2021-11-02,-0.08992824473648678,0.11300890736355777
2021-11-03,0.24306724679874966,0.756149733704713
2021-11-04,-0.6192380267597758,-0.6641737344021305
2021-11-05,-0.2123571372415482,-1.4377327985074793
2021-11-08,0.556860283213891,0.06713137319064727
2021-11-09,0.27562621081010147,-0.9543380798222937
2021-11-10,-2.8130328997680003,1.6885673083471906
2021-11-11,0.4662023527306257,0.9682140747795589
2021-11-12,1.2163725603382904,0.5881371906960245
2021-11-15,-0.5219981828047123,0.6994055778417874
2021-11-16,-0.7359713402838508,0.6857871638915527
2021-11-17,-0.29618171366838525,-1.2227016140610847
2021-11-18,0.3070202154680042,-0.4130461722098787
2021-11-19,0.059927245989461024,0.03440655259012987
2021-11-22,-1.7271576264567399,0.8499777471371011
2021-11-23,-0.03583701194196269,0.4168634879897172
2021-11-24,0.6830533771759728,0.4359488627613791
2021-11-25,0.08949075571240722,-0.6426343026787323
2021-11-26,-2.6740317662825044,-5.5765714732327
2021-11-29,2.0329185201073354,2.2683612683690018
2021-11-30,-1.324422724756495,-2.3479011550484157
2021-12-01,-1.3813810500559007,-1.8156728944720035
2021-12-02,0.9309303214966422,1.501130977050761
2021-12-03,-0.7104802925747656,-1.9506028065863315
2021-12-06,0.4503220530733844,2.0260405609286587
2021-12-07,2.016354055040797,2.3519361483413337
2021-12-08,1.25862748092037,0.8281709157591199
2021-12-09,-1.6128624183111309,-0.8979520377697382
2021-12-10,0.9488202815858232,0.5635077366383153
2021-12-13,-0.24955411304270617,-1.1256485771138727
2021-12-14,-1.3681711013873774,-0.24508915421491467
2021-12-15,0.7910230479686606,0.952947521501307
2021-12-16,1.0926649380431503,-1.0232237504326904
2021-12-17,-0.7835145116224805,-0.07235164554418831
2021-12-20,-0.747361545833704,-0.2917931403232431
2021-12-21,0.9451343699697914,1.1365363961632986
2021-12-22,1.7721520503508958,0.39324367557329093
2021-12-23,0.12676038222935984,0.613418487421397
2021-12-27,1.1641172621937481,0.33577755957657623
2021-12-28,-0.22252295314814435,0.1530753191355985
2021-12-29,0.05197473049357051,0.7320149430315468
2021-12-30,0.18958206833107227,-0.7024803822858827
2021-12-31,0.8676465373441975,-0.1247227815139389
2022-01-03,-1.6175842544951584,2.0687624086653416
2022-01-04,-0.8945522296008411,-0.1357666464866028
2022-01-05,-3.1660343247597744,-1.2384658578284953
2022-01-06,-0.719146777329631,0.2973537929021834
2022-01-07,1.029319512257552,0.23635717480682739
2022-01-10,-1.0810425450280499,-0.35137642501540933
2022-01-11,1.0118589934392581,-0.017827192029257578
2022-01-12,1.9465908772785696,-0.01846247816922155
2022-01-13,-1.2338662551736495,-1.9756934041761411
2022-01-14,-1.5317574944251386,1.436985104130534
2022-01-18,-2.630932646416604,0.0715598846027921
2022-01-19,0.12344910349497996,-0.7538369643626688
2022-01-20,-0.19322399061833653,-0.6840932976024549
2022-01-21,-1.244629442941278,-1.6991840744369404
2022-01-24,-0.9776924446558695,-0.15247982041457922
2022-01-25,-0.6691382167559876,-0.3971639917985327
2022-01-26,-1.496302188014725,1.285209409000507
2022-01-27,-1.9834089066153178,-0.2855432127324206
2022-01-28,1.348464606637005,0.4999638832654138
2022-01-31,2.6769359821358347,0.4691209833629479
2022-02-01,1.4263367465634356,0.9991760060245274
2022-02-02,0.9547050083290803,-0.6314106153501644
2022-02-03,-1.1028052772082462,-0.7292324592766521
2022-02-04,-0.2994152552982641,1.29817632221328
2022-02-07,-0.0879593233205519,-0.07068453164309224
2022-02-08,-0.10766651729894809,1.1721985914887616
2022-02-09,2.7157772206619613,0.7366553885256895
2022-02-10,-2.3501905326810744,-0.2807369841580924
2022-02-11,-2.6569643331952806,-2.55342010541784
2022-02-14,-1.3118805543187972,0.6404154748363637
2022-02-15,1.5805602030005081,1.2221645805150176
2022-02-16,0.5253661256161707,-0.009022791686858116
2022-02-17,-1.0886800171866007,-1.9253159328550449
2022-02-18,-0.28863371959771045,-0.3208826579015281
2022-02-22,-0.5821620701318395,-0.2010483179795402
2022-02-23,-1.5650741903981868,0.035926912589018076
2022-02-24,-0.2067579732940235,0.8001007485658969
2022-02-25,2.0796867323194084,0.43978565533872266
2022-02-28,-0.2987947267926939,-2.4423305669496393
2022-03-01,-0.07407285768299175,-1.0079099399361833
2022-03-02,0.5964009868313929,2.707526147989977
2022-03-03,0.5020953468114814,0.17233761355967941
2022-03-04,-0.1340377053925086,-0.5208745826666047
2022-03-07,-3.791308734768011,-0.6285875475707275
2022-03-08,-0.5072954836424067,0.5515749771368593
2022-03-09,1.5267442919770222,0.8136350241964618
2022-03-10,-0.31035031144256975,1.4982822007218146
2022-03-11,-1.849947185008305,0.13697146887708475
2022-03-14,-1.99196762117182,0.7491984233014968
2022-03-15,0.4900882852111688,0.7380976784715484
2022-03-16,2.9128397722585335,1.4455122043796291
2022-03-17,2.196733199607229,-0.27941967094407394
2022-03-18,1.0034288779561698,0.7699701363090236
2022-03-21,-1.310882083651732,1.8537002437860541
2022-03-22,-0.1921971360574562,1.1555550969773207
2022-03-23,0.24827390059149237,-1.1508451276616674
2022-03-24,0.2671792076022816,1.725777533643839
2022-03-25,-0.7963975778187579,1.4836702818514278
2022-03-28,0.9242599523968622,0.5378041548806828
2022-03-29,2.3158366736849905,-0.8109439594784421
2022-03-30,0.6907554866133441,-1.167553827607135
2022-03-31,-1.5239718280327947,-0.37604029193850136
2022-04-01,0.2001576688545463,1.1294928592509779
2022-04-04,0.7741292577636408,0.9892656678780958
2022-04-05,-2.030676057579643,1.3907896011649912
2022-04-06,-0.9362608787714718,0.20666546244852685
2022-04-07,-0.99119184129797,0.8336153994330399
2022-04-08,-0.034231646909635746,0.5561361982018973
2022-04-11,-2.428427303814181,-0.3970210134272162
2022-04-12,-0.07913039922071206,-0.17486610911051398
2022-04-13,1.5768451094004148,0.19227299618932167
2022-04-14,-1.7639725423351535,1.378583680204957
2022-04-18,-0.3038721902167808,0.9364261934105848
2022-04-19,0.044975411733954127,1.4452605476926343
2022-04-20,1.432970073797968,-1.4387215222054426
2022-04-21,-1.8029260667752087,0.09414918448466893
2022-04-22,-3.1065834297309536,-1.449017805321665
2022-04-25,-0.7555031562172245,-0.578113904094496
2022-04-26,-2.382790938923283,-2.3765898828669316
2022-04-27,-1.0643507010359234,1.999856237221618
2022-04-28,0.38144491327594315,1.2156975847585714
2022-04-29,-1.7294252616779497,-0.5425536915290399
2022-05-02,-2.0973305942712392,0.8917599724256455
2022-05-03,1.6191298949274426,0.6655121512313122
2022-05-04,2.808762673323054,0.03637128726583652
2022-05-05,-4.224352936288917,0.22824500250191043
2022-05-06,-0.6264042175301456,1.2052616399325946
2022-05-09,-3.0289254003427946,-3.1055536432538764
2022-05-10,-0.6411660781207885,-0.2741997167987546
2022-05-11,0.932566254021674,-0.5913814787964375
2022-05-12,-1.307158100349281,-0.0830923694481457
2022-05-13,2.430715342862151,1.834474518560627
2022-05-16,0.5307054884519505,-0.6600270054527189
2022-05-17,1.463289310611717,1.17323096789068
2022-05-18,-2.0811521473249295,-2.4796012638592075
2022-05-19,2.6445414090698356,-0.8582563704336509
2022-05-20,0.3218267459568469,-0.1110553836725853
2022-05-23,2.017909794204525,0.43662351269990957
2022-05-24,0.5431254298229979,-1.7451979941484703
2022-05-25,0.03533821414544228,0.3411855828626477
2022-05-26,0.42011300147293645,-0.13458456681969747
2022-05-27,1.9171479318300702,0.7084599462860744
2022-05-30,0.20980587753759156,0.30500151993040275
2022-05-31,-1.2210925053515824,0.6857744330744002
2022-06-01,-1.2280045985813244,1.429289501969529
2022-06-02,2.730582083293705,0.26382819198673035
2022-06-03,-1.378427938774187,0.2587161186102763
2022-06-06,-0.7408521638741583,1.2996775546357435
2022-06-07,0.8604485770622319,-0.5125543906679124
2022-06-08,-0.6140813237880536,0.6878401205826818
2022-06-09,-2.522716208227177,-0.21107970776983803
2022-06-10,-3.424994810985283,1.244734010022031
2022-06-13,-5.386309494587704,0.7933584003684007
2022-06-14,-1.6113704672668723,1.6502757083961417
2022-06-15,2.7311257721669246,-1.6480821888357686
2022-06-16,-0.1981095039956133,-3.7097010099109333
2022-06-17,-0.9881238653065705,1.6284041460440366
2022-06-20,-0.2455483767493045,0.4983425036024636
2022-06-21,1.6837990669053045,0.3131806217319794
2022-06-22,1.0522565300005864,-1.3962016980947305
2022-06-23,-0.2771740355239114,-0.9401093296774964
2022-06-24,1.1367253642647999,0.993055944358727
2022-06-27,0.1546512219555097,0.5771020062836753
2022-06-28,-1.632748477091006,-0.420563163227248
2022-06-29,-0.9774640156184711,-0.7856945290063787
2022-06-30,0.4579543227573087,-1.4099127163542606
2022-07-01,0.31180054410156677,-0.8001532215163292
2022-07-04,-0.5000608245097825,0.20454388468158963
2022-07-05,-2.325384381755177,-0.701328268399452
2022-07-06,-1.044934520025338,1.9754040577599237
2022-07-07,1.1803776566494573,1.463644924099755
2022-07-08,-0.5398042052939684,0.9518901656183498
2022-07-11,-1.9872470845725965,-0.9901613296570425
2022-07-12,-1.7370836325321026,-1.0517182924380175
2022-07-13,0.7014930292023625,-0.37113487966738884
2022-07-14,-1.7503813861965654,0.48419524424311006
2022-07-15,1.7232605623886512,-0.030092377170271346
2022-07-18,0.6232244808269936,0.024112160688024204
2022-07-19,1.3746547412928487,0.22672616191227352
2022-07-20,-0.30761318891704115,0.5056942843457443
2022-07-21,1.3855121506898003,-1.59085678639018
2022-07-22,1.263215662375856,-1.5036535734250749
2022-07-25,-0.21054858344333433,0.21718731423792229
2022-07-26,-0.7767393715666915,0.1950187879251603
2022-07-27,1.8173665557919074,-0.2156347582768367
2022-07-28,2.7132476221444395,-0.6119098354755909
2022-07-29,1.267344819425786,-0.07017722458109191
2022-08-01,-0.11368434814246808,-1.8678812399531939
2022-08-02,-2.116293844217604,2.056995829580553
2022-08-03,0.47745991789566944,0.2719887317544432
2022-08-04,1.3684491346229886,-0.5951932563460111
2022-08-05,-1.1683409941243594,2.5252520761008084
2022-08-08,0.7470698495416085,-1.0342641250008788
2022-08-09,-0.5121605104736374,-0.008201669319805888
2022-08-10,2.6711329701793503,0.014728893683962276
2022-08-11,-0.4275220152366689,1.0086666490510392
2022-08-12,0.23908321759067871,0.15753214916251773
2022-08-15,-0.7086910088120812,0.023958505708166107
2022-08-16,-0.15630305440573675,0.12781534834542432
2022-08-17,-1.2950949304107167,0.8422505775776705
2022-08-18,-0.5613142970791456,0.7532108886058726
2022-08-19,-1.7102239198738365,1.1574342295356685
2022-08-22,-3.1416556306153454,-0.098574375654069
2022-08-23,-0.033290080989451167,-0.13650349152367974
2022-08-24,-0.15191906297734634,0.9171553589412821
2022-08-25,2.0957530941424367,-0.3848375884206994
2022-08-26,-2.399617062461116,-1.2252933997540971
2022-08-29,-1.9234511440130662,0.35652376857781964
2022-08-30,-0.9968030801160427,-0.4405971708946673
2022-08-31,-0.3309869238214069,0.914563513205035
2022-09-01,-2.3481618829330824,1.2123261799473959
2022-09-02,-0.35763734767197797,-1.1451758177404434
2022-09-05,-0.16119926095064538,0.19618120036136039
2022-09-06,-1.5539576425395096,1.770936296086167
2022-09-07,1.6462768475636993,-0.6353351921674579
2022-09-08,0.9574727621577526,1.1185605822938955
2022-09-09,1.7862853965063672,-0.21018209912889205
2022-09-12,0.9950594440388789,-0.160814606130009
2022-09-13,-4.589833811479156,0.2667992510462043
2022-09-14,-0.17452976072879323,-0.2025176568061094
2022-09-15,-1.208892013498387,0.2427579576842153
2022-09-16,-0.06092557989071536,0.058929474575608175
2022-09-19,-0.5086839595299081,0.6939351667140746
2022-09-20,-1.5310900878750326,0.16973383451571475
2022-09-21,-1.1413703566324265,-0.5658201863679229
2022-09-22,-2.02200257167363,2.619343226391014
2022-09-23,-4.026395262918588,-0.05304428319122775
2022-09-26,-4.122919793546282,2.6134771169783133
2022-09-27,-0.6522341126344813,0.010343513733521291
2022-09-28,3.7343868349227862,-2.9217407903119352
2022-09-29,-1.2247093194535688,-0.386793538857342
2022-09-30,0.117207232489838,0.511435429045758
2022-10-03,2.1941713989500156,-2.0454799201034195
2022-10-04,3.4948501485481587,-0.7271356967143927
2022-10-05,-2.0475344144214014,2.1576861878106555
2022-10-06,-3.6440319236476286,0.7431345388444216
2022-10-07,-2.915095352260923,0.25281666233478584
2022-10-10,-1.5192991574377124,0.6593235178479768
2022-10-11,-0.36914890026080716,-0.38342564403562185
2022-10-12,-0.8166968278320689,-0.7541571407143393
2022-10-13,1.798168554892156,0.33352445511978945
2022-10-14,-2.281333434860329,1.2424336504349178
2022-10-17,2.853006418847109,-0.6450931283130562
2022-10-18,0.3276003173780565,0.19125992691626212
2022-10-19,-2.714264515818294,1.759539538562349
2022-10-20,0.16520220245602632,1.3752127088574224
2022-10-21,1.472828523433306,-0.6073986027297272
2022-10-24,-1.0779687592657248,-0.12261769374519232
2022-10-25,3.3141042818399202,-1.9465432192701984
2022-10-26,3.082673879943333,-1.4517876649131631
2022-10-27,-0.8266372360477342,-0.3743914641851235
2022-10-28,-0.11290245633620435,1.4367813577193933
2022-10-31,-1.7226148422331908,0.805421968118311
2022-11-01,0.8459815999851338,0.18777173084049265
2022-11-02,-0.4321193879100492,0.30302630465238417
2022-11-03,-1.7295898693183893,1.9402321058215226
2022-11-04,4.486987917200494,-0.43587504615157036
2022-11-07,0.28693260618086985,-0.09971930339104383
2022-11-08,0.9889827856763584,-1.627328638706954
2022-11-09,-1.2267570041509877,0.1311189432706956
2022-11-10,7.88079138507189,-3.5675300519010134
2022-11-14,2.153038163063038,-0.49422845754580436
2022-11-15,1.6551848173226276,-1.1329918433278323
2022-11-16,-0.45294149925110044,-1.4101926980916553
2022-11-17,-1.5689564992269203,1.0242933531118739
2022-11-18,-0.5110058994646921,1.0042076879149722
2022-11-21,-1.2173427939915553,0.9031101924634658
2022-11-22,1.644548836684461,-1.052899905824916
2022-11-23,2.207413024784977,-1.3702728864063953
2022-11-24,0.30279092508892974,-0.32649717834985525
2022-11-25,0.09215363422352014,0.29555343269681705
2022-11-28,-2.327889493706953,-0.48595520387308794
2022-11-29,0.18526730901550828,1.184033356600678
2022-11-30,3.7250189243368284,-1.3885498286349043
2022-12-01,2.44888694732122,-1.8027723189703286
2022-12-02,0.4224195225831736,-0.14770072141085908
2022-12-05,-2.384687994252867,0.8353471983140405
2022-12-06,-0.8949056573446971,-0.9626223852581993
2022-12-07,0.7712461837727242,-1.9068034419259907
2022-12-08,0.604330591001682,0.7799828205420439
2022-12-09,-0.7687690621228338,0.9254051053782705
2022-12-12,-1.2710704251866696,-0.16758364050077815
2022-12-13,3.691546799829108,-1.2724434238150504
2022-12-14,0.6226768783014736,-0.033171137423489205
2022-12-15,-2.893549421785735,-0.8045688699083556
2022-12-16,-1.094580632887262,0.33158550304376183
2022-12-19,-1.1733148580687083,0.9313479562687585
2022-12-20,0.6725991733451556,0.5670427402855884
2022-12-21,0.9673166851285693,0.6288629156969995
2022-12-22,-1.5418725554565929,-0.49244280477660934
2022-12-23,0.5504672884640018,1.1261849956074086
2022-12-27,-0.4550494998071513,0.7995024921284523
2022-12-28,-1.100434774547977,0.3429404550792927
2022-12-29,1.976610497507374,-0.8680450742689083
2022-12-30,-0.5181248988645184,0.14465104876076243
2023-01-03,-0.30783491770219773,-0.8859091263936594
2023-01-04,1.92013963258848,-0.4421452840288829
2023-01-05,-1.889382001284894,0.7031266017944053
2023-01-06,3.7747539033518462,-2.067041579419225
2023-01-09,1.8660035073436516,-1.1256909403796376
2023-01-10,0.2871492681044593,1.8351734752302837
2023-01-11,1.398333457497222,-0.7160709388475694
2023-01-12,2.996451335368151,-0.9655080756299647
2023-01-13,0.16717037716069028,0.7976400550223053
2023-01-16,-0.8722674279447391,-0.2394720078997669
2023-01-17,0.1601583111724643,0.5735064761591643
2023-01-18,-0.22906711121394538,-2.698847858095865
2023-01-19,-0.35727276590126755,-0.18083144876865767
2023-01-20,0.6288298814242008,1.3483023868980772
2023-01-23,-0.18025323379836095,0.5886570736513871
2023-01-24,0.8170730921204123,-0.7965182492606038
2023-01-25,0.5075703617815984,-0.2249162574667592
2023-01-26,0.39528747893823374,1.164088624767129
2023-01-27,-0.1693110253554253,0.05802445272627565
2023-01-30,-1.5967111058999348,-0.007965138649657911
2023-01-31,1.2073822314418297,-0.15813749146149292
2023-02-01,2.289872672693573,-1.284511573729203
2023-02-02,-0.1485500602100267,0.11983330803926583
2023-02-03,-2.9668591674732783,2.1132661705267752
2023-02-06,-2.716880918228584,1.3610674774061866
2023-02-07,0.7351759043816161,0.6281810299239613
2023-02-08,-0.38231880087491577,-1.3060494034976908
2023-02-09,-0.3505466668227525,0.05815279952436675
2023-02-10,-1.6721233644033147,1.00854798992413
2023-02-13,0.9362198779234115,-0.5450302257875634
2023-02-14,0.14831517077199205,0.8802104901224503
2023-02-15,-1.0668354554694401,1.2904074286070417
2023-02-16,-0.47196884103502457,0.08648549145490916
2023-02-17,-0.43746609613460924,-0.7556588662291724
2023-02-20,-0.0742970192115929,0.1180855902413034
2023-02-21,-2.0918705023901834,0.716862749332191
2023-02-22,-1.1394000413827043,-0.13416018909728464
2023-02-23,0.2713727058490237,-0.22483205106223794
2023-02-24,-2.781944575546262,0.4239463757637153
2023-02-27,1.542628811442542,-0.3303995765104179
2023-02-28,0.13158404260924597,0.4111989159509512
2023-03-01,0.3024592727115389,0.521780674989334
2023-03-02,-0.7005087372020264,1.5027241870755406
2023-03-03,1.9739131151480727,-1.119625717512196
2023-03-06,0.0066433218463272025,-0.17246088388926706
2023-03-07,-3.3788269293685462,0.1863827868435221
2023-03-08,0.8604722923138359,0.6614884664495078
2023-03-09,-1.1122569126452477,-2.6755819594651995
2023-03-10,0.5016261975374576,-3.899426147047028
2023-03-13,1.9278533940847733,-2.8670330984230623
2023-03-14,0.5888967889676128,1.922538021604413
2023-03-15,-1.370448709850464,-2.7070742588107803
2023-03-16,0.8771475070769073,2.2030730619169585
2023-03-17,0.657078735486651,-3.0680832395417648
2023-03-20,1.035709294242003,0.6622144300241865
2023-03-21,0.3143668780349865,2.292331715407335
2023-03-22,0.8154764535223793,-3.1303831596828604
2023-03-23,0.7320077596763375,-0.07190942667603378
2023-03-24,0.1616487986093037,0.28975751491292334
2023-03-27,-0.39255955847184165,2.0162041315732306
2023-03-28,0.27553175622898024,0.1460032943733816
2023-03-29,0.8493004769830975,0.5789034064868019
2023-03-30,1.1148090432637907,-0.4993787782953165
2023-03-31,0.5840602293575657,-0.31739642539986473
2023-04-03,0.16826537547701273,-1.2098126691424236
2023-04-04,0.1989447779926116,-1.761804613738943
2023-04-05,-0.33885723963362446,-0.21534316063306114
2023-04-06,0.6063274073872998,0.22763070897044196
2023-04-10,-1.5957737556822174,1.646411009883442
2023-04-11,0.7110627658929971,-0.056984520158943425
2023-04-12,1.161214725007447,-0.9379338206514034
2023-04-13,1.2057646290898292,0.7661568583080005
2023-04-14,-1.3754127365672817,1.2804744187136958
2023-04-17,-0.5138528421352483,1.671888346674652
2023-04-18,0.6237569114999038,-0.5900590721196808
2023-04-19,-0.3222983806050447,0.40249468331621446
2023-04-20,-0.8712691939325702,-1.3809566349890086
2023-04-21,-0.4043717274922532,0.33768905334367144
2023-04-24,0.4529535647576185,-1.472571451598849
2023-04-25,-2.0698044836623124,-1.8789946679790794
2023-04-26,0.2698734571582705,0.14226829609798353
2023-04-27,1.2105535898223885,1.9856418434520162
2023-04-28,1.0354456788827724,-0.40590585273735424
2023-05-01,-1.3246322818707326,1.9059004402785826
2023-05-02,-1.3115089906897677,-3.0052477662176176
2023-05-03,0.08446217623198897,-1.8172772383298228
2023-05-04,0.04014605040598082,-0.23689564116203315
2023-05-05,1.574286749659975,1.7677411538502135
2023-05-08,-0.24279443863046782,1.104663425704716
2023-05-09,-1.0872039203784978,-0.10375996125583985
2023-05-10,0.7410648891504973,-0.8719351981799568
2023-05-11,-1.7154054957887912,-0.5884506185430256
2023-05-12,-1.0462346467627113,1.3934741836260085
2023-05-15,0.2031959941334887,0.29714954915156155
2023-05-16,-1.964491198568805,-0.31779452870212765
2023-05-17,1.1131150118513564,1.4502819322873812
2023-05-18,-1.181405376682173,1.7206142910367421
2023-05-19,0.13086475465507946,-0.252447795665442
2023-05-22,-0.224314555492334,0.22747258679543533
2023-05-23,-1.5425296389004022,-0.806383117347146
2023-05-24,-2.6749813588408062,-0.19404750548447228
2023-05-25,0.9219158454215637,1.94751932557966
2023-05-26,2.2424452182903845,0.7834617009246443
2023-05-29,0.43238445506780154,-0.3811690108079269
2023-05-30,0.3666748283837321,-0.9192620425830667
2023-05-31,-0.39572232268710006,-0.745087620367832
2023-06-01,2.5800223232316513,0.002473672138891566
2023-06-02,0.2733034271694339,2.197948324796242
2023-06-05,0.028537211920871584,-0.1927437280129897
2023-06-06,0.3649124686645231,0.34467452978460017
2023-06-07,-0.5182997936679046,1.3007044077045136
2023-06-08,1.5221723302588477,-1.3108121873082659
2023-06-09,-0.5851771571164107,0.2977588497139442
2023-06-12,-0.21026885052791988,-0.4307526298032575
2023-06-13,1.0572475451611019,1.1812454570077435
2023-06-14,1.6574680028830797,-0.22959377023623265
2023-06-15,1.3739600748287426,-1.7203140992187604
2023-06-16,-0.3604336064614069,0.9940515237341597
2023-06-20,-0.2803167693896252,-1.03923573487875
2023-06-21,0.2420867138070572,-0.12981728105946552
2023-06-22,-1.1225481268950512,1.0303533020472684
2023-06-23,-1.4935988014262986,-0.8701708683348315
2023-06-26,0.10588886506557708,-0.7500060540623746
2023-06-27,0.4411680640999964,0.6614233875587483
2023-06-28,-0.03785555523579904,-0.2214891428298628
2023-06-29,-1.0372784499093406,1.8070625629739374
2023-06-30,1.0837600718684692,-0.2183733906252402
2023-07-03,0.33786768571699866,0.3852592771993393
2023-07-05,-0.9419732899665543,0.8842140743531748
2023-07-06,-1.5110150409386056,0.13003376006574818
2023-07-07,1.247273625012328,-0.06937325732071924
2023-07-10,0.6573194586172801,-1.160884335712821
2023-07-11,0.7518436544841787,-0.3270391677382392
2023-07-12,3.3817240646604225,-1.5169051874983737
2023-07-13,2.247345331239529,-1.487270722887402
2023-07-14,-0.5249378765253105,0.9090596535065358
2023-07-17,-0.9562893568543258,-0.7917470237975694
2023-07-18,0.0015861323869330536,-0.12555016204193092
2023-07-19,-0.02754705875304596,-0.3300101134476745
2023-07-20,-1.998505346832463,1.4486663276925107
2023-07-21,-0.21238933203441393,0.02522910408211517
2023-07-24,-0.046248780630436394,0.7275592009159662
2023-07-25,0.20278531726178606,0.24179442291025122
2023-07-26,0.9149278647307518,-0.30206015231264094
2023-07-27,-2.5733315941022257,1.5110900631558193
2023-07-28,1.5238160337683198,0.0755257385836675
2023-07-31,0.2993706472516816,0.37517882188202073
2023-08-01,-1.567915568946987,0.7955525157773101
2023-08-02,-2.529986049926805,-0.5045614911868654
2023-08-03,-0.6490291612537171,0.9728046245565837
2023-08-04,0.5920165991444334,-2.6560810180620003
2023-08-07,0.2824138072685931,1.188709124028127
2023-08-08,-0.9168845546363819,-0.7530572462331497
2023-08-09,0.034190325231864986,-0.2032814857983295
2023-08-10,-0.5705478081841657,1.0719710070368882
2023-08-11,-0.7881933844323943,1.0890202609464454
2023-08-14,-0.49595094963071157,0.8177724855708768
2023-08-15,-1.4079667944309309,-0.7460364928508053
2023-08-16,-1.5607777843746322,0.17095801273648906
2023-08-17,-0.5843735455759212,-0.005146653588194858
2023-08-18,0.4125046180799654,-0.39900525706489176
2023-08-21,-0.33923811266662596,1.0249712700672016
2023-08-22,0.30880234688179864,0.29972085372765556
2023-08-23,2.215159627349585,-1.0010291224090069
2023-08-24,-1.6364894338352425,0.35060582794730893
2023-08-25,0.34907207248536704,0.5100641480867121
2023-08-28,0.7073227346216764,0.015395580334660524
2023-08-29,2.1991889838221845,-0.8899820477652124
2023-08-30,1.0356661093198918,-0.07307631411507248
2023-08-31,-0.419755234497002,0.43929665399861106
2023-09-01,-0.52468804150542,1.6929581163714054
2023-09-05,-1.7174284887345046,0.8797788179632784
2023-09-06,-1.0641024452156467,-0.08825087527493057
2023-09-07,-0.2169291178002655,-0.46390053969361544
2023-09-08,-0.3751818414508718,0.20055715810384886
2023-09-11,1.0529291974272739,0.1682324233999924
2023-09-12,-0.5317342920566546,-0.3739068636063411
2023-09-13,0.10508764724388653,-0.0036221136255731616
2023-09-14,0.3387469887526305,1.4935091562501193
2023-09-15,-1.1171584198753746,-0.18152566028677677
2023-09-18,-0.2593601552412694,-0.6783155160509862
2023-09-19,-0.46670432042759696,0.04449100799701606
2023-09-20,-0.5617284843660652,-0.15855574132074024
2023-09-21,-3.4575722051695768,-0.31644605115976904
2023-09-22,0.032592773968459644,-0.41635933559999144
2023-09-25,-0.8928906990029211,1.4841900802168515
2023-09-26,-2.0675680715022047,-0.723149088417039
2023-09-27,-0.7786492960653841,1.1823020043771308
2023-09-28,2.101108531670232,-0.0007232178976095494
2023-09-29,0.696200731456089,-0.009865064880792815
2023-10-02,-2.550661365653883,1.4182918103162232
2023-10-03,-2.495358889344398,0.18621937774281708
2023-10-04,0.9070402660491178,-0.4739309240389867
2023-10-05,0.631072563754112,-0.5683052501397463
2023-10-06,1.1075158200473247,1.2713958198777924
2023-10-09,1.1070605752576785,-1.9342287345333602
2023-10-10,0.7673138870414379,0.4613799736463454
2023-10-11,1.5211500506535276,-0.6003034771416043
2023-10-12,-2.204767045086591,1.8427482992079178
2023-10-13,-1.1868085995370785,-2.136720103856205
2023-10-16,0.987033290250655,1.4904912777417973
2023-10-17,-1.3477986889280629,1.1581286894883929
2023-10-18,-2.0237390251123495,0.33261525970958866
2023-10-19,-2.009300904007007,-0.49064653823964793
2023-10-20,-0.17086453583424163,-1.2491755801595872
2023-10-23,1.487518929396908,-0.8781482162587662
2023-10-24,0.8337856148801667,1.0652876382676537
2023-10-25,-2.465727799144406,1.0647287826739869
2023-10-26,1.075412082771195,-1.2408533772564354
2023-10-27,0.07985245754646889,-0.2265440117148275
2023-10-30,1.305344095089157,0.7904239505466003
2023-10-31,0.38628943684151457,1.6373542995799273
2023-11-01,1.318064085203013,-1.5425729943147166
2023-11-02,3.2835060732889203,-0.48291062915658783
2023-11-03,3.0044175648156757,-1.3028530347685778
2023-11-06,-0.5904251943570807,0.9587426718850938
2023-11-07,-0.561037389895657,-0.8431954819973999
2023-11-08,0.19330960401605904,-0.8032789161302145
2023-11-09,-1.5347266511971671,1.4329393265540447
2023-11-10,0.4493607349241255,0.5678835694327786
2023-11-13,0.29086194708541985,-0.4810634064419306
2023-11-14,4.882522609556133,-2.6575222630299344
2023-11-15,0.04340070369857745,1.4976133363594488
2023-11-16,0.16530263645850665,-1.346625118338268
2023-11-17,0.9418456424812305,-0.09326584420070427
2023-11-20,1.6724717648855454,-0.09539208732406322
2023-11-21,-0.33834655243942374,-0.32670564850172923
2023-11-22,-0.35345257606795727,0.5950562933448998
2023-11-24,0.5432999012213409,0.5167919066325355
2023-11-27,0.596127235873289,-1.2859695186516547
2023-11-28,1.2543106933922477,-1.0374501591976182
2023-11-29,0.8006822886098663,-0.7576151984308072
2023-11-30,-0.8887567680721655,1.5490301615482256
2023-12-01,1.6277482467699191,-1.255670563461598
2023-12-04,-1.797687331810818,0.3769892823471424
2023-12-05,-0.28221979712921236,-0.8591378939006463
2023-12-06,-0.6322882514695949,-0.8650775776054138
2023-12-07,0.9357489949748024,-0.027285851975515526
2023-12-08,-0.6109222722677322,1.7050450148580716
2023-12-11,-0.5119945343761907,-0.13445928278631572
2023-12-12,0.7220364213227894,-0.2081986745118325
2023-12-13,2.6601727087937306,-2.9110243027358864
2023-12-14,2.3506065773712796,-1.8380384105307022
2023-12-15,-0.8317090992102901,0.438408820909113
2023-12-18,-0.730440694521107,-0.1455967105456089
2023-12-19,1.509467730202881,-0.4929378127162859
2023-12-20,-0.9901693757815253,-1.5048322744124127
2023-12-21,1.0606875979323203,0.12067667576171143
2023-12-22,0.3679160629129326,0.24779190906996365
2023-12-26,0.6448456791816861,-0.17234320195685313
2023-12-27,1.9188540051514837,-1.174947918652059
2023-12-28,-0.45308705985336684,0.8497515701642548
2023-12-29,-0.712120883128584,0.14003409653824414
2024-01-02,-1.8710799216085763,1.1144803512743278
2024-01-03,-1.4776183008390007,-0.7153557911916736
2024-01-04,-0.5607275744751145,0.765762073290863
2024-01-05,-0.40158907129716986,0.7319478221078863
2024-01-08,1.133755325652066,-0.1563174264052035
2024-01-09,-0.6725972733775634,0.12459584985128826
2024-01-10,0.22099974167278055,0.018197120830777156
2024-01-11,0.2801735418579173,-0.6461812680024172
2024-01-12,-0.08517877568047674,-0.5145779792986266
2024-01-16,-2.054064341679698,1.568548466943772
2024-01-17,-1.8592323086074143,-0.15534713928605431
2024-01-18,0.07139189119082863,0.8157256819927344
2024-01-19,1.7863608078299442,0.37258798619619105
2024-01-22,0.3540123190666507,-0.15269344540999658
2024-01-23,0.13100902352908309,0.9292971701067034
2024-01-24,0.2607814946983119,0.05208274931599535
2024-01-25,0.40785687275624766,-0.4492331106529622
2024-01-26,-0.4160222325443829,-0.010706136959233057
2024-01-29,0.6879009750302579,-0.5613680933125726
2024-01-30,0.34169524942025753,-0.5720348503071029
2024-01-31,-0.14543335575788174,-2.165184040471867
2024-02-01,0.8142323994397267,-0.38741561104089445
2024-02-02,-2.0785778117855824,2.2671639570944953
2024-02-05,-1.8513844871753022,1.8881403595995803
2024-02-06,1.3953430020899154,-0.6283693631849382
2024-02-07,-0.0018154658655051056,0.17331550506561672
2024-02-08,-0.21894957917399174,0.5909553318536949
2024-02-09,0.13022456948913547,0.12403999589602951
2024-02-12,-0.18516822134009125,-0.3665267534688177
2024-02-13,-3.405270793261007,1.143714416036286
2024-02-14,1.6183829029954153,-0.2002850148519681
2024-02-15,2.307085257932268,-0.0330986684890268
2024-02-16,-0.9112635531441994,0.2480058786030269
2024-02-20,-0.0936614383701555,-0.7799715215481289
2024-02-21,-0.3049554702115141,0.40015454425942515
2024-02-22,1.9406289093775964,0.9278790327471144
2024-02-23,0.3859873797179017,-0.7545885410086655
2024-02-26,-0.7748958527577442,0.004128213513497008
2024-02-27,-0.05043811564542342,0.3665069117243007
2024-02-28,0.4392402247180957,-0.3839602826645695
2024-02-29,0.7739926448974942,0.4224459198052887
2024-03-01,1.428564949185387,-0.7420130308115205
2024-03-04,0.43827042468533994,0.31685536420769517
2024-03-05,-0.6460662632726687,-1.4858527180597376
2024-03-06,1.3190778079651582,-0.7231349674988615
2024-03-07,1.2883869297481778,-0.5097767062473547
2024-03-08,-0.11198265191054628,-0.45582905515706196
2024-03-11,-0.4845820849998326,0.14002573554236297
2024-03-12,0.41614842821199305,1.3599993236296175
2024-03-13,0.6692530943848047,0.5427819316241552
2024-03-14,-1.9483137064564913,1.1805292721748597
2024-03-15,-0.4103888375597355,0.17045636256054744
2024-03-18,-0.2408155473147464,0.23574875477573132
2024-03-19,-0.34861203242840194,-0.4175363541658342
2024-03-20,0.5933956466602153,-0.3049459596593468
2024-03-21,0.035259992618486134,0.6409495508551265
2024-03-22,-0.9183545681044835,-0.6739933578853626
2024-03-25,0.30240622044742355,0.3316058373455188
2024-03-26,-0.7189353148069536,-0.3527902021715013
2024-03-27,0.9583011982309504,-0.14460621181958896
2024-03-28,-0.22872215669049215,0.2769825554033273
2024-04-01,-1.2574983394529968,1.3910485902817045
2024-04-02,-0.6492308409468387,-0.3321498255877817
2024-04-03,1.3908755381005091,-0.15455909036067672
2024-04-04,-0.7624917274837643,-1.6137891753156743
2024-04-05,-0.7390487887406622,1.2630482690878733
2024-04-08,0.4732999391619185,0.4818955092862932
2024-04-09,0.8181684496048713,-0.4895837943194691
2024-04-10,-3.475850604234444,2.3576545574547865
2024-04-11,0.14982372067641553,0.8234634153508091
2024-04-12,-2.123917844972494,-1.4195656871932072
2024-04-15,-1.3781919415670667,0.4790042099848269
2024-04-16,-1.009729729291193,0.7024307335483057
2024-04-17,0.5720659226938715,-1.1960207356384736
2024-04-18,0.19448410817712103,1.0015814780225025
2024-04-19,-0.806173998042886,-0.6276218252657138
2024-04-22,0.8870204730337469,0.4671296779254371
2024-04-23,1.5570378069518778,0.27863556599788664
2024-04-24,-0.1943755599765627,0.5829591350380674
2024-04-25,0.5041804063121429,0.7755504899872648
2024-04-26,0.4686713956358485,0.09609159384792307
2024-04-29,1.8500848079410974,-0.4148677105277241
2024-04-30,-2.8489633249324946,0.4156608761252664
2024-05-01,-0.05081569609552361,-1.0553001836519083
2024-05-02,1.3681499680371887,-0.6264921548398084
2024-05-03,1.7224263395079213,-0.5721162174091987
2024-05-06,0.34940576474005286,-0.04218917193153782
2024-05-07,0.039754946956966866,0.1638988666513069
2024-05-08,-0.8063510258629835,0.4376264399569483
2024-05-09,1.7897783814480306,-0.2819830576324961
2024-05-10,0.020177397718312312,0.6753801989363065
2024-05-13,0.2563665618146191,-0.5466828808811713
2024-05-14,1.4021171167610722,-0.33792398247265276
2024-05-15,2.7892747399370332,-0.9372714978940794
2024-05-16,-0.2652841954807899,0.45761265093272335
2024-05-17,0.607633189599572,0.9637184965282874
2024-05-20,-0.24853808029304955,0.307293246249891
2024-05-21,0.12987845435231515,-0.21475524594141904
2024-05-22,-2.3672723451193645,-0.5221648425041406
2024-05-23,-1.375304446231256,0.25789942550085043
2024-05-24,0.7841278761089273,-0.09743104351709786
2024-05-28,-0.13566155310048875,0.49866011871938415
2024-05-29,-2.185943348037242,0.23708782554230642
2024-05-30,0.31987234998801717,-1.3748400708271982
2024-05-31,0.8544039205390181,0.11347407930189397
2024-06-03,1.3003279188047356,-1.7970518027834965
2024-06-04,-0.14579828599177755,-1.0071913996033663
2024-06-05,1.0194225643690362,-0.005190662034512344
2024-06-06,0.6327656313789835,0.14100944854263636
2024-06-07,-2.7031722744911715,2.0619793600860583
2024-06-10,-0.13425561689143004,0.5276607285334972
2024-06-11,-0.23669660195553327,-0.9797802637165429
2024-06-12,1.8718480037033662,-0.9035182143322014
2024-06-13,-0.02852677784386035,-0.3030852040886261
2024-06-14,-0.7331331323045684,-0.49991453517609435
2024-06-17,-0.9650057754742049,0.4775320528502594
2024-06-18,1.6717577477808927,-1.0144651011286547
2024-06-20,-0.7836241067555672,0.32437180189628867
2024-06-21,-0.6749807153236329,-0.05814582074179713
2024-06-24,0.0263280100832991,-0.7565595823038451
2024-06-25,-0.3302109796469921,0.3666519418345742
2024-06-26,-0.7757649301634355,1.4294913910941347
2024-06-27,0.7362364082705319,-0.4323096011926679
2024-06-28,-0.2302136122444141,1.1850525602459483
2024-07-01,-0.4685779173447472,1.0074229122003457
2024-07-02,0.612347793106129,-0.42041313418724435
2024-07-03,1.9968941124670898,-0.8943526312005253
2024-07-05,1.2507068558865577,-1.4021727489790752
2024-07-08,0.5865854182208524,0.3234297676265189
2024-07-09,-0.384459373808919,0.1645524085228434
2024-07-10,0.4106841284469545,-0.3450042128956481
2024-07-11,0.9823875334939888,-1.440992657890222
2024-07-12,1.6683177195117638,-0.059502390497232625
2024-07-15,-1.0278671834279567,0.0512653635743932
2024-07-16,-0.0012606371217429222,-0.9461276633162974
2024-07-17,-1.0259882810925909,-1.4441719561252762
2024-07-18,-2.4525199598825926,-0.24830431595395663
2024-07-19,-1.3229381429176992,0.1630956342181208
2024-07-22,0.4632296844981052,0.6572651811244625
2024-07-23,-0.4531643410703046,0.03284437489511154
2024-07-24,-2.5110270014094636,-1.4918346013079586
2024-07-25,-0.4160205410692754,-0.825536478422649
2024-07-26,1.3337050699988018,0.2344571377454797
2024-07-29,-0.39241413116353563,-0.23458575818312402
2024-07-30,-0.42599795703551563,-0.8861081308161202
2024-07-31,3.0592676926024738,-0.6475169424269815
2024-08-01,-0.9874005049381164,-1.3011360721561682
2024-08-02,0.38705604361033846,-5.007415818369046
2024-08-05,-4.90190788932461,-4.867747998535533
2024-08-06,2.093963960121695,4.2044299348062095
2024-08-07,-1.20826045802079,0.5022741118599772
2024-08-08,1.3237200112609782,1.6706825489802792
2024-08-09,1.365562206122487,0.44249917949187584
2024-08-12,0.6112717403545076,-0.3363787297503697
2024-08-13,2.1574056960008967,-0.2179759194771272
2024-08-14,0.7590362575637586,0.6680180812596213
2024-08-15,0.23813073134192056,1.9441935628588696
2024-08-16,1.0949463420905534,-0.6394963089705229
2024-08-19,1.4064473862426219,-0.3468216794215382
2024-08-20,0.042560420209835484,-1.8205142065271274
2024-08-21,0.9501358181696533,-0.48434868921686025
2024-08-22,-1.422200508127572,0.48758482206696235
2024-08-23,2.980659146832568,-0.39621506418077596
2024-08-26,-0.3425703652440281,0.26632350490634593
2024-08-27,0.500720314183941,0.12386472268288384
2024-08-28,-2.038814978772972,-0.43917990336476054
2024-08-29,0.0863359209083165,1.1047759147376195
2024-08-30,0.031491929384707476,1.2043359747710174
2024-09-03,-2.9418996901227894,-3.4763187896682086
2024-09-04,0.5616543435154175,-1.5545088222862347
2024-09-05,2.1908634449457844,0.2923744850231457
2024-09-06,-1.381279032597237,-1.118397397134228
2024-09-09,1.4784073606748105,1.4139685483575668
2024-09-10,0.8207369744998325,-0.4441106272003986
2024-09-11,0.5151693879666248,0.8667992671771068
2024-09-12,0.6709270553326965,0.2470048723817138
2024-09-13,1.0943085028857134,-0.12240833516676929
2024-09-16,0.7361726205460067,-0.9858201530438188
2024-09-17,-0.0396985036301847,0.025599531256522402
2024-09-18,-0.6160845902351726,0.11860329553400106
2024-09-19,1.465318132981395,1.1017529145351592
2024-09-20,0.05792096948212795,0.43995793411694156
2024-09-23,0.627616885391678,0.521962629970894
2024-09-24,2.048475474792372,0.058723856240860905
2024-09-25,-1.051172303862887,0.9760345392733105
2024-09-26,1.1675784994926255,-0.006335267948377716
2024-09-27,0.09283679767254516,-1.2808122986866297
2024-09-30,-0.6894799378614771,0.7727263055277829
2024-10-01,-0.7769266091303119,-1.2160948838874306
2024-10-02,-0.27344049630286044,1.2745836661801342
2024-10-03,-2.378059774673441,0.01395750305084091
2024-10-04,-0.6108700457397828,2.510061926256309
2024-10-07,-1.3251869353037684,-0.6587853707995621
2024-10-08,-0.6373963406546821,0.12393542790473883
2024-10-09,-0.6902829834464265,0.7461459055842702
2024-10-10,-0.23991453863788512,0.32949035056566683
2024-10-11,1.1086263672261778,0.04271855434658018
2024-10-15,-0.9585294615881804,-0.4568980299146042
2024-10-16,0.6937070193464129,0.563496907599127
2024-10-17,-1.0934145161443916,1.0834496403656604
2024-10-18,1.431656436495917,0.026604048516473654
2024-10-21,-1.420907548572713,1.4498424880950613
2024-10-22,-0.015887066576909352,0.41283183918298305
2024-10-23,-1.2146072578482379,0.19414698018699406
2024-10-24,0.33690425262185175,-0.8326112543381675
2024-10-25,-0.11304419558089882,0.24781809773265298
2024-10-28,0.035827508622499796,0.7610676486619345
2024-10-29,-0.3785209487069898,-0.07547466040240587
2024-10-30,-0.4655759457907223,-0.49610222124459485
2024-10-31,-1.49224961265419,-1.3641687244653264
2024-11-01,-0.8137565047118227,1.7665670770430744
2024-11-04,1.3396541974880023,-1.422625003767029
2024-11-05,1.9595724174629252,0.28889373249421413
2024-11-06,-3.304154058470093,3.975570059462852
2024-11-07,3.6819257012623083,-0.6246703443265283
2024-11-08,-0.9646360306740032,0.04474667794471391
2024-11-12,-3.4520108625840926,1.7846778671190784
2024-11-13,-0.7970368876008653,0.7089482162467886
2024-11-14,-0.577280914169632,-0.13072881316040053
2024-11-15,-0.9634517797564582,-0.9519252494652634
2024-11-18,1.8160591224375293,-0.17640650697887245
2024-11-19,0.22436767922214326,-0.5162655284216084
2024-11-20,-1.1456660408752444,0.15417400710703408
2024-11-21,0.14214357905256628,0.5077556752128111
2024-11-22,0.0004616651035479046,1.0087935955406322
2024-11-25,2.548077257687263,-1.6918769660102646
2024-11-26,-0.7311726125033727,0.3850355919129779
2024-11-27,1.584536046158332,-1.0477220741401367
2024-11-29,0.9730068340360964,-0.8720644515619436
2024-12-02,-0.8237926298811411,0.6920317093934217
2024-12-03,0.35387770445055217,0.42487060161602913
2024-12-04,0.10226619713222698,-0.6900165021055924
2024-12-05,0.7613266716886279,-0.6099377119570851
2024-12-06,0.3977795748504224,0.3846047688866043
2024-12-09,-0.7811126745328084,0.006544795847622251
2024-12-10,-1.3612180160101641,0.20809161951075805
2024-12-11,-0.14073930046877473,1.1052028366487079
2024-12-12,-0.9354972984511424,0.6441885948185404
2024-12-13,-0.7648658059910551,0.5606573344392669
2024-12-16,-0.8121720891308253,-0.4539374240866651
2024-12-17,-0.4806732041699596,-1.1244034482153173
2024-12-18,-6.487754944037729,-1.9336683482138406
2024-12-19,-0.8564399346127296,1.4358741196821698
2024-12-20,3.0713846559287923,0.8940826558305746
2024-12-23,-0.15608850391093865,1.6518393638830124
2024-12-24,1.281187667938035,1.4477472731783134
2024-12-26,0.3742382580360644,-0.3104167692258617
2024-12-27,-0.6586789309488423,-0.17280662492744847
2024-12-30,-0.0812469447004754,-1.6279546945820853
2024-12-31,-0.9251671966079487,0.5965073511667918
2025-01-02,-1.0122203633143176,0.3654157934826892
2025-01-03,2.0999517368401928,1.2071967755082116
2025-01-06,1.444909487766792,-0.03546646447864816
2025-01-07,-0.9319294245125798,0.2694854982226642
2025-01-08,0.14609064293402904,0.7829012175737762
2025-01-10,-2.941541607059939,0.15131171775515084
2025-01-13,-1.5749781287952198,0.31439999006306774
2025-01-14,1.4523429033463167,-0.2166392824503075
2025-01-15,2.2274489461011644,-0.6220823380272942
2025-01-16,1.6482829027349815,-0.3591687845754443
2025-01-17,-0.31165146413886735,0.6026049167816002
2025-01-21,2.5329472427662822,-1.1656945336134705
2025-01-22,-1.2222608868715783,0.20390598829591178
2025-01-23,0.5917639123030073,0.4805187164939918
2025-01-24,0.8021057357750637,-0.8288641708075472
2025-01-27,-3.3096337176653567,-3.1956738535137954
2025-01-28,-0.05093853082813703,0.988312049732922
2025-01-29,0.01261160039848637,0.07479925304877222
2025-01-30,1.3466633368355412,0.22032934669194354
2025-01-31,-1.8075410629098478,0.18595103076069805
2025-02-03,-1.293696846904093,-0.19647460048545465
2025-02-04,2.3669114480287154,-0.6096391753538527
2025-02-05,2.923675640903385,-0.2869446592433517
2025-02-06,0.43936171262692125,0.45837599904575055
2025-02-07,-0.32241999429018425,0.7908674474317983
2025-02-10,1.461834035154756,1.0473038086275417
2025-02-11,-0.04819567379839781,-0.10659862586994495
2025-02-12,0.22486325439533394,1.2665791190938736
2025-02-13,2.2788962980613054,-0.9805311097538779
2025-02-14,1.0740028288698389,-1.1127353251384964
2025-02-18,-0.1156597041454837,1.1138805668497618
2025-02-19,0.42946522031343415,-0.0036119127529700163
2025-02-20,2.0104163856772987,-0.8283378726364179
2025-02-21,-1.7943737296127185,-2.0752189213569814
2025-02-24,-1.8413408490609402,-1.2337346470295683
2025-02-25,-0.023893474381039923,-1.8521573461862826
2025-02-26,0.46044884049230606,-0.23892562600816272
2025-02-27,-2.137481214373654,-0.054103872964182155
2025-02-28,-0.15018566347450638,-0.1336051393858757
2025-03-03,-0.6597265527534264,-2.5523799100503677
2025-03-04,0.38451759434845795,-0.1506076377021411
2025-03-05,4.163647398831071,0.48349594905520205
2025-03-06,-1.615288388420546,-1.4150104946731512
2025-03-07,0.15639180089174895,0.354278463104454
2025-03-10,-1.4422376571481492,-2.736329904829675
2025-03-11,1.4169250478217985,0.6101935054746862
2025-03-12,0.37116513343149643,1.8596110609346286
2025-03-13,-0.4868597571070195,-0.5585335243601511
2025-03-14,2.1332718751934134,1.7034284037069038
2025-03-17,1.4015882704748936,0.16537914970011708
2025-03-18,0.022372564556734007,-1.1748967221314157
2025-03-19,0.2936905784892309,0.2778511494750288
2025-03-20,-0.6720638342802497,0.18791172893890581
2025-03-21,-0.3394108254312681,0.4027620368910118
2025-03-24,0.1717650436156606,1.8911131348946513
2025-03-25,-0.23045192059487155,-0.38181086482593846
2025-03-26,-1.196324366899675,0.20185112382233653
2025-03-27,-1.022653009724155,-0.6497650368973438
2025-03-28,-0.7073637199825266,-2.746921230029567
2025-03-31,-0.7422365201011213,-0.7807639079199464
2025-04-01,0.7266613916321109,-0.28751567091706476
2025-04-02,1.1405603420435677,-0.6374184515773359
2025-04-03,-1.7558197827530615,-5.527968618426431
2025-04-04,-7.986322147777402,-4.02494159074848
2025-04-07,-3.8075609410027154,1.432626650609634
2025-04-08,-2.614179330631043,-0.5499444522528262
2025-04-09,4.93265731114354,4.0783341098645325
2025-04-10,1.1436905414989107,-1.7244261390451079
2025-04-11,2.5377605503824965,1.2673807865488715
2025-04-14,3.4420350352171405,-0.048645287118023954
2025-04-15,-0.34553824631248464,0.0980176415711263
2025-04-16,0.4954975142815338,-2.0505642199159557
2025-04-17,1.2536002514843432,1.505737113727843
2025-04-21,-0.5860804423725925,-1.1053334284968463
2025-04-22,1.340215385348494,1.5211545676846587
2025-04-23,-0.204882910864275,1.198887304094108
2025-04-24,1.7326854453767289,-0.643746516346447
2025-04-25,0.9406070328317557,-0.12719239033436483
2025-04-28,0.7433358864656584,-1.1119916875086733
2025-04-29,0.8930983608843993,0.2621601731997293
2025-04-30,-1.0862437627280022,-0.33681017105771227
2025-05-01,-0.6795577126018253,1.3693636549338113
2025-05-02,1.6056463879400766,1.8094263188837585
2025-05-05,-0.1383720669446345,0.009635478954815441
2025-05-06,0.9586483224676637,-1.3407190356436918
2025-05-07,-0.998146893876555,-0.049207213505397335
2025-05-08,-1.9394550266306319,2.3343689464217907
2025-05-09,0.9395096652668498,0.027258058180606167
2025-05-12,-0.6268456280493008,3.566085278809191
2025-05-13,1.2940465415943356,-0.51976045375062
2025-05-14,-0.5921473591733184,0.624360729897479
2025-05-15,1.2672805493521138,-1.0451833996304647
2025-05-16,0.16648933200086424,0.5545906060817437
2025-05-19,0.7307847864330019,-0.7938859662286275
2025-05-20,0.023130975685465086,0.06591026947823897
2025-05-21,-0.8576263565368224,-0.2131893715077323
2025-05-22,-0.32763472896700274,-0.3597064621537287
2025-05-23,1.1736608547118865,-1.4101720741303247
2025-05-27,0.5654402341697156,0.595711797838493
2025-05-28,-1.4021153403091355,0.24138974920024583
2025-05-29,1.2690534527803565,-0.9669795499312109
2025-05-30,-0.16413258589696986,-0.2277778519982886
2025-06-02,2.103918743347392,0.5249824273093795
2025-06-03,-0.3431787763722992,0.8886439661467224
2025-06-04,2.200602556746354,-1.198952064286367
2025-06-05,-0.14164826289722468,0.08863625989558759
2025-06-06,-0.8360238338979425,2.2286995813225907
2025-06-09,1.3050944796031183,-0.9953477659766363
2025-06-10,-0.38358979000542603,0.6417925263839637
2025-06-11,0.17930412435964352,-1.3984006205703052
2025-06-12,1.0414577424455997,-1.5359595854753325
2025-06-13,-2.297599890453722,-0.5765098788876015
2025-06-16,1.714418580581995,0.8721711682720387
2025-06-17,-1.5738504492321739,-1.1003692269951642
2025-06-18,0.6240918351659076,0.6633889702462409
2025-06-20,-0.06654713618645917,-0.6035030810136893
2025-06-23,0.920177528896063,-0.3614756363260946
2025-06-24,2.8215259184744053,0.1327236486098543
2025-06-25,0.09676092371743468,-0.04910318284842285
2025-06-26,1.4524069514729,-0.7135547791133932
2025-06-27,0.25659184324814166,0.8454322120888551
2025-06-30,0.764387394436838,-1.199562144392217
2025-07-01,-0.31598750916444723,-0.05949473199669826
2025-07-02,0.7754203291806476,0.7724804277484074
2025-07-03,-0.5976620376516676,1.1701150681522587
2025-07-07,-2.4348278068494675,-0.3580661318082791
2025-07-08,3.178682292125002,1.942391683250325
2025-07-09,-0.1970306481345613,-0.8509603153909503
2025-07-10,0.3548688726859272,0.3599208286233206
2025-07-11,-0.7046266465187476,0.8232742216082706
2025-07-14,-0.49760815189403473,-0.11127129063386104
2025-07-15,-0.1562495901073462,1.3553283432841023
2025-07-16,0.6276279617440702,-0.5480676305779217
2025-07-17,-0.04270307939897767,0.6973493705537893
2025-07-18,1.1680327638040602,-0.3546650439833467
2025-07-21,0.8700444644921108,-1.4244909472264262
2025-07-22,1.1745743019732944,-0.6285179740931749
2025-07-23,1.1779092695546058,1.1666313497025977
2025-07-24,-0.2886495934055944,0.3475198622374479
2025-07-25,-0.252758372410153,0.08872303340754603
2025-07-28,-2.3059932221157387,0.8550218861633514
2025-07-29,-0.4590617268877715,-1.381225545134936
2025-07-30,-1.5433488150895427,1.463751581854158
2025-07-31,-6.457594702432452,-2.9112069688741498
2025-08-01,-0.0839956674259122,-3.866642980992247
2025-08-04,2.060051452326122,0.6287934461627783
2025-08-05,-0.4858880589797261,-0.3376957448960009
2025-08-06,0.6551076432726387,0.03489880470651485
2025-08-07,-0.1066330710991423,0.6248105074226841
2025-08-08,0.6338123586986333,0.8785532802637391
2025-08-11,-0.8791155651638428,-0.3716514474970695
2025-08-12,1.7091791925562156,0.7298848363473456
2025-08-13,0.44703997021466946,-0.8617623610373047
2025-08-14,-1.3986687858154716,0.6601888514182072
2025-08-15,0.17994170372714272,-0.09849626280782733
2025-08-18,-0.06999075340805147,0.5138116732434094
2025-08-19,-0.5991548375211087,-0.7932281590910745
2025-08-20,0.17925022317020456,-0.14526746286019254
2025-08-21,-1.2947938794872837,0.29197697234002695
2025-08-22,3.281884649430202,-0.37402420878207304
2025-08-25,-1.288890297420223,0.48987580583625323
2025-08-26,0.26340885777797135,-0.40374912488288084
2025-08-27,-0.21929250524225824,-0.4343787431082175
2025-08-28,1.2169021759172,-0.39292187673543694
2025-08-29,-0.2978176100072541,-0.2368666667277223
2025-09-02,-2.2853446926597507,0.2200403324425429
2025-09-03,0.30826597419962815,-0.8938131759024864
2025-09-04,-0.17243913395973873,0.030040393394323465
2025-09-05,1.639071263461169,-1.415358042444409
2025-09-08,0.9587024915846069,-1.116555567903065
2025-09-09,0.3039549825701072,0.8522181788295008
2025-09-10,1.1825992227985516,-0.3408819109836382
2025-09-11,1.3424890228769495,0.5252406194658013
2025-09-12,-0.028384592235570143,0.5799469781888867
2025-09-15,0.3841388144057206,-0.6633549380719509
2025-09-16,1.1329484432583492,-1.5422738579546729
2025-09-17,-0.3222102127717355,1.0356473802145867
2025-09-18,-0.33638745011758364,0.7817551121566013
2025-09-19,-0.3443430466054156,0.7831845480520655
2025-09-22,0.8442548409839423,-0.30678506587519216
2025-09-23,0.03559126142022704,-0.6513459014729365
2025-09-24,0.026849875344055474,1.346024483925006
2025-09-25,-1.4265939062562114,0.556030000600448
2025-09-26,0.6301118646641463,0.3015013406847807
2025-09-29,0.8160968214496429,-0.9088540757366937
2025-09-30,0.20781508754795813,-0.09570332792970948
2025-10-01,1.0445245276520754,-0.391362336789424
2025-10-02,0.800380009439225,0.1029370238553849
2025-10-03,0.807851796141438,0.4806063091538158
2025-10-06,-0.49874182285583335,0.9174763161480297
2025-10-07,-0.5163911740024628,-0.3024429783899801
2025-10-08,0.3507087196198902,0.8374159507687501
2025-10-09,-0.4785101284947291,0.8007807084091728
2025-10-10,-2.209528533287931,-4.153627033916479
2025-10-13,2.083164567621154,1.7577972998510816
2025-10-14,-0.9390786100599776,-1.5290573873040658
2025-10-15,1.238830279883659,0.3284072917621513
2025-10-16,-0.4100738453387586,-2.6735965543102105
2025-10-17,0.18637890133260213,1.569457279616637
2025-10-20,1.9209080705652164,1.147258868654168
2025-10-21,-1.19332114930901,-0.20759965449147932
2025-10-22,-0.615724415180616,-0.592198994513807
2025-10-23,1.4420607768305456,1.3405664310084133
2025-10-24,0.9471447223503024,0.6503282864419471
2025-10-27,1.3307817408600988,0.315899079045941
2025-10-28,-0.4328828880903639,-0.6884107484277581
2025-10-29,-0.845210600566672,1.273923208297546
2025-10-30,-1.259827168646074,0.39277579842281685
2025-10-31,-0.5621061797073704,0.07631421829168789
2025-11-03,-0.2575957306713757,0.12644522000611327
2025-11-04,-2.611432129504871,-1.1469816800001116
2025-11-05,0.7003687442824343,1.303808223449254
2025-11-06,-0.18846231213548362,-1.9260226737913302
2025-11-07,0.08233600925384864,-0.0492707554813195
2025-11-10,1.9405053363525622,1.2154968366884873
2025-11-11,-0.05946259372778169,-0.6960930011276872
2025-11-12,-0.5882257539259973,-0.22021300245025463
2025-11-13,-2.3835373798693267,-1.2430766701058478
2025-11-14,-0.665388470418736,0.45676649560105226
2025-11-17,-1.0422769523892161,-0.8027838625626769
2025-11-18,-1.3206473117209336,-1.1528439696477029
2025-11-19,-0.593737452061736,1.006303026561431
2025-11-20,-1.6338302879180295,-1.5342824057825875
2025-11-21,0.645516520045756,0.2766492644714706
2025-11-24,1.9212610387832423,0.7679764438875432
2025-11-25,1.471543294012658,-0.11050767905357849
2025-11-26,1.6553271187188943,0.7576600460731102
2025-11-28,1.4564127333780796,0.8089475390156212
2025-12-01,-0.8160548635943174,0.4106801903433761
2025-12-02,0.10389098531971441,-0.023877224477713115
2025-12-03,1.9547560393144674,-0.2545947618035499
2025-12-04,-0.17231698862904923,0.8442675738192305
2025-12-05,1.3746066873199114,0.5482861885789584
2025-12-08,-0.054990078668791145,0.08370640197707198
2025-12-09,-0.7680467557013041,-0.09019829041728239
2025-12-10,0.7455396081811029,-0.25105168363351776
2025-12-11,1.223937238688454,0.2822556873430443
2025-12-12,-2.0943551739499062,-0.22917306016223923
2025-12-15,-0.8368919334362012,-0.9687705365773289
2025-12-16,-0.11318058123032931,-0.9838928109754925
2025-12-17,-1.0707897671855071,-0.3844085357454869
2025-12-18,0.6422610485698054,0.01840548037184606
2025-12-19,1.5436076405498784,1.7326451208643547
2025-12-22,1.0988875046623507,0.46684727457637976
2025-12-23,0.5048237338585692,-0.2970096320361143
2025-12-24,0.7607591910194242,0.014060361422093607
2025-12-26,0.9600826766132173,0.3108099474621321
2025-12-29,-1.2858314297937903,-0.9489234688933452
2025-12-30,0.9588840622403095,0.7178114610203475
2025-12-31,-1.0274422829033887,-0.15723336509821312
2026-01-02,1.5785704002688794,1.1832685613079947
2026-01-05,1.8879652379693872,-0.07887392933426868
2026-01-06,0.7204205041138054,0.8739495001470203
2026-01-07,-1.2058899429612977,-1.0901167655751394
2026-01-08,-0.3953820350063421,0.7102658041686126
2026-01-09,1.3254000655107558,0.804817482681827
2026-01-12,1.1023126914163763,-0.006885434819212985
