Date,SOLVPN,log_price,log_price_hat,price_hat
2020-10-13,995.11,6.902853283811905,6.8212373922771485,917.1191443984208
2020-10-14,981.9,6.889489470175245,6.822315068814132,918.1080349383163
2020-10-15,981.37,6.88894955461307,6.823390307049581,919.0957507214819
2020-10-16,986.19,6.893849033807568,6.8244630899080185,920.0822699539672
2020-10-19,981.23,6.888806886723294,6.825533400315951,921.0675707784565
2020-10-20,982.46,6.890059630446448,6.826601221202219,922.0516312748681
2020-10-21,982.0,6.889591308354466,6.8276665354983646,923.0344294609805
2020-10-22,967.55,6.874767103155157,6.828729326138992,924.0159432930591
2020-10-23,968.39,6.875634898699145,6.829789576062129,924.9961506664858
2020-10-26,965.58,6.872728957058459,6.830847268209594,925.9750294164077
2020-10-27,959.25,6.866151729127062,6.831902385527367,926.9525573183909
2020-10-28,937.41,6.843120753236271,6.832954910965953,927.9287120890791
2020-10-29,936.67,6.84233103237221,6.8340048274807605,928.9034713868658
2020-10-30,922.54,6.82713073540825,6.835052118032474,929.8768128125774
2020-11-02,931.45,6.836742511735718,6.836096765587419,930.8487139101494
2020-11-03,944.82,6.850994433160373,6.837138753117961,931.8191521673434
2020-11-04,968.24,6.875479990430349,6.838178063602856,932.7881050164256
2020-11-05,983.68,6.891300640910177,6.839214680027666,933.7555498349149
2020-11-06,993.95,6.90168690358053,6.84024858538511,934.7214639462755
2020-11-09,963.54,6.870614002301455,6.841279762675467,935.6858246206672
2020-11-10,938.95,6.844762229654215,6.842308194906963,936.6486090756842
2020-11-11,965.62,6.872770382079177,6.843333865096151,937.6097944771
2020-11-12,968.11,6.875345717184091,6.844356756268312,938.569357939634
2020-11-13,977.61,6.8851108174975835,6.845376851457841,939.527276527712
2020-11-16,972.27,6.879633543665113,6.846394133708642,940.4835272562476
2020-11-17,967.79,6.875015121592464,6.847408586074536,941.4380870914367
2020-11-18,966.47,6.8736502583321855,6.84842019161964,942.3909329515307
2020-11-19,967.46,6.8746740803800135,6.849428933418786,943.3420417076634
2020-11-20,960.51,6.867464393398558,6.850434794557916,944.2913901846524
2020-11-23,955.72,6.86246498312233,6.851437758134484,945.2389551618207
2020-11-24,946.9,6.8531934909894545,6.85243780725787,946.1847133738357
2020-11-25,953.69,6.86033867105228,6.85343492504978,947.1286415115359
2020-11-26,954.24,6.860915212136319,6.854429094644667,948.0707162227967
2020-11-27,964.47,6.871578727662971,6.855420299190131,949.0109141133719
2020-11-30,957.7,6.864534576527574,6.85640852184735,949.9492117477774
2020-12-01,971.36,6.878697151382124,6.857393745791477,950.8855856501477
2020-12-02,958.51,6.865379995399455,6.858375954212075,951.8200123051408
2020-12-03,960.93,6.86790156552643,6.8593551303135305,952.7524681588186
2020-12-04,974.08,6.881493435793212,6.860331257315471,953.6829296195511
2020-12-07,968.28,6.875521301648416,6.861304318453203,954.6113730589394
2020-12-08,965.93,6.873091367818776,6.862274296978126,955.5377748127227
2020-12-09,947.25,6.85356304989871,6.863241176158165,956.462111181715
2020-12-10,949.15,6.855566847236551,6.864204939278205,957.3843584327473
2020-12-11,948.67,6.8550610036789585,6.865165569640515,958.3044927996043
2020-12-14,948.09,6.8544494344576785,6.866123050565195,959.2224904839976
2020-12-15,950.46,6.856946077928814,6.867077365390592,960.1383276565107
2020-12-16,952.73,6.859331547667986,6.868028497473764,961.0519804575962
2020-12-17,974.39,6.881811634177191,6.8689764301909015,961.9634249985415
2020-12-18,969.88,6.877172352504343,6.869921146937777,962.872637362471
2020-12-21,965.8,6.872956773439442,6.870862631130189,963.779593605343
2020-12-22,972.18,6.879540972500965,6.8718008662044054,964.6842697569616
2020-12-23,967.5,6.874715424903937,6.872735835617618,965.5866418219965
2020-12-24,970.02,6.87731668984157,6.873667522848388,966.4866857810094
2020-12-28,976.72,6.8842000193606,6.874595911397099,967.3843775914921
2020-12-29,975.18,6.88262206934314,6.875520984786413,968.2796931889089
2020-12-30,981.41,6.888990313129058,6.876442726561725,969.172608487755
2020-12-31,994.16,6.9018981594977395,6.877361120291623,970.0630993826162
2021-01-04,974.28,6.881698736662355,6.878276149568352,970.951141749246
2021-01-05,979.82,6.887368881325193,6.879187798008264,971.8367114456352
2021-01-06,960.89,6.867859938318881,6.880096049252301,972.7197843131163
2021-01-07,972.68,6.880055148339858,6.881000886966444,973.6003361774457
2021-01-08,981.78,6.889367250668859,6.8819022948421935,974.4783428499226
2021-01-11,973.58,6.880979999145148,6.882800256597033,975.3537801284939
2021-01-12,972.08,6.879438105600356,6.883694755974907,976.2266237988869
2021-01-13,979.67,6.887215780262882,6.8845857767466905,977.0968496357343
2021-01-14,984.72,6.89235733680204,6.885473302710667,977.9644334037163
2021-01-15,994.23,6.901968568220403,6.886357317693013,978.8293508587137
2021-01-19,1010.81,6.91850726861904,6.887237805548267,979.69157774896
2021-01-20,1019.92,6.927479471829867,6.888114750159826,980.5510898162116
2021-01-21,1022.39,6.929898302667769,6.888988135440415,981.4078627969154
2021-01-22,1022.31,6.92982005157955,6.889857945332588,982.2618724234005
2021-01-25,1030.65,6.937944950145194,6.890724163809207,983.1130944250591
2021-01-26,1034.85,6.942011767660227,6.891586774873938,983.9615045295556
2021-01-27,1016.7,6.924317367281115,6.89244576256174,984.8070784640247
2021-01-28,1013.15,6.920819568311338,6.893301110939366,985.6497919562937
2021-01-29,1014.52,6.922170873216447,6.894152804105845,986.4896207360943
2021-02-01,1045.36,6.95211660268089,6.895000826193003,987.3265405363135
2021-02-02,1053.54,6.9599112011992945,6.895845161365944,988.1605270942126
2021-02-03,1042.7,6.949568781795548,6.896685793823566,988.9915561526902
2021-02-04,1035.7,6.942832805594834,6.897522707799052,989.8196034615225
2021-02-05,1039.92,6.946899066099764,6.8983558875603945,990.644644778643
2021-02-08,1043.92,6.950738137153992,6.8991853174108915,991.4666558714008
2021-02-09,1047.04,6.953722414534273,6.90001098168966,992.2856125178434
2021-02-10,1048.12,6.9547533621427196,6.90083286477215,993.1014905080023
2021-02-11,1037.86,6.944916179870264,6.901650951070662,993.9142656451904
2021-02-12,1035.82,6.942948662550242,6.902465225034857,994.7239137472958
2021-02-16,1023.53,6.931012715858883,6.903275671152281,995.5304106480985
2021-02-17,1026.49,6.933900494570328,6.9040822739488865,996.3337321985837
2021-02-18,1027.74,6.9351174957379484,6.90488501798955,997.1338542682628
2021-02-19,1029.22,6.936556512787765,6.905683887878604,997.9307527465129
2021-02-22,1013.07,6.920740603539456,6.906478868260356,998.7244035439015
2021-02-23,1003.79,6.911538115027358,6.907269943819621,999.5147825935428
2021-02-24,999.87,6.907625270531405,6.90805709928226,1000.3018658524526
2021-02-25,992.42,6.900146404778621,6.908840319415698,1001.0856293028952
2021-02-26,985.85,6.893504213212277,6.90961958902947,1001.8660489537614
2021-03-01,984.76,6.892397956661095,6.910394892975756,1002.6431008419393
2021-03-02,965.54,6.872687530321636,6.9111662161499146,1003.4167610336898
2021-03-03,937.13,6.842822013276513,6.911933543491032,1004.1870056260412
2021-03-04,922.57,6.827163253794691,6.912696859982457,1004.9538107481765
2021-03-05,933.52,6.838962387497852,6.913456150652354,1005.7171525628397
2021-03-08,917.36,6.821499979730049,6.914211400574238,1006.4770072677348
2021-03-09,941.47,6.847442483542804,6.914962594867539,1007.2333510969512
2021-03-10,943.12,6.849193527983872,6.91570971869814,1007.9861603223696
2021-03-11,965.74,6.872894646846134,6.916452757278933,1008.7354112550978
2021-03-12,971.79,6.879139731735693,6.91719169587038,1009.4810802469002
2021-03-15,981.89,6.889479285786893,6.9179265197810595,1010.2231436916348
2021-03-16,990.4,6.898108901930332,6.918657214368236,1010.9615780267011
2021-03-17,986.55,6.89421400841547,6.919383765038407,1011.6963597344819
2021-03-18,975.97,6.8834318482357615,6.920106157247883,1012.4274653438138
2021-03-19,977.41,6.8849062160094165,6.920824376503336,1013.1548714314337
2021-03-22,989.1,6.896795438745795,6.921538408362374,1013.8785546234561
2021-03-23,992.69,6.900418430008119,6.92224823843411,1014.5984915968443
2021-03-24,974.59,6.882016869737024,6.92295385237973,1015.3146590808873
2021-03-25,975.06,6.882499007565972,6.923655235913066,1016.0270338586869
2021-03-26,1003.11,6.910860452935552,6.924352374801169,1016.7355927686418
2021-03-29,1005.53,6.913270044670161,6.925045254864886,1017.4403127059473
2021-03-30,995.39,6.9031346201614125,6.925733861979443,1018.141170624093
2021-03-31,1001.04,6.908794738556799,6.926418182075015,1018.8381435363661
2021-04-01,1018.39,6.925978227870556,6.927098201137317,1019.5312085173629
2021-04-05,1029.57,6.936896518328274,6.927773905208183,1020.2203427045014
2021-04-06,1028.86,6.936206672156039,6.928445280386157,1020.9055232995421
2021-04-07,1021.8,6.929321056896698,6.92911231282707,1021.5867275701064
2021-04-08,1019.61,6.927175480221616,6.929774988744646,1022.2639328512159
2021-04-09,1019.91,6.927469667091237,6.930433294411078,1022.9371165468096
2021-04-12,1024.3,6.931764731442489,6.931087216157629,1023.606256131293
2021-04-13,1032.34,6.939583349146688,6.931736740375229,1024.2713291510709
2021-04-14,1023.59,6.931071334796725,6.932381853515064,1024.9323132260959
2021-04-15,1044.36,6.951159536589422,6.933022542089187,1025.5891860514164
2021-04-16,1043.1,6.949952327681926,6.9336587926711095,1026.2419253987298
2021-04-19,1047.46,6.9541234649096655,6.934290591896406,1026.890509117935
2021-04-20,1056.45,6.962669509859529,6.934917926463324,1027.5349151386968
2021-04-21,1058.11,6.964239576768017,6.935540783133382,1028.175121472003
2021-04-22,1050.93,6.957430765423843,6.936159148731986,1028.8111062117384
2021-04-23,1061.57,6.967504223387349,6.936773010149036,1029.4428475362488
2021-04-26,1064.64,6.970391992830112,6.937382354339538,1030.070323709914
2021-04-27,1062.56,6.968436369792403,6.937987168324217,1030.6935130847248
2021-04-28,1057.06,6.9632467486868235,6.938587439190138,1031.3123941018614
2021-04-29,1055.01,6.96130552453823,6.939183154091317,1031.9269452932763
2021-04-30,1064.25,6.970025604708262,6.939774300249344,1032.5371452832712
2021-05-03,1048.23,6.95485830645078,6.9403608649540045,1033.142972790091
2021-05-04,1036.04,6.94316103211269,6.940942835563901,1033.74440662751
2021-05-05,1028.09,6.935457990821084,6.941520199507077,1034.3414257064167
2021-05-06,1020.78,6.928322319922101,6.942092944281648,1034.934009036416
2021-05-07,1034.6,6.941770157569414,6.942661057456425,1035.5221357274165
2021-05-10,1028.14,6.935506623512962,6.943224526671544,1036.105784991228
2021-05-11,1020.53,6.928077379172044,6.943783339639108,1036.6849361431644
2021-05-12,1002.16,6.909912949535936,6.944337484143807,1037.2595686036377
2021-05-13,1004.58,6.912324822696507,6.94488694804356,1037.8296618997592
2021-05-14,1020.65,6.928194958219593,6.945431719270156,1038.3951956669448
2021-05-17,1018.56,6.926145144093728,6.945971785829882,1038.9561496505148
2021-05-18,1026.83,6.934231665554985,6.94650713580418,1039.512503707304
2021-05-19,1025.33,6.932769790976848,6.9470377573502695,1040.0642378072557
2021-05-20,1034.41,6.941586494850981,6.94756363870181,1040.6113320350407
2021-05-21,1031.97,6.939224875851532,6.948084768169535,1041.1537665916521
2021-05-24,1038.81,6.945831106234365,6.948601134141903,1041.6915217960188
2021-05-25,1045.05,6.951820010144237,6.9491127250857465,1042.2245780866076
2021-05-26,1049.14,6.955726059929758,6.949619529546925,1042.7529160230345
2021-05-27,1047.99,6.95462932285073,6.9501215361509745,1043.2765162876694
2021-05-28,1053.74,6.960101019354073,6.950618733603763,1043.7953596872417
2021-06-01,1061.66,6.967588999883588,6.951111110692145,1044.309427154447
2021-06-02,1077.21,6.982129644221499,6.951598656284622,1044.8186997495548
2021-06-03,1079.79,6.984521856767049,6.9520813593319986,1045.323158662012
2021-06-04,1087.76,6.991875814847431,6.952559208868043,1045.8227852120453
2021-06-07,1106.71,7.00914692910233,6.95303219401015,1046.3175608522668
2021-06-08,1111.93,7.013852523188828,6.953500303960009,1046.807467169279
2021-06-09,1112.96,7.014778411725864,6.95396352800426,1047.292485885266
2021-06-10,1126.28,7.02667544563771,6.9544218555151724,1047.772598859607
2021-06-11,1118.16,7.019439756176651,6.954875275951302,1048.2477880904596
2021-06-14,1126.4,7.026781985403778,6.955323778858172,1048.7180357163686
2021-06-15,1117.61,7.018947755647889,6.955767353868933,1049.1833240178496
2021-06-16,1106.08,7.008577512196955,6.956205990705048,1049.6436354189898
2021-06-17,1109.64,7.011790917377548,6.95663967917696,1050.098952489032
2021-06-18,1104.58,7.007220451201413,6.957068409184769,1050.549257943966
2021-06-21,1105.9,7.008414762081315,6.95749217071891,1050.9945346481095
2021-06-22,1104.32,7.0069850399096385,6.9579109538608375,1051.4347656156976
2021-06-23,1098.71,7.00189204333102,6.958324748783696,1051.8699340124533
2021-06-24,1094.17,6.997751363962693,6.9587335457530095,1052.3000231571698
2021-06-25,1102.91,7.005707420276164,6.959137335127365,1052.725016523283
2021-06-28,1112.48,7.014347036350708,6.959536107359096,1053.1448977404416
2021-06-29,1113.23,7.015020978623858,6.959929852994965,1053.55965059607
2021-06-30,1108.8,7.011033628435639,6.96031856267686,1053.9692590369361
2021-07-01,1101.91,7.004800316686239,6.960702227142475,1054.3737071707067
2021-07-02,1107.68,7.010023016929716,6.961080837226009,1054.7729792675066
2021-07-06,1121.51,7.022431270550024,6.9614543838588485,1055.16705976146
2021-07-07,1122.03,7.022894823693103,6.961822858070269,1055.555933252249
2021-07-08,1117.6,7.018938807942752,6.962186250988127,1055.9395845066485
2021-07-09,1123.01,7.023767859418298,6.962544553839554,1056.3179984600627
2021-07-12,1130.67,7.030565656352546,6.962897757951657,1056.6911602180612
2021-07-13,1124.62,7.025200479800979,6.963245854752214,1057.0590550579032
2021-07-14,1128.17,7.028352129922369,6.963588835770376,1057.421668430062
2021-07-15,1124.81,7.025369411486297,6.963926692637371,1057.7789859597422
2021-07-16,1123.02,7.0237767640188595,6.9642594170872,1058.1309934483872
2021-07-19,1117.6,7.018938807942752,6.964587000957342,1058.4776768751874
2021-07-20,1123.13,7.023874709392132,6.9649094361894655,1058.8190223985828
2021-07-21,1116.71,7.0181421413682195,6.965226714830126,1059.1550163577497
2021-07-22,1108.97,7.0111869355868155,6.96553882903148,1059.4856452740967
2021-07-23,1112.86,7.01468855720028,6.965845771051988,1059.8108958527375
2021-07-26,1109.82,7.011953118994513,6.966147533257129,1060.130754983974
2021-07-27,1110.07,7.012178355381051,6.966444108120108,1060.445209744756
2021-07-28,1113.07,7.014877242379619,6.966735488222569,1060.7542474001514
2021-07-29,1101.98,7.004863840727841,6.967021666255306,1061.0578554047886
2021-07-30,1114.6,7.0162508751354355,6.967302635018983,1061.3560214043164
2021-08-02,1121.12,7.022083464622224,6.967578387424842,1061.6487332368324
2021-08-03,1124.84,7.025396082301759,6.967848916495424,1061.935978934323
2021-08-04,1133.2,7.0328007679563616,6.968114215365282,1062.2177467240817
2021-08-05,1130.12,7.030079100758394,6.968374277281705,1062.494025030129
2021-08-06,1136.1,7.035356623575859,6.968629095605432,1062.7648024746193
2021-08-09,1132.02,7.031758926451577,6.968878663811375,1063.030067879241
2021-08-10,1116.81,7.018231686122747,6.9691229754893405,1063.2898102666095
2021-08-11,1120.81,7.021806917181424,6.96936202434475,1063.5440188616483
2021-08-12,1125.02,7.025556092258276,6.969595804199361,1063.7926830929623
2021-08-13,1127.78,7.028006377575123,6.969824308991999,1064.0357925942074
2021-08-16,1128.13,7.028316673644388,6.970047532779275,1064.273337205445
2021-08-17,1125.53,7.026009314811634,6.970265469736311,1064.5053069744843
2021-08-18,1115.34,7.016914570147108,6.970478114157473,1064.7316921582299
2021-08-19,1125.37,7.025867149455314,6.970685460457092,1064.9524832240002
2021-08-20,1130.59,7.030494899340939,6.970887503170193,1065.1676708508487
2021-08-23,1136.68,7.035867011745933,6.9710842369532315,1065.3772459308786
2021-08-24,1130.38,7.03030913836171,6.971275656584812,1065.5811995705312
2021-08-25,1126.74,7.02708378644817,6.971461756966426,1065.7795230918816
2021-08-26,1128.26,7.028431901951679,6.971642533123181,1065.9722080339113
2021-08-27,1126.72,7.027066035966688,6.971817980204534,1066.1592461537805
2021-08-30,1146.15,7.0441637787616855,6.971988093485022,1066.3406294280808
2021-08-31,1154.46,7.05138798116098,6.972152868364993,1066.5163500540775
2021-09-01,1175.81,7.069712550779752,6.972312300371349,1066.686400450956
2021-09-02,1182.85,7.0756820596584165,6.972466385158269,1066.8507732610294
2021-09-03,1191.71,7.083144529435221,6.972615118507952,1067.0094613509618
2021-09-07,1184.28,7.076890273971916,6.972758496331353,1067.162457812966
2021-09-08,1182.56,7.075436859036577,6.972896514668911,1067.3097559659868
2021-09-09,1160.61,7.0567010079523715,6.973029169691296,1067.4513493568863
2021-09-10,1149.63,7.047195430457722,6.9731564577001395,1067.5872317616
2021-09-13,1148.01,7.045785287642967,6.973278375128774,1067.717397186295
2021-09-14,1147.71,7.045523931726994,6.973394918542974,1067.8418398685108
2021-09-15,1148.68,7.046368736013453,6.973506084641688,1067.960554278279
2021-09-16,1150.55,7.047995367896583,6.973611870257785,1068.0735351192493
2021-09-17,1151.31,7.048655703475303,6.973712272358787,1068.1807773297814
2021-09-20,1134.75,7.034167641336575,6.973807288047618,1068.2822760840456
2021-09-21,1136.89,7.036051743248017,6.97389691456333,1068.3780267930854
2021-09-22,1151.08,7.048455911084991,6.973981149281857,1068.4680251058912
2021-09-23,1138.02,7.037045189224286,6.97405998971675,1068.552266910446
2021-09-24,1121.69,7.022591755571766,6.974133433519914,1068.6307483347598
2021-09-27,1099.91,7.002983637257354,6.974201478482357,1068.7034657478937
2021-09-28,1085.53,6.989823625970076,6.974264122534923,1068.7704157609683
2021-09-29,1084.48,6.988855888418686,6.974321363749041,1068.8315952281566
2021-09-30,1076.41,6.981386709036278,6.974373200337462,1068.8870012476668
2021-10-01,1075.89,6.9809035050125665,6.9744196306549995,1068.9366311627036
2021-10-04,1069.03,6.974506974242121,6.974460653199275,1068.9804825624249
2021-10-05,1059.43,6.965486306625283,6.9744962666114585,1069.0185532828768
2021-10-06,1067.54,6.973112215126765,6.97452646967701,1069.0508414079154
2021-10-07,1073.4,6.978586459742728,6.974551261326418,1069.0773452701108
2021-10-08,1057.74,6.963889835525707,6.97457064063595,1069.098063451649
2021-10-11,1052.12,6.95856245523341,6.974584606828381,1069.1129947851985
2021-10-12,1055.41,6.961684596007218,6.9745931592737485,1069.1221383547775
2021-10-13,1060.38,6.966382613429761,6.974596297490086,1069.1254934966034
2021-10-14,1075.35,6.980401468966991,6.974594021144165,1069.1230597999177
2021-10-15,1078.66,6.983474809021458,6.974586330052239,1069.1148371078052
2021-10-18,1073.91,6.979061472674806,6.974573224180782,1069.100825517994
2021-10-19,1090.39,6.994290709393828,6.974554703647229,1069.0810253836387
2021-10-20,1107.39,7.009761174187358,6.974530768720717,1069.0554373140862
2021-10-21,1120.22,7.0212803735710025,6.974501419822826,1069.0240621756323
2021-10-22,1126.63,7.026986154900677,6.974466657528319,1068.986901092254
2021-10-25,1127.18,7.027474217346861,6.974426482565877,1068.943955446327
2021-10-26,1131.14,7.030981252717196,6.974380895818844,1068.8952268793344
2021-10-27,1123.0,7.023758954738443,6.974329898325957,1068.8407172925422
2021-10-28,1135.73,7.035030894975328,6.974273491282095,1068.7804288476834
2021-10-29,1125.21,7.025724963885133,6.974211676039008,1068.714363967597
2021-11-01,1134.17,7.033656384868623,6.9741444541060575,1068.6425253368716
2021-11-02,1136.59,7.035787830654336,6.974071827150949,1068.5649159024595
2021-11-03,1139.94,7.038730908424504,6.973993797000474,1068.4815388742825
2021-11-04,1133.56,7.033118401938809,6.973910365641239,1068.3923977258123
2021-11-05,1125.32,7.025822718636314,6.973821535220404,1068.2974961946393
2021-11-08,1134.8,7.034211702934696,6.973727308046414,1068.1968382830223
2021-11-09,1141.07,7.039721697673512,6.97362768658973,1068.0904282584163
2021-11-10,1126.12,7.026533374957307,6.973522673483568,1067.9782706539943
2021-11-11,1129.65,7.0296631292154705,6.973412271524621,1067.8603702691385
2021-11-12,1139.53,7.0383711756757315,6.973296483673794,1067.7367321699141
2021-11-15,1148.44,7.046159778709635,6.973175313056939,1067.6073616895474
2021-11-16,1152.41,7.049610680715244,6.973048762965569,1067.4722644288443
2021-11-17,1155.15,7.051985484653369,6.972916836857601,1067.3314462566345
2021-11-18,1154.38,7.051318682292257,6.972779538358074,1067.1849133101728
2021-11-19,1155.2,7.052028768138562,6.972636871259874,1067.0326719955194
2021-11-22,1147.06,7.044957426136122,6.972488839524464,1066.8747289879227
2021-11-23,1148.46,7.0461771934860735,6.9723354472826005,1066.7110912321573
2021-11-24,1161.07,7.057097272731341,6.972176698835062,1066.541765942871
2021-11-25,1161.42,7.057398673385509,6.97201259865336,1066.3667606048837
2021-11-26,1145.28,7.043404427577661,6.971843151380475,1066.1860829735022
2021-11-29,1165.33,7.060759587691326,6.971668361831555,1065.9997410747771
2021-11-30,1151.31,7.048655703475303,6.9714882349946485,1065.8077432057778
2021-12-01,1136.25,7.0354886454916885,6.971302776031409,1065.6100979348196
2021-12-02,1145.03,7.0431861165184655,6.971111990277818,1065.4068141016974
2021-12-03,1134.56,7.0340001895556865,6.970915883244887,1065.1979008178712
2021-12-06,1133.3,7.032889009738903,6.970714460619382,1064.9833674666668
2021-12-07,1158.57,7.054941765007762,6.970507728264521,1064.7632237034263
2021-12-08,1160.58,7.056675159142062,6.970295692220688,1064.5374794556576
2021-12-09,1147.48,7.045323512588911,6.970078358706138,1064.3061449231611
2021-12-10,1150.44,7.047899756876905,6.969855734117701,1064.0692305781345
2021-12-13,1156.55,7.05319671463231,6.969627825031484,1063.8267471652582
2021-12-14,1145.98,7.044015445115416,6.969394638203578,1063.5787057017703
2021-12-15,1158.21,7.054630988841793,6.96915618057075,1063.3251174775078
2021-12-16,1161.59,7.057545035218048,6.968912459251141,1063.0659940549363
2021-12-17,1163.86,7.0594973461436865,6.968663481544966,1062.801347269166
2021-12-20,1156.86,7.053464717279359,6.968409254935206,1062.5311892279376
2021-12-21,1164.13,7.059729305904003,6.968149787088297,1062.2555323115953
2021-12-22,1171.0,7.065613363597717,6.96788508585482,1061.9743891730338
2021-12-23,1171.59,7.06611707958086,6.967615159270193,1061.687772737641
2021-12-27,1189.78,7.0815236950647,6.96734001555535,1061.3956962032005
2021-12-28,1192.95,7.084184510071254,6.967059663117426,1061.0981730397884
2021-12-29,1192.72,7.083991692120144,6.966774110550442,1060.7952169896523
2021-12-30,1199.18,7.089393268864122,6.966483366635974,1060.4868420670548
2021-12-31,1201.07,7.09096810514419,6.966187440343842,1060.17306255812
2022-01-03,1192.6,7.083891076689006,6.965886340832772,1059.8538930206414
2022-01-04,1168.42,7.0634076877926235,6.965580077451075,1059.5293482838813
2022-01-05,1123.73,7.0244087880746156,6.9652686597373075,1059.1994434483402
2022-01-06,1120.47,7.021503519120845,6.964952097420948,1058.8641938855242
2022-01-07,1119.82,7.020923237087501,6.964630400423056,1058.5236152376774
2022-01-10,1112.46,7.014329058337817,6.96430357885693,1058.1777234174956
2022-01-11,1108.65,7.010898337899006,6.963971643028768,1057.8265346078294
2022-01-12,1111.92,7.013843529776502,6.963634603438325,1057.4700652613612
2022-01-13,1097.49,7.000781033290504,6.963292470779565,1057.1083321002666
2022-01-14,1089.55,6.9935200459429305,6.962945255941307,1056.74135211585
2022-01-18,1080.88,6.985530803151704,6.9625929700078775,1056.36914256817
2022-01-19,1071.23,6.976562799959411,6.962235624259751,1055.9917209856367
2022-01-20,1064.38,6.970147748998403,6.961873230174191,1055.6091051645933
2022-01-21,1052.69,6.9591040718296195,6.961505799425889,1055.221313168883
2022-01-24,1056.58,6.962792555912036,6.961133343887599,1054.8283633293859
2022-01-25,1043.2,6.950048191172389,6.9607558756307695,1054.4302742435493
2022-01-26,1027.44,6.9348255505048,6.960373406926169,1054.0270647748846
2022-01-27,1001.44,6.909194243176391,6.959985950244515,1053.61875405246
2022-01-28,1030.36,6.9376635347208016,6.9595935182570905,1053.2053614703614
2022-01-31,1057.69,6.9638425638126185,6.95919612383637,1052.7869066871451
2022-02-01,1057.87,6.964012731522761,6.958793780056625,1052.3634096252595
2022-02-02,1059.53,6.965580692550524,6.958386500194542,1051.934890470461
2022-02-03,1042.96,6.949818103354524,6.957974297729826,1051.5013696711976
2022-02-04,1038.9,6.945917740076486,6.957557186345804,1051.0628679379834
2022-02-07,1035.82,6.942948662550242,6.957135179930034,1050.619406242757
2022-02-08,1036.6,6.943701405755606,6.956708292574885,1050.1710058182034
2022-02-09,1067.44,6.973018537434165,6.956276538578145,1049.7176881570783
2022-02-10,1043.7,6.9505273708260065,6.9558399324436015,1049.2594750115047
2022-02-11,1019.56,6.927126440661393,6.955398488881631,1048.7963883922478
2022-02-14,1009.58,6.917289681765058,6.95495222280977,1048.3284505679715
2022-02-15,1025.93,6.93335479728235,6.9545011493533035,1047.8556840644878
2022-02-16,1022.03,6.92954612454026,6.954045283845831,1047.3781116639768
2022-02-17,1014.21,6.921865263300478,6.953584641829834,1046.8957564041875
2022-02-18,1007.85,6.9155746280342685,6.953119239057245,1046.4086415776335
2022-02-22,1002.83,6.9105812820712,6.9526490914900005,1045.9167907307515
2022-02-23,991.73,6.899450892818522,6.952174215300601,1045.4202276630601
2022-02-24,1007.7,6.915425785286357,6.951694626872656,1044.9189764262874
2022-02-25,1026.36,6.933773841380691,6.951210342801439,1044.4130613234927
2022-02-28,1021.83,6.9293504164187265,6.9507213798944205,1043.9025069081572
2022-03-01,1023.98,6.9314522741587155,6.950227755171811,1043.3873379832733
2022-03-02,1036.35,6.943460203602913,6.949729485867085,1042.8675796003934
2022-03-03,1039.21,6.94621608809685,6.94922658942752,1042.3432570586945
2022-03-04,1036.8,6.94389432559801,6.948719083514704,1041.8143959039865
2022-03-07,1011.52,6.919209429027253,6.94820698600507,1041.2810219277421
2022-03-08,999.33,6.907085054431833,6.947690314990395,1040.7431611660786
2022-03-09,1022.81,6.930309020451754,6.94716908877831,1040.2008398987382
2022-03-10,1015.39,6.923028054129167,6.946643325892807,1039.6540846480543
2022-03-11,995.51,6.903255168657213,6.946113045074729,1039.1029221778876
2022-03-14,977.03,6.884517357814959,6.945578265282271,1038.5473794925636
2022-03-15,985.99,6.893646212563375,6.945039005691456,1037.9874838357757
2022-03-16,1019.7,6.92726374537018,6.944495285696622,1037.4232626894864
2022-03-17,1034.26,6.941441474136934,6.943947124910892,1036.8547437727998
2022-03-18,1048.2,6.954829686368066,6.943394543166654,1036.281955040838
2022-03-21,1042.07,6.948964398559816,6.942837560516012,1035.7049246835734
2022-03-22,1045.35,6.952107036552637,6.942276197231254,1035.1236811246736
2022-03-23,1038.87,6.94588886296304,6.941710473805298,1034.538253020309
2022-03-24,1050.94,6.957440280760187,6.941140410952142,1033.9486692579612
2022-03-25,1045.64,6.952384417125342,6.940566029607306,1033.3549589552053
2022-03-28,1059.7,6.96574112818079,6.939987350928263,1032.7571514584824
2022-03-29,1085.47,6.9897683519028115,6.939404396294866,1032.155276341855
2022-03-30,1083.65,6.988090251634412,6.938817187309778,1031.5493634057516
2022-03-31,1067.84,6.973393195563009,6.938225745798878,1030.9394426756894
2022-04-01,1085.52,6.989814413837697,6.937630093811681,1030.3255444009942
2022-04-04,1095.03,6.998537039135577,6.937030253621729,1029.7076990534895
2022-04-05,1092.84,6.996535091367727,6.936426247726999,1029.0859373261892
2022-04-06,1094.28,6.997851891733575,6.935818098850285,1028.4602901319638
2022-04-07,1082.9,6.9873979066343335,6.935205829939588,1027.8307886022033
2022-04-08,1080.7,6.98536425830912,6.934589464168488,1027.197464085454
2022-04-11,1066.51,6.972146914332519,6.933969024936511,1026.5603481460473
2022-04-12,1059.19,6.965259744050563,6.9333445358695025,1025.9194725627312
2022-04-13,1069.17,6.974637925509729,6.9327160208199725,1025.2748693272567
2022-04-14,1056.61,6.962820949004945,6.932083503867449,1024.6265706429788
2022-04-18,1051.5,6.957972995142755,6.931447009318816,1023.9746089234313
2022-04-19,1071.39,6.976712149821073,6.9308065617086605,1023.3190167909022
2022-04-20,1080.65,6.985317990929928,6.9301621857995785,1022.6598270749721
2022-04-21,1061.29,6.967240428316903,6.929513906582514,1021.9970728110712
2022-04-22,1048.64,6.95524936551045,6.92886174927706,1021.3307872390017
2022-04-25,1045.48,6.952231389082654,6.928205739331764,1020.6610038014537
2022-04-26,1025.55,6.932984333027912,6.927545902424434,1019.9877561425266
2022-04-27,1017.89,6.925487136262282,6.926882264462412,1019.311078106204
2022-04-28,1040.98,6.947917856134541,6.926214851582871,1018.6310037348585
2022-04-29,1014.5,6.922151159265869,6.925543690153079,1017.9475672677147
2022-05-02,1003.52,6.911269098281934,6.924868806770663,1017.2608031393103
2022-05-03,1018.64,6.92622368326518,6.924190228263875,1016.5707459779603
2022-05-04,1031.81,6.93906982056432,6.923507981691833,1015.8774306041896
2022-05-05,1008.21,6.915931760266272,6.922822094344761,1015.1808920291674
2022-05-06,1001.86,6.909613551324101,6.922132593744232,1014.4811654531359
2022-05-09,952.78,6.859384027056717,6.921439507643378,1013.7782862638177
2022-05-10,938.86,6.844666373310848,6.920742864027116,1013.0722900348222
2022-05-11,942.8,6.848854171061976,6.920042691112345,1012.3632125240364
2022-05-12,940.82,6.846751835421805,6.919339017348155,1011.6510896720205
2022-05-13,972.63,6.880003742651294,6.918631871416004,1010.9359576003709
2022-05-16,962.4,6.869430164660469,6.917921282229909,1010.2178526101029
2022-05-17,975.07,6.882509263292514,6.917207278936611,1009.4968111800006
2022-05-18,959.06,6.8659536380983734,6.916489890915732,1008.7728699649698
2022-05-19,967.06,6.874260541098227,6.915769147779942,1008.046065794393
2022-05-20,980.18,6.887736228268099,6.91504507937509,1007.3164356704527
2022-05-23,994.61,6.902350700523277,6.914317715780342,1006.5840167664696
2022-05-24,999.87,6.907625270531405,6.913587087308305,1005.8488464252182
2022-05-25,1006.72,6.914452800429858,6.91285322450514,1005.1109621572446
2022-05-26,1005.58,6.913319768454549,6.912116158150672,1004.3704016391794
2022-05-27,1030.42,6.9377217650996075,6.911375919258483,1003.6272027120342
2022-05-30,1034.26,6.941441474136934,6.910632539075996,1002.8814033795
2022-05-31,1024.42,6.9318818777583715,6.909886049084548,1002.1330418062321
2022-06-01,1015.39,6.923028054129167,6.909136480999458,1001.3821563161367
2022-06-02,1028.72,6.936070589962184,6.908383866770091,1000.6287853906589
2022-06-03,1018.33,6.925919309609807,6.907628238579885,999.8729676670378
2022-06-06,1025.24,6.932682010505996,6.906869628846397,999.1147419365863
2022-06-07,1029.81,6.937129598188315,6.9061080702213244,998.3541471429505
2022-06-08,1024.43,6.931891639331937,6.905343595590523,997.5912223803731
2022-06-09,1005.62,6.913359545701969,6.904576238073994,996.8260068919336
2022-06-10,982.34,6.889937480609163,6.903806031025898,996.0585400678181
2022-06-13,940.97,6.846911258099487,6.903033008034515,995.2888614435466
2022-06-14,928.87,6.833968793607541,6.902257202922228,994.5170106982264
2022-06-15,945.88,6.852115711111458,6.901478649745476,993.7430276527884
2022-06-16,920.01,6.82438453954923,6.900697382794702,992.9669522682204
2022-06-17,930.68,6.835915501759092,6.899913436594288,992.1888246438015
2022-06-20,931.29,6.836570721791449,6.899126845902481,991.4086850153318
2022-06-21,953.39,6.860024053938709,6.898337645711307,990.6265737533588
2022-06-22,966.02,6.873184537931942,6.897545871246471,989.842531361405
2022-06-23,985.43,6.893078094135986,6.896751557967244,989.0565984741885
2022-06-24,1001.72,6.909473801476102,6.895954741566344,988.2688158558426
2022-06-27,1001.48,6.909234184861536,6.895155457969806,987.4792243981451
2022-06-28,981.41,6.888990313129058,6.894353743336822,986.6878651187216
2022-06-29,963.49,6.870562108973368,6.893549634059596,985.8947791592757
2022-06-30,970.08,6.877378542323421,6.892743166763166,985.1000077837999
2022-07-01,979.42,6.8869605597254315,6.891934378305227,984.303592376797
2022-07-04,980.09,6.887644404182577,6.891123305775921,983.5055744414831
2022-07-05,974.42,6.881842422196549,6.8903099864976465,982.705995598019
2022-07-06,973.7,6.8811032479847105,6.889494458024823,981.9048975817157
2022-07-07,980.37,6.8879300514305735,6.8886767581436645,981.1023222412531
2022-07-08,973.92,6.8813291647456145,6.887856924871929,980.2983115368985
2022-07-11,965.67,6.872822160942021,6.887034996458659,979.4929075387229
2022-07-12,955.26,6.861983554735969,6.886211011383906,978.6861524248167
2022-07-13,956.12,6.862883428186599,6.885385008358449,977.8780884795173
2022-07-14,950.39,6.856872426667503,6.884557026323486,977.068758091619
2022-07-15,959.32,6.866224700141965,6.883727104450325,976.2582037526086
2022-07-18,952.93,6.859541448700419,6.882895282140059,975.4464680548839
2022-07-19,976.03,6.883493323645617,6.882061599023215,974.6335936899793
2022-07-20,970.15,6.877450698717282,6.881226094959408,973.819623446802
2022-07-21,981.99,6.889581125003227,6.88038881003697,973.0046002098633
2022-07-22,984.39,6.892022159993138,6.879549784572556,972.1885669575063
2022-07-25,980.76,6.888327781316039,6.878709059110761,971.371566760156
2022-07-26,981.58,6.889163518291006,6.8778666744237,970.5536427785565
2022-07-27,989.17,6.8968662076499685,6.87702267151058,969.7348382620163
2022-07-28,1022.75,6.930250356809508,6.876177091597261,968.9151965466588
2022-07-29,1019.41,6.926979307549802,6.875329976135795,968.0947610536732
2022-08-01,1013.04,6.920710990142353,6.874481366803964,967.2735752875793
2022-08-02,1010.23,6.917933306682688,6.873631305504787,966.4516828344858
2022-08-03,1019.08,6.926655538482618,6.872779834366018,965.6291273603563
2022-08-04,1024.77,6.932223476149349,6.871926995739631,964.8059526092853
2022-08-05,1021.41,6.928939304649267,6.87107283220129,963.9822024017714
2022-08-08,1022.47,6.929976547633234,6.870217386549798,963.1579206330048
2022-08-09,1015.78,6.923412069258174,6.869360701806538,962.333151271155
2022-08-10,1027.52,6.934903410901149,6.868502821214887,961.5079383556595
2022-08-11,1022.2,6.929712446334179,6.867643788239629,960.6823259955321
2022-08-12,1035.91,6.943035546458914,6.866783646566341,959.8563583676643
2022-08-15,1046.96,6.953646005747225,6.865922440100763,959.0300797151407
2022-08-16,1041.68,6.948590073420473,6.865060212968161,958.2035343455575
2022-08-17,1032.07,6.939321773198559,6.864197009512661,957.3767666293494
2022-08-18,1029.96,6.937275245518129,6.86333287429658,956.5498209981268
2022-08-19,1018.5,6.926086235666861,6.862467852099725,955.722741943009
2022-08-22,994.94,6.9026824338328465,6.8616019879186885,954.8955740129787
2022-08-23,984.3,6.891930728635166,6.8607353269661235,954.0683618132379
2022-08-24,987.48,6.895156243405622,6.8598679146699935,953.2411500035664
2022-08-25,1008.64,6.916358167789405,6.858999796672823,952.413983296705
2022-08-26,984.32,6.8919510474371695,6.858131018830905,951.5869064567219
2022-08-29,968.03,6.87526307853188,6.85726162721352,950.7599642974118
2022-08-30,954.35,6.861030480475901,6.856391668102112,949.9332016806883
2022-08-31,956.86,6.863657090260339,6.8555211879894635,949.1066635149901
2022-09-01,949.32,6.855745938821306,6.854650233578851,948.2803947537022
2022-09-02,930.85,6.836098147217906,6.853778851783167,947.4544403935693
2022-09-05,927.87,6.832891636766315,6.852907089724047,946.6288454731389
2022-09-06,925.31,6.830128816502325,6.8520349947309604,945.8036550711994
2022-09-07,937.3,6.84300340175244,6.851162614340296,944.9789143052383
2022-09-08,941.6,6.847580555946067,6.850289996294415,944.1546683298969
2022-09-09,953.39,6.860024053938709,6.849417188540695,943.3309623354481
2022-09-12,964.72,6.871837903795337,6.848544239230561,942.507841546283
2022-09-13,928.68,6.833764223070368,6.847671196718476,941.6853512193924
2022-09-14,920.92,6.825373170376169,6.846798109560945,940.8635366428881
2022-09-15,907.0,6.810142450115136,6.8459250265154585,940.0424431344975
2022-09-16,903.23,6.80597722751856,6.8450519965394605,939.2221160401056
2022-09-19,900.08,6.802483648262816,6.8441790687892645,938.4026007322827
2022-09-20,883.84,6.784276050780873,6.843306292618964,937.5839426088332
2022-09-21,874.6,6.77376663897882,6.842433717579322,936.7661870913561
2022-09-22,863.2,6.760646413943925,6.841561393416642,935.9493796238155
2022-09-23,845.62,6.740070086121171,6.840689370071607,935.133565671116
2022-09-26,824.31,6.714546672751116,6.839817697678124,934.3187907177075
2022-09-27,817.42,6.706153038655655,6.838946426562117,933.5051002661801
2022-09-28,822.48,6.712324166234463,6.838075607240325,932.6925398358867
2022-09-29,799.38,6.683836427200176,6.83720529041906,931.8811549615675
2022-09-30,803.54,6.689026966141337,6.836335526992969,931.0709911919997
2022-10-03,815.11,6.703323073458476,6.835466368043745,930.2620940886429
2022-10-04,834.92,6.727335911877706,6.834597864838843,929.4545092243126
2022-10-05,823.09,6.7130655507127175,6.833730068830155,928.648282181851
2022-10-06,798.27,6.6824468860884165,6.832863031652678,927.8434585528224
2022-10-07,771.09,6.647805098268246,6.831996805123164,927.0400839362247
2022-10-10,755.56,6.627459196163619,6.831131441238719,926.2382039371904
2022-10-11,749.76,6.61975315531943,6.830266992175426,925.4378641657327
2022-10-12,738.74,6.604946032249671,6.829403510286906,924.6391102354803
2022-10-13,750.32,6.6204997822006835,6.828541048102875,923.8419877624315
2022-10-14,735.77,6.600917569890576,6.8276796583276855,923.0465423637334
2022-10-17,760.73,6.6342784985859495,6.826819393838829,922.2528196564551
2022-10-18,770.98,6.647662432889649,6.825960307685427,921.4608652563891
2022-10-19,756.19,6.628292667354583,6.825102453086701,920.6707247768612
2022-10-20,752.24,6.623055421968822,6.824245883430412,919.8824438275523
2022-10-21,754.25,6.62572387803917,6.8233906522712795,919.0960680133327
2022-10-24,743.19,6.610951732080795,6.822536813329388,918.3116429331204
2022-10-25,768.95,6.645025947885933,6.821684420488558,917.529214178742
2022-10-26,771.51,6.648349633482012,6.82083352779469,916.7488273338038
2022-10-27,769.65,6.645935866056083,6.819984189454109,915.9705279725977
2022-10-28,781.73,6.661509412384205,6.81913645983186,915.1943616589984
2022-10-31,776.13,6.654320031925539,6.8182903934499866,914.420373945381
2022-11-01,778.02,6.656752230788848,6.817446044985802,913.6486103715662
2022-11-02,773.05,6.650343729548603,6.816603469270112,912.8791164637576
2022-11-03,776.15,6.654345800472452,6.815762721285433,912.1119377335106
2022-11-04,788.7,6.670386020403945,6.814923856164171,911.3471196767055
2022-11-07,792.99,6.675810611214858,6.814086929186789,910.5847077725366
2022-11-08,791.71,6.674195163144731,6.81325199577995,909.8247474825257
2022-11-09,784.29,6.664778849914207,6.812419111514616,909.0672842495278
2022-11-10,842.29,6.736124372996301,6.811588332104155,908.3123634967786
2022-11-14,850.05,6.745295171283738,6.810759713402387,907.5600306269273
2022-11-15,875.09,6.774326738211038,6.809933311401633,906.810331021107
2022-11-16,859.52,6.756374093894818,6.809109182230737,906.0633100380144
2022-11-17,854.55,6.7505750145945145,6.808287382153032,905.319013012985
2022-11-18,857.55,6.75407948637809,6.807467967564329,904.5774852571136
2022-11-21,856.93,6.753356234981717,6.806650994990836,903.838772056359
2022-11-22,858.74,6.755466198636152,6.805836521087083,903.1029186706874
2022-11-23,867.19,6.765258099253582,6.805024602633805,902.3699703332132
2022-11-24,868.85,6.767170498168263,6.804215296535793,901.639972249355
2022-11-25,873.96,6.7730346080178245,6.803408659819751,900.9129695960231
2022-11-28,853.79,6.74968526191046,6.802604749632085,900.189007520798
2022-11-29,861.82,6.759046432153113,6.801803623236691,899.4681311411326
2022-11-30,885.03,6.78562154273848,6.801005338012718,898.7503855435765
2022-12-01,885.75,6.786434743745581,6.800209951452292,898.0358157830011
2022-12-02,880.16,6.780103709127148,6.799417521158215,897.3244668818426
2022-12-05,873.91,6.772977395524888,6.798628104841651,896.6163838293628
2022-12-06,863.17,6.760611658937752,6.797841760319771,895.9116115809246
2022-12-07,856.42,6.752760910015934,6.7970585455133685,895.2101950572658
2022-12-08,863.62,6.761132857242337,6.796278518444467,894.5121791438098
2022-12-09,862.12,6.759394472111613,6.79550173723388,893.8176086899733
2022-12-12,866.45,6.764404404086254,6.794728260098752,893.126528508491
2022-12-13,887.64,6.788566255387777,6.793958145350071,892.4389833747521
2022-12-14,882.05,6.782248743742415,6.7931914513901575,891.7550180261625
2022-12-15,862.22,6.759510458518136,6.792428236710116,891.0746771614963
2022-12-16,846.81,6.741476348354894,6.79166855988727,890.3980054402867
2022-12-19,829.44,6.7207507742838,6.790912479582554,889.7250474822018
2022-12-20,825.59,6.716098282250842,6.790160054537902,889.0558478664699
2022-12-21,837.81,6.730791344464618,6.789411343573573,888.3904511312697
2022-12-22,832.28,6.724168922666381,6.7886664055854835,887.7289017731833
2022-12-23,834.52,6.726856709261673,6.787925299542484,887.0712442466181
2022-12-27,833.1,6.725153682980864,6.787188084483623,886.417522963272
2022-12-28,824.1,6.714291881769338,6.786454819515377,885.7677822915928
2022-12-29,842.18,6.73599376811743,6.785725563808848,885.1220665562557
2022-12-30,834.57,6.726916622148354,6.785000376596936,884.4804200376531
2023-01-03,849.49,6.744636169412329,6.784279317171489,883.8428869713972
2023-01-04,873.66,6.772691283950868,6.783562444880406,883.209511547827
2023-01-05,849.41,6.744541990826116,6.782849819124726,882.5803379115317
2023-01-06,866.33,6.764265898332273,6.782141499355678,881.955410160884
2023-01-09,872.67,6.7715574775041425,6.781437545071716,881.3347723475915
2023-01-10,877.95,6.77758964440534,6.780738015815505,880.7184684762443
2023-01-11,890.89,6.792220963059269,6.780042971170882,880.1065425038792
2023-01-12,905.04,6.807979141618211,6.779352470759801,879.4990383395603
2023-01-13,907.41,6.8105943876672645,6.778666574239234,878.895999843966
2023-01-16,908.61,6.811915959207948,6.777985341298045,878.2974708289806
2023-01-17,908.3,6.811574720508168,6.777308831653833,877.7034950572998
2023-01-18,891.53,6.792939087886755,6.7766371050497405,877.1141162420417
2023-01-19,882.83,6.783132656587237,6.775970221251254,876.5293780463816
2023-01-20,895.98,6.797918091297232,6.775308240042937,875.949324083172
2023-01-23,898.36,6.800570878835522,6.774651221225161,875.3739979145867
2023-01-24,900.82,6.803305459625633,6.773999224610794,874.8034430517724
2023-01-25,905.07,6.808012288775017,6.773352310021863,874.2377029545069
2023-01-26,918.47,6.822709242172937,6.772710537286178,873.676821030857
2023-01-27,920.85,6.825297156541615,6.7720739662339335,873.1208406368585
2023-01-30,910.81,6.814334313488117,6.771442656694269,872.569805076189
2023-01-31,922.93,6.827553391973575,6.770816668491813,872.0237575998622
2023-02-01,945.01,6.851195509448336,6.770196061443173,871.48274140591
2023-02-02,961.23,6.868213714361528,6.769580895353423,870.9467996390969
2023-02-03,938.35,6.844123013737281,6.768971230012527,870.4159753906077
2023-02-06,920.45,6.824862680892571,6.768367125191762,869.8903116977756
2023-02-07,924.55,6.829307132652995,6.76776864064008,869.3698515437823
2023-02-08,921.91,6.826447604909185,6.767175836080466,868.8546378573956
2023-02-09,915.69,6.81967787944687,6.766588771206239,868.344713512681
2023-02-10,906.89,6.810021163818686,6.766007505677339,867.8401213287423
2023-02-13,910.38,6.813862094765205,6.765432099116572,867.3409040694502
2023-02-14,904.75,6.807658662443852,6.764862611105828,866.8471044431835
2023-02-15,906.72,6.809833692421309,6.764299101182261,866.3587651025691
2023-02-16,901.76,6.80434840927026,6.763741628834438,865.8759286442221
2023-02-17,890.15,6.791389987850872,6.763190253498469,865.3986376085028
2023-02-20,890.67,6.791973988496394,6.762645034554078,864.9269344792543
2023-02-21,871.09,6.769745301020691,6.7621060313206645,864.4608616835594
2023-02-22,855.63,6.751838039707159,6.76157330305332,864.0004615914874
2023-02-23,866.26,6.764185094449026,6.761046908938819,863.5457765158526
2023-02-24,845.06,6.739407630753533,6.760526908091572,863.0968487119632
2023-02-27,851.69,6.747222610854671,6.760013359549548,862.6537203773756
2023-02-28,848.9,6.743941393743922,6.759506322270157,862.2164336516433
2023-03-01,844.83,6.73913542368512,6.759005855126119,861.7850306160781
2023-03-02,852.29,6.747926844501541,6.758512016901271,861.3595532934877
2023-03-03,865.29,6.763064710860371,6.75802486628637,860.9400436479367
2023-03-06,861.38,6.758535754333287,6.757544461874836,860.5265435844825
2023-03-07,841.38,6.735043400966615,6.757070862158491,860.1190949489281
2023-03-08,851.7,6.747234352147035,6.756604125523236,859.7177395275583
2023-03-09,835.31,6.727802913436878,6.756144310244705,859.3225190468712
2023-03-10,824.23,6.71444961717459,6.755691474483903,858.9334751733217
2023-03-13,835.19,6.7276592438766185,6.755245676282783,858.5506495130428
2023-03-14,842.02,6.735803766929351,6.754806973559803,858.1740836115677
2023-03-15,846.61,6.74124013997076,6.754375424105454,857.803818953551
2023-03-16,853.12,6.748900217550289,6.7539510855777465,857.4398969624758
2023-03-17,847.56,6.742361633208831,6.75353401549766,857.0823590003564
2023-03-20,850.01,6.745248114121041,6.753124271244579,856.7312463674432
2023-03-21,847.99,6.742868843269541,6.752721910051665,856.3866003018989
2023-03-22,830.66,6.722220565524845,6.752326989001221,856.048461979487
2023-03-23,839.13,6.732365640828978,6.751939565020013,855.7168725132427
2023-03-24,850.51,6.74583616955633,6.751559694874552,855.3918729531308
2023-03-27,846.79,6.74145273002707,6.751187435166349,855.0735042856963
2023-03-28,842.74,6.736658488128611,6.750822842327138,854.7618074337076
2023-03-29,857.24,6.753717926066475,6.750465972614062,854.4568232557855
2023-03-30,865.87,6.7637347818205384,6.750116882104824,854.1585925460168
2023-03-31,875.86,6.77520626081264,6.749775626692803,853.8671560335581
2023-04-03,870.54,6.769113708755649,6.749442262082146,853.5825543822294
2023-04-04,868.37,6.766617891115368,6.7491168437828195,853.3048281900908
2023-04-05,864.02,6.761595916684289,6.748799427105618,853.0340179889979
2023-04-06,867.45,6.765557873272337,6.748490067157162,852.7701642441559
2023-04-10,869.82,6.768286293690861,6.748188818834837,852.5133073536449
2023-04-11,873.81,6.772862960718273,6.747895736821722,852.2634876479373
2023-04-12,872.41,6.771259496893599,6.747610875581461,852.0207453893893
2023-04-13,878.31,6.777999606489589,6.747334289353124,851.7851207717212
2023-04-14,866.11,6.764011921281198,6.747066032146021,851.556653919481
2023-04-17,879.19,6.779001029048385,6.74680615773448,851.3353848874747
2023-04-18,878.06,6.777714928430082,6.746554719652606,851.1213536601952
2023-04-19,876.89,6.776381556911414,6.7463117711889895,850.9146001512131
2023-04-20,863.78,6.761318106750798,6.746077365381396,850.7151642025569
2023-04-21,861.44,6.758605407576254,6.745851555011413,850.5230855840663
2023-04-24,857.52,6.754044502383264,6.745634392599068,850.3384039927215
2023-04-25,844.28,6.738484193132417,6.745425930397412,850.1611590519494
2023-04-26,846.09,6.740625736926679,6.745226220387073,849.9913903109083
2023-04-27,863.37,6.760843336166076,6.745035314270771,849.8291372437382
2023-04-28,868.51,6.766779099719651,6.744853263467805,849.6744392487934
2023-05-01,863.35,6.760820170858439,6.744680119108504,849.5273356478424
2023-05-02,842.43,6.736290572721267,6.744515932028649,849.3878656852413
2023-05-03,831.7,6.723471798874642,6.744360752763856,849.2560685270779
2023-05-04,843.3,6.737322766580596,6.744214631543937,849.1319832602869
2023-05-05,854.66,6.750703729030016,6.744077618287218,849.0156488917336
2023-05-08,853.16,6.748947103172822,6.743949762594827,848.9071043472608
2023-05-09,847.12,6.741842361122199,6.7438311137449585,848.8063884707143
2023-05-10,853.33,6.749146342547869,6.743721720687092,848.7135400229233
2023-05-11,844.08,6.738247276833837,6.7436216320361915,848.6285976806545
2023-05-12,842.55,6.736433007646552,6.743530896066865,848.5516000355266
2023-05-15,843.72,6.73782068599907,6.743449560707495,848.4825855928888
2023-05-16,828.58,6.719713392253277,6.743377673534336,848.4215927706629
2023-05-17,840.93,6.73450842226384,6.743315281765588,848.3686598981509
2023-05-18,842.39,6.736243089904103,6.743262432255424,848.323825214793
2023-05-19,840.63,6.734151610727905,6.743219171488002,848.2871268688972
2023-05-22,848.17,6.7430810873982505,6.743185545571437,848.2586029163207
2023-05-23,835.75,6.728329525300208,6.743161600231746,848.2382913191126
2023-05-24,818.58,6.707571131802838,6.743147380806757,848.2262299441098
2023-05-25,841.5,6.735186013630861,6.743142932239996,848.2224565614904
2023-05-26,863.37,6.760843336166076,6.743148299074541,848.2270088432876
2023-05-29,865.88,6.763746330831655,6.743163525446837,848.239924361844
2023-05-30,866.02,6.763908002983978,6.7431886550804965,848.2612405882318
2023-05-31,863.81,6.761352837213469,6.743223731280059,848.2909948906189
2023-06-01,870.03,6.768527693812733,6.743268796924728,848.3292245325853
2023-06-02,883.44,6.783823377738876,6.743323894462068,848.3759666713876
2023-06-05,879.33,6.779160253851397,6.74338906590169,848.4312583561759
2023-06-06,882.07,6.782271417936915,6.743464352808894,848.4951365261571
2023-06-07,884.0,6.784457062637643,6.743549796298284,848.5676380086985
2023-06-08,884.92,6.7854972454417855,6.743645437027367,848.648799517385
2023-06-09,882.62,6.7828947569004825,6.743751315190109,848.7386576500143
2023-06-12,894.74,6.796533173277449,6.743867470510471,848.8372488865348
2023-06-13,904.78,6.807691820225157,6.743993942235918,848.9446095869286
2023-06-14,915.73,6.819721561398587,6.744130769130898,849.0607759890307
2023-06-15,921.95,6.826490992151173,6.744277989470295,849.1857842062913
2023-06-16,915.05,6.818978708591291,6.74443564103286,849.3196702254718
2023-06-20,905.89,6.808917885868317,6.744603761094605,849.4624699042803
2023-06-21,893.75,6.795426094008217,6.744782386422181,849.6142189689406
2023-06-22,884.07,6.784536245022998,6.744971553266231,849.7749530116989
2023-06-23,876.13,6.775514481752413,6.745171297354704,849.9447074882582
2023-06-26,881.58,6.78171575211591,6.745381653886167,850.1235177151503
2023-06-27,888.2,6.789196942858002,6.745602657523065,850.3114188670326
2023-06-28,893.81,6.7954932246220405,6.745834342384981,850.5084459739161
2023-06-29,900.62,6.803083415038167,6.746076742041857,850.7146339183239
2023-06-30,906.44,6.809524839366724,6.7463298895072,850.9300174323755
2023-07-03,912.03,6.815672884270153,6.746593817231257,851.1546310947907
2023-07-05,917.11,6.821227421441772,6.746868557094172,851.3885093278229
2023-07-06,907.16,6.810318840290662,6.747154140399123,851.6316863941164
2023-07-07,905.55,6.808542493910545,6.7474505978654316,851.8841963934811
2023-07-10,907.9,6.8111342403777115,6.747757959621652,852.1460732595865
2023-07-11,916.63,6.820703901192486,6.748076255198643,852.4173507565782
2023-07-12,926.09,6.830971422147943,6.748405513522612,852.6980624756095
2023-07-13,937.0,6.842683282238422,6.748745762908148,852.9882418312886
2023-07-14,934.26,6.839754772081388,6.749097031051225,853.2879220580401
2023-07-17,923.58,6.828257422850038,6.749459345022192,853.5971362063799
2023-07-18,924.29,6.829025875214045,6.749832731258745,853.9159171391028
2023-07-19,934.3,6.83979758579891,6.750217215558875,854.2442975273807
2023-07-20,916.89,6.8209875086816245,6.750612823073799,854.5823098467617
2023-07-21,914.06,6.817896214813801,6.751019578300883,854.9299863730944
2023-07-24,921.56,6.826067886221921,6.751437505076533,855.2873591783359
2023-07-25,919.55,6.82388441994499,6.751866626569079,855.6544601262825
2023-07-26,922.44,6.827022333149041,6.752306965271645,856.0313208681948
2023-07-27,916.46,6.820518422028356,6.752758542994991,856.4179728383234
2023-07-28,923.44,6.828105827306657,6.753221380860358,856.8144472493412
2023-07-31,928.96,6.834065680836265,6.753695499292285,857.2207750876707
2023-08-01,928.37,6.833430360220278,6.754180918011413,857.6369871087041
2023-08-02,914.14,6.817983732590905,6.754677656027287,858.0631138319295
2023-08-03,900.77,6.803249953100827,6.755185731631129,858.4991855359409
2023-08-04,901.61,6.8041820540571365,6.755705162388618,858.9452322533507
2023-08-07,907.23,6.810396001209797,6.756235965132636,859.4012837655815
2023-08-08,902.66,6.805345959812411,6.756778155956029,859.8673695975638
2023-08-09,899.71,6.802072489177354,6.757331750204332,860.3435190123048
2023-08-10,899.62,6.801972451941188,6.757896762468506,860.8297610053581
2023-08-11,893.24,6.794855301766686,6.758473206577651,861.3261242991706
2023-08-14,894.94,6.796756676921489,6.759061095591723,861.8326373373161
2023-08-15,889.08,6.790187220216566,6.759660441794231,862.3493282786113
2023-08-16,870.47,6.769033295662056,6.7602712566849394,862.8762249911136
2023-08-17,868.04,6.766237796547872,6.760893550972556,863.4133550459943
2023-08-18,863.7,6.76122548628624,6.761527334567417,863.9607457112957
2023-08-21,861.6,6.758791125842179,6.762172616574171,864.5184239455587
2023-08-22,866.69,6.7646813580559675,6.76282940528445,865.0864163913297
2023-08-23,881.86,6.782033313249096,6.763497708169551,865.6647493685387
2023-08-24,879.93,6.7798423588537995,6.764177531873101,866.2534488677517
2023-08-25,878.15,6.777817421867745,6.764868882203732,866.8525405432885
2023-08-28,884.58,6.785112956089783,6.7655717641277455,867.4620497062143
2023-08-29,899.54,6.8018835215513915,6.766286181761786,868.0820013171988
2023-08-30,905.45,6.808432057687352,6.767012138365511,868.7124199792388
2023-08-31,907.1,6.810252697620898,6.767749636334262,869.3533299302461
2023-09-01,908.19,6.811453607812656,6.768498677191737,870.0047550354976
2023-09-05,902.42,6.805080043618763,6.7692592615826745,870.6667187799536
2023-09-06,896.92,6.79896667190533,6.770031389265531,871.3392442604238
2023-09-07,895.36,6.797225872037061,6.770815059105172,872.0223541776055
2023-09-08,890.91,6.792243412267935,6.7716102690655635,872.71607082797
2023-09-11,892.9,6.794474592523171,6.7724170162024775,873.4204160955119
2023-09-12,890.32,6.79158094866517,6.773235296656197,874.1354114433456
2023-09-13,884.9,6.785474644273305,6.774065105644235,874.8610779051595
2023-09-14,898.58,6.800815739544393,6.774906437454066,875.5974360765258
2023-09-15,891.1,6.792456654618674,6.775759285435862,876.3445061060511
2023-09-18,887.19,6.788059164556945,6.776623641995247,877.1023076863876
2023-09-19,879.47,6.779319453305907,6.7774994985860575,877.8708600450828
2023-09-20,875.85,6.7751948433976565,6.778386845703121,878.6501819352789
2023-09-21,850.01,6.745248114121041,6.779285672875057,879.4402916262645
2023-09-22,848.1,6.742998553367654,6.780195968657076,880.241206893859
2023-09-25,848.77,6.743788242660079,6.781117720623813,881.0529450106462
2023-09-26,832.41,6.724325107902388,6.782050915362175,881.8755227360559
2023-09-27,827.94,6.718940687991518,6.782995538464195,882.7089563062665
2023-09-28,841.56,6.735257312336819,6.7839515745199295,883.5532614239743
2023-09-29,850.27,6.74555394610404,6.78491900711036,884.408453247978
2023-10-02,839.21,6.732460973121673,6.785897818800321,885.2745463826118
2023-10-03,820.48,6.709889534852196,6.7868879911314615,886.1515548670158
2023-10-04,825.63,6.71614673127642,6.787889504615215,887.0394921642335
2023-10-05,831.56,6.723303454778914,6.788902338725813,887.9383711501522
2023-10-06,837.81,6.730791344464618,6.789926471893315,888.8482041022733
2023-10-09,843.99,6.738140646184533,6.790961881496673,889.7690026883142
2023-10-10,853.46,6.749298675289743,6.792008543856824,890.7007779546428
2023-10-11,870.36,6.768906919163322,6.793066434229813,891.6435403145442
2023-10-12,863.27,6.760727504261206,6.7941355267999555,892.5972995363169
2023-10-13,854.28,6.750259008903782,6.795215794673022,893.562064731193
2023-10-16,858.48,6.755163383618872,6.796307209869473,894.5378443410981
2023-10-17,850.32,6.745612749225327,6.797409743317718,895.5246461262313
2023-10-18,832.32,6.724216982260287,6.798523364847421,896.5224771524724
2023-10-19,807.22,6.693596245739392,6.799648043182839,897.5313437786169
2023-10-20,803.04,6.688404525906623,6.800783745936212,898.5512516434455
2023-10-23,802.82,6.688130529417046,6.8019304396011835,899.5822056526051
2023-10-24,817.16,6.705834914119452,6.8030880895462715,900.6242099653283
2023-10-25,800.7,6.685486345078588,6.804256660008388,901.6772679809726
2023-10-26,815.41,6.7036910542295,6.805436114086395,902.7413823253818
2023-10-27,811.82,6.699278640711324,6.8066264137347225,903.8165548370825
2023-10-30,819.86,6.709133593974665,6.807827519757026,904.9027865532951
2023-10-31,832.67,6.724637405211962,6.809039391799901,906.0000776957746
2023-11-01,836.51,6.729238474928048,6.810261988346647,907.1084276564759
2023-11-02,867.02,6.765062044565228,6.81149526671109,908.2278349830448
2023-11-03,888.8,6.78987223832542,6.8127391830314625,909.3582973641328
2023-11-06,882.97,6.783291224941856,6.813993692264332,910.499811614537
2023-11-07,875.63,6.774943627281964,6.815258748178605,911.6523736601707
2023-11-08,876.2,6.775594375379798,6.8165343033495756,912.8159785228506
2023-11-09,872.1,6.77090409623294,6.8178203091530545,913.9906203049273
2023-11-10,879.27,6.779092017754475,6.819116715759541,915.1762921737188
2023-11-13,875.34,6.774612382311859,6.8204234721284855,916.3729863457988
2023-11-14,915.26,6.819208177917167,6.821740526002606,917.5806940710969
2023-11-15,927.86,6.8328808593364085,6.823067823902277,918.7994056168346
2023-11-16,925.0,6.829793737512425,6.82440531111999,920.0291102512889
2023-11-17,926.21,6.831100990792512,6.825752931714891,921.2697962273929
2023-11-20,936.99,6.8426726098228805,6.82711062850739,922.5214507661652
2023-11-21,929.31,6.8344423752930865,6.828478343073856,923.7840600399786
2023-11-22,932.44,6.837804806284321,6.829856015741374,925.057609155657
2023-11-24,932.04,6.837375732219556,6.831243585582608,926.3420821374228
2023-11-27,938.69,6.844485286255415,6.832640990410722,927.6374619096658
2023-11-28,943.12,6.849193527983872,6.834048166774405,928.9437302795694
2023-11-29,957.53,6.864357052156667,6.835465049952978,930.2608679195737
2023-11-30,958.74,6.865619922379352,6.836891573951581,931.5888543496774
2023-12-01,963.5,6.870572487854421,6.838327671496468,932.9276679195985
2023-12-04,957.19,6.864001908842162,6.839773274030381,934.2772857907755
2023-12-05,954.37,6.861051436928394,6.8412283117080275,935.6376839182245
2023-12-06,946.41,6.852675878965074,6.842692713391653,937.0088370322487
2023-12-07,948.96,6.855366648090416,6.84416640664671,938.390718620005
2023-12-08,943.4,6.8494903708501615,6.8456493177376405,939.7833009069388
2023-12-11,944.32,6.850465091754574,6.847141371623744,941.1865548380628
2023-12-12,945.39,6.851597540769874,6.848642491955167,942.6004500591223
2023-12-13,963.08,6.870136482075628,6.850152601069004,944.024954897626
2023-12-14,972.11,6.879468966781622,6.851671619985481,945.4600363437294
2023-12-15,965.98,6.873143130064441,6.853199468404298,946.9056600310312
2023-12-18,960.34,6.867287388426339,6.854736064701036,948.3617902172117
2023-12-19,969.57,6.87685267424232,6.8562813259237245,949.8283897645864
2023-12-20,956.61,6.8633957848817095,6.857835167789508,951.305420120533
2023-12-21,969.5,6.876780474682707,6.8593975046814295,952.7928412978081
2023-12-22,971.11,6.878439747147947,6.8609682496453575,954.2906118547764
2023-12-26,979.61,6.887154533274173,6.862547314387025,955.7986888755273
2023-12-27,986.72,6.894386311243183,6.864134609269202,957.3170279499036
2023-12-28,993.19,6.900921985117758,6.865730043309006,958.8455831534474
2023-12-29,986.96,6.894629511763209,6.867333524175339,960.3843070272559
2024-01-02,983.1,6.890710844372879,6.868944958186464,961.9331505577627
2024-01-03,966.84,6.874033021577105,6.870564250307726,963.4920631564498
2024-01-04,965.23,6.872366414908963,6.872191304149407,965.0609926394891
2024-01-05,959.37,6.866276819035597,6.873826021964734,966.6398852073323
2024-01-08,973.82,6.881226481635869,6.875468304648026,968.2286854242337
2024-01-09,970.25,6.8775537702490155,6.877118051733,969.8273361977455
2024-01-10,968.46,6.875707181013244,6.878775161391227,971.4357787581545
2024-01-11,966.03,6.8731948896309145,6.880439530430729,973.0539526378917
2024-01-12,971.28,6.87861478923572,6.88211105429477,974.681795650932
2024-01-16,968.31,6.875552283942037,6.883789627060761,976.3192438721402
2024-01-17,949.36,6.855788073356884,6.885475141439368,977.9662316166416
2024-01-18,949.68,6.856125085745279,6.887167488773767,979.6226914191685
2024-01-19,968.07,6.875304398711629,6.88886655903907,981.2885540134187
2024-01-22,976.8,6.884281922796495,6.890572240841927,982.9637483114226
2024-01-23,978.38,6.885898142626828,6.892284421420308,984.6482013829437
2024-01-24,974.67,6.882098952168351,6.894002986643445,986.3418384348923
2024-01-25,990.55,6.898260344420335,6.895727821011972,988.044582790788
2024-01-26,981.04,6.88861323345377,6.897458807658248,989.7563558702777
2024-01-29,993.92,6.9016567205202675,6.899195828346854,991.4770771686983
2024-01-30,984.45,6.892083109587841,6.900938763475294,993.2066642367193
2024-01-31,977.15,6.884640171476086,6.902687492074875,994.9450326600528
2024-02-01,988.87,6.896562877077987,6.904441891811802,996.6920960392642
2024-02-02,982.84,6.8904463398594995,6.906201838988448,998.447765969673
2024-02-05,973.87,6.881277824508719,6.907967208544843,1000.2119520213622
2024-02-06,984.39,6.892022159993138,6.909737874060369,1001.9845617193234
2024-02-07,987.75,6.8954296292915,6.911513707755645,1003.7655005237121
2024-02-08,994.99,6.902732686856832,6.913294580494653,1005.5546718102715
2024-02-09,1003.69,6.911438487633727,6.915080361787041,1007.3519768508868
2024-02-12,1005.5,6.913240209212707,6.916870919790682,1009.1573147943321
2024-02-13,983.51,6.891127805545597,6.9186661213144305,1010.9705826471834
2024-02-14,995.89,6.903636809718389,6.920465831821106,1012.7916752549268
2024-02-15,1024.02,6.931491336658721,6.922269915430706,1014.6204852832706
2024-02-16,999.54,6.907295173149681,6.924078234923865,1016.4569031996974
2024-02-20,999.48,6.9072351437352495,6.9258906517455125,1018.3008172552132
2024-02-21,994.01,6.901747266968142,6.927707026008811,1020.1521134663817
2024-02-22,1027.4,6.934786618033168,6.9295272164993005,1022.0106755975922
2024-02-23,1021.81,6.929330843499817,6.931351080679304,1023.8763851436147
2024-02-26,1014.56,6.922210299951722,6.933178474692583,1025.7491213124486
2024-02-27,1011.04,6.918734783025145,6.93500925336923,1027.6287610084673
2024-02-28,1024.88,6.932330811548178,6.936843270230831,1029.5151788158912
2024-02-29,1040.86,6.94780257349982,6.938680377495881,1031.408246982595
2024-03-01,1054.63,6.960945273496242,6.940520426085453,1033.307835404261
2024-03-04,1072.87,6.9780925796523645,6.942363265629146,1035.21381160891
2024-03-05,1061.34,6.967287539683471,6.9442087444712906,1037.1260407418124
2024-03-06,1073.8,6.978959037988469,6.946056709677432,1039.0443855507915
2024-03-07,1081.09,6.985725070417818,6.947907007041091,1040.9687063719634
2024-03-08,1083.24,6.987711829098064,6.949759481090798,1042.898861115892
2024-03-11,1077.73,6.982612256275749,6.951613975097418,1044.8347052542142
2024-03-12,1081.86,6.986437061016332,6.953470331081748,1046.7760918067102
2024-03-13,1079.13,6.983910439928481,6.955328389822431,1048.7228713288978
2024-03-14,1067.68,6.973243349155297,6.957187990864132,1050.6748919000947
2024-03-15,1051.32,6.957801796466272,6.959048972526039,1052.631999112033
2024-03-18,1047.87,6.954514811385144,6.960911171910654,1054.5940360580082
2024-03-19,1039.27,6.9462738225951535,6.962774424912873,1056.5608433225705
2024-03-20,1036.06,6.9431803362003315,6.964638566229418,1058.5322589718403
2024-03-21,1049.04,6.955630739223169,6.966503429368535,1060.5081185443826
2024-03-22,1041.54,6.948455666108512,6.9683688466600335,1062.4882550427183
2024-03-25,1048.35,6.954972778591248,6.970234649265648,1064.4724989254828
2024-03-26,1033.84,6.9410353042169355,6.972100667189708,1066.4606781002278
2024-03-27,1046.47,6.95317787448996,6.9739667292901535,1068.4526179169195
2024-03-28,1049.84,6.956393050588031,6.975832663289864,1070.44814116212
2024-04-01,1045.99,6.952719084349724,6.977698295788342,1072.447068053907
2024-04-02,1036.86,6.9439521942939555,6.979563452273722,1074.4492162375248
2024-04-03,1036.9,6.943990771564232,6.981427957135127,1076.454400781799
2024-04-04,1023.72,6.931198330708604,6.98329163367537,1078.4624341763358
2024-04-05,1020.35,6.9279009846750945,6.985154304124021,1080.473126329535
2024-04-08,1018.07,6.92566395702543,6.987015789650796,1082.4862845674074
2024-04-09,1028.26,6.93562333232461,6.988875910379348,1084.5017136332722
2024-04-10,1003.5,6.911249168236393,6.990734485401383,1086.5192156882933
2024-04-11,1006.88,6.914611719778623,6.99259133279116,1088.5385903129234
2024-04-12,989.35,6.897048161838449,6.994446269620364,1090.5596345092622
2024-04-15,972.82,6.880199070211091,6.996299111973344,1092.5821427043427
2024-04-16,961.57,6.868567365290947,6.998149674962736,1094.6059067543815
2024-04-17,954.61,6.8613028801087985,6.9999977727454645,1096.6307159500027
2024-04-18,955.5,6.862234763680328,7.001843218539131,1098.6563570224675
2024-04-19,935.81,6.841412464419047,7.0036858246387945,1100.6826141509284
2024-04-22,941.6,6.847580555946067,7.0055254024341425,1102.7092689707242
2024-04-23,960.81,6.86777667870495,7.007361762427063,1104.7361005827509
2024-04-24,964.53,6.871640936061125,7.009194714249614,1106.762885563913
2024-04-25,964.71,6.871827538039647,7.011024066682407,1108.7893979787036
2024-04-26,971.62,6.878964781518874,7.0128496276733845,1110.8154093918952
2024-04-29,983.8,6.8914226243612395,7.01467120435703,1112.8406888824127
2024-04-30,964.9,6.872024469026338,7.016488603073982,1114.8650030583703
2024-05-01,949.78,6.856230378828673,7.018301629391073,1116.888116073313
2024-05-02,964.95,6.872076286525119,7.0201100881217915,1118.9097896436772
2024-05-03,968.22,6.875459334181316,7.021913783347177,1120.9297830675018
2024-05-06,968.64,6.875893025833354,7.02371251843715,1122.9478532444082
2024-05-07,974.12,6.881534499339055,7.025506096072259,1124.9637546968443
2024-05-08,968.52,6.875769133124281,7.027294318265899,1126.9772395926734
2024-05-09,988.38,6.896067239186946,7.029076986386949,1128.988057769058
2024-05-10,984.83,6.892469037444435,7.030853901182865,1130.995956757715
2024-05-13,987.33,6.895004330056704,7.032624862803231,1133.0006818115346
2024-05-14,993.44,6.9011736676165825,7.034389670823749,1135.0019759325796
2024-05-15,1016.49,6.924110795341703,7.0361481242707145,1136.9995799015205
2024-05-16,1022.25,6.929761359244751,7.037900021645922,1138.9932323084709
2024-05-17,1017.36,6.924966315712491,7.039645160952062,1140.9826695852894
2024-05-20,1016.5,6.9241206330684015,7.041383339718577,1142.967626039349
2024-05-21,1012.22,6.919901217525693,7.043114355027997,1144.9478338887857
2024-05-22,999.67,6.907425224520155,7.044838003542738,1146.9230232992525
2024-05-23,990.8,6.898512697615204,7.046554081532402,1148.8929224222047
2024-05-24,993.37,6.901103202901759,7.0482623849015384,1150.8572574347058
2024-05-28,996.37,6.904118674544554,7.049962709217915,1152.8157525808103
2024-05-29,986.95,6.894619379588996,7.051654849741263,1154.7681302145015
2024-05-30,995.16,6.902903528251112,7.053338601452523,1156.7141108442245
2024-05-31,1000.05,6.907805277732178,7.055013759083584,1158.653413179016
2024-06-03,1000.04,6.907795278182158,7.056680117147531,1160.5857541762523
2024-06-04,1005.13,6.912872165361599,7.058337469969392,1162.5108490910359
2024-06-05,1015.44,6.9230772950799215,7.059985611717386,1164.4284115272042
2024-06-06,1017.46,6.9250646045046995,7.061624336434693,1166.3381534900152
2024-06-07,1009.06,6.916774483402297,7.063253438071728,1168.239785440491
2024-06-10,1014.55,6.922200443413633,7.064872710518933,1170.1330163514308
2024-06-11,1010.87,6.918566625193787,7.06648194764009,1172.0175537651266
2024-06-12,1014.92,6.922565070635617,7.0680809433061595,1173.8931038527699
2024-06-13,1029.16,6.936498214514349,7.069669491429626,1175.7593714755521
2024-06-14,1026.45,6.933861526066616,7.071247385999404,1177.6160602475097
2024-06-17,1018.29,6.925880028840684,7.07281442111623,1179.4628726000424
2024-06-18,1026.26,6.933676404933536,7.074370391028636,1181.2995098482093
2024-06-20,1023.06,6.930553415258115,7.07591509016941,1183.1256722587048
2024-06-21,1023.15,6.930641382768838,7.077448313192631,1184.9410591196117
2024-06-24,1015.71,6.923343154323788,7.0789698550112305,1186.7453688118678
2024-06-25,1015.39,6.923028054129167,7.080479510835083,1188.5382988824697
2024-06-26,1014.42,6.92207229957693,7.0819770762096645,1190.3195461194323
2024-06-27,1021.95,6.929467845887787,7.083462347055244,1192.0888066284797
2024-06-28,1024.65,6.932106369845968,7.084935119706618,1193.8457759114647
2024-07-01,1018.09,6.925683601847055,7.086395190953408,1195.5901489465423
2024-07-02,1022.35,6.929859177889063,7.087842358080901,1197.321620270059
2024-07-03,1038.55,6.9455807885221175,7.089276418911449,1199.039884060184
2024-07-05,1037.22,6.94429933616275,7.090697171846414,1200.7446342222415
2024-07-08,1057.0,6.963189985870238,7.092104415908678,1202.435564475775
2024-07-09,1060.11,6.966127955306912,7.093497950785714,1204.1123684433117
2024-07-10,1066.5,6.972137537911405,7.094877576873201,1205.7747397408107
2024-07-11,1081.04,6.985678819729831,7.096243095319211,1207.4223720698076
2024-07-12,1093.99,6.997586842172325,7.097594308068956,1209.0549593112294
2024-07-15,1092.77,6.996471036023888,7.098931017910091,1210.6721956208528
2024-07-16,1097.55,7.000835701998149,7.10025302851858,1212.2737755264209
2024-07-17,1079.03,6.983817768393403,7.101560144505131,1213.8593940263734
2024-07-18,1066.98,6.972587506983624,7.102852171462188,1215.4287466901917
2024-07-19,1057.01,6.963199446563423,7.1041289160114856,1216.9815297603188
2024-07-22,1058.27,6.9643907783483625,7.105390185852168,1218.5174402556556
2024-07-23,1054.44,6.960765099295752,7.106635789809481,1220.0361760766032
2024-07-24,1033.97,6.941161041107822,7.107865537884001,1221.537436111603
2024-07-25,1021.14,6.92867492923464,7.10907924130146,1223.0209203452011
2024-07-26,1029.14,6.936478781001255,7.110276712563105,1224.486329967551
2024-07-29,1031.11,6.93839117085724,7.111457765496632,1225.933367485371
2024-07-30,1025.48,6.932916074640636,7.112622215307674,1227.3617368342996
2024-07-31,1051.02,6.9575164001916106,7.113769878631854,1228.7711434926337
2024-08-01,1061.33,6.967278117587714,7.114900573587386,1230.1612945963989
2024-08-02,1049.87,6.956421625962728,7.116014119828241,1231.5318990557366
2024-08-05,1007.38,6.91510818002732,7.117110338597866,1232.8826676725603
2024-08-06,1026.12,6.933539977955864,7.118189052783441,1234.2133132594329
2024-08-07,1020.67,6.928214553383508,7.119250086970707,1235.5235507596497
2024-08-08,1033.2,6.940416061221685,7.120293267499329,1236.8130973684688
2024-08-09,1032.2,6.9394477257146265,7.121318422518801,1238.0816726554465
2024-08-12,1035.59,6.942726591592831,7.122325382044898,1239.3289986878326
2024-08-13,1049.05,6.95564027170271,7.123313978016672,1240.5548001550005
2024-08-14,1052.02,6.958467404523785,7.124284044353968,1241.7588044938248
2024-08-15,1054.09,6.960433114450182,7.125235417015487,1242.9407420149948
2024-08-16,1060.28,6.966288303167791,7.126167934057365,1244.1003460301904
2024-08-19,1071.83,6.977122746965726,7.127081435692286,1245.2373529800805
2024-08-20,1069.31,6.974768859631348,7.1279757643491015,1246.351502563077
2024-08-21,1080.73,6.985392017709149,7.128850764732973,1247.4425378648018
2024-08-22,1082.76,6.9872686157944095,7.129706283886027,1248.5102054882104
2024-08-23,1105.18,7.007763496613354,7.1305421712485035,1249.5542556842927
2024-08-26,1102.94,7.005734620675105,7.131358278720407,1250.5744424833174
2024-08-27,1099.33,7.002456182306146,7.132154460723656,1251.570523826547
2024-08-28,1091.86,6.995637942957665,7.132930574264712,1252.542261698358
2024-08-29,1087.75,6.991866621600789,7.133686478997685,1253.4894222586995
2024-08-30,1098.3,7.0015188087943,7.134422037287925,1254.4117759758449
2024-09-03,1085.48,6.989777564459526,7.135137114276063,1255.3090977593379
2024-09-04,1085.13,6.989455074465439,7.1358315779425245,1256.1811670930956
2024-09-05,1111.06,7.013069793581931,7.1365052991724856,1257.0277681685798
2024-09-06,1104.54,7.007184237686526,7.137158151821264,1257.8486900179614
2024-09-09,1118.72,7.019940453587061,7.137790012780166,1258.6437266472415
2024-09-10,1138.24,7.0372384887600905,7.138400762042729,1259.4126771692006
2024-09-11,1137.91,7.036948525442812,7.1389902827714,1260.15534593615
2024-09-12,1136.35,7.035576650420022,7.139558461364615,1260.8715426723966
2024-09-13,1144.98,7.043142448586877,7.140105187524262,1261.5610826063141
2024-09-16,1148.24,7.045985614263125,7.140630354323544,1262.2237866020018
2024-09-17,1151.52,7.048838087759494,7.141133858275208,1262.8594812904048
2024-09-18,1138.21,7.037212131932573,7.141615599400132,1263.467999199825
2024-09-19,1154.06,7.051041438784043,7.1420754812962715,1264.0491788857737
2024-09-20,1160.35,7.056476962728768,7.142513411207934,1264.6028650600394
2024-09-23,1178.96,7.072387972905007,7.1429293000953855,1265.1289087189316
2024-09-24,1194.32,7.085332264745334,7.1433230627047655,1265.6271672705866
2024-09-25,1187.86,7.079908647860464,7.143694617638304,1266.0975046612843
2024-09-26,1188.02,7.080043334797718,7.1440438874248136,1266.5397915006565
2024-09-27,1198.42,7.088759301542255,7.14437079859046,1266.9539051857391
2024-09-30,1200.92,7.090843208703993,7.144675281729783,1267.339730023766
2024-10-01,1202.89,7.092482273722475,7.144957271576952,1267.6971573536168
2024-10-02,1205.32,7.094500370835871,7.145216707077254,1268.0260856658624
2024-10-03,1185.59,7.0779958199583435,7.145453531458772,1268.326420721277
2024-10-04,1188.08,7.08009383772269,7.145667692304269,1268.5980756677925
2024-10-07,1186.84,7.07904959192689,7.145859141623221,1268.8409711557497
2024-10-08,1178.05,7.071615808132508,7.146027835924025,1269.055035451416
2024-10-09,1178.86,7.072303148787763,7.146173736286324,1269.2402045486556
2024-10-10,1175.04,7.069057468552017,7.146296808433444,1269.3964222786697
2024-10-11,1186.49,7.07875464769028,7.146397022804942,1269.5236404177467
2024-10-15,1191.08,7.0826157375444705,7.146474354629203,1269.6218187929096
2024-10-16,1203.96,7.093371402725522,7.146528783996104,1269.690925385407
2024-10-17,1194.49,7.08547459502718,7.146560295929699,1269.7309364319444
2024-10-18,1202.88,7.092473960375814,7.146568880460923,1269.7418365235999
2024-10-21,1199.97,7.090051835463586,7.146554532700253,1269.723618702309
2024-10-22,1200.49,7.090485085764057,7.146517252910357,1269.676284554887
2024-10-23,1198.41,7.088750957187419,7.14645704657866,1269.599844304468
2024-10-24,1189.47,7.081263108744007,7.146373924489823,1269.4943168993123
2024-10-25,1203.79,7.093230192051421,7.146267902798109,1269.3597300988995
2024-10-28,1209.21,7.09772253280164,7.146139003099598,1269.1961205572243
2024-10-29,1195.78,7.086553971102052,7.145987252504235,1269.003533903237
2024-10-30,1186.12,7.078442754877724,7.145812683707683,1268.7820248183525
2024-10-31,1167.31,7.0624572353999575,7.1456153350629386,1268.5316571109554
2024-11-01,1154.94,7.051803673554599,7.145395250651695,1268.25250378783
2024-11-04,1159.87,7.056063208854697,7.145152480355415,1267.9446471224674
2024-11-05,1180.81,7.073955922645036,7.14488707992609,1267.608178720165
2024-11-06,1153.66,7.050694776273855,7.144599111056636,1267.2431995798654
2024-11-07,1184.13,7.076763606713967,7.144288641450916,1266.849820152678
2024-11-08,1185.26,7.0777174387852355,7.1439557448933355,1266.4281603970123
2024-11-12,1160.63,7.056718240121385,7.143600501317995,1265.9783498302886
2024-11-13,1154.49,7.0514139669987,7.143222996877347,1265.5005275771484
2024-11-14,1147.9,7.045689465071451,7.142823324010327,1264.9948424141276
2024-11-15,1146.72,7.044660972245609,7.142401581509936,1264.4614528107445
2024-11-18,1165.21,7.060656607266098,7.141957874590205,1263.9005269669417
2024-11-19,1172.3,7.066722910077782,7.141492314952544,1263.3122428468644
2024-11-20,1163.53,7.059213766681532,7.141005020851388,1262.6967882088923
2024-11-21,1177.7,7.071318662847503,7.1404961171591514,1262.0543606319452
2024-11-22,1181.71,7.074717820993865,7.139965735430399,1261.3851675379565
2024-11-25,1203.06,7.092623590042668,7.13941401396523,1260.6894262105404
2024-11-26,1193.39,7.08455327563273,7.138841097871815,1259.9673638098013
2024-11-27,1200.44,7.090443435236963,7.1382471391280315,1259.2192173832352
2024-11-29,1202.74,7.092357566265224,7.137632296642179,1258.4452338727417
2024-12-02,1198.89,7.089151407699591,7.136996736312701,1257.645670117688
2024-12-03,1199.09,7.089318214762589,7.136340631086884,1256.8207928540292
2024-12-04,1197.51,7.087999679980892,7.135664161018478,1255.970878709464
2024-12-05,1203.79,7.093230192051421,7.134967513324188,1255.0962141945988
2024-12-06,1210.37,7.098681376972011,7.13425088243899,1254.197095690136
2024-12-09,1203.77,7.093213577719899,7.133514470070219,1253.273829430064
2024-12-10,1179.03,7.072447345506266,7.13275848525037,1252.3267314808431
2024-12-11,1184.21,7.076831164581528,7.131983144388572,1251.356127716608
2024-12-12,1181.36,7.074421596165519,7.131188671320675,1250.362353790371
2024-12-13,1175.68,7.069601982586706,7.130375297357876,1249.345755101232
2024-12-16,1167.51,7.062628554816863,7.129543261333855,1248.3066867576208
2024-12-17,1163.61,7.0592825206026815,7.128692809650357,1247.245513536581
2024-12-18,1124.83,7.025387192108975,7.127824196321135,1246.1626098390907
2024-12-19,1110.5,7.012565643334482,7.12693768301424,1245.0583596414801
2024-12-20,1119.08,7.020262198160397,7.126033539092544,1243.933156442922
2024-12-23,1122.58,7.02338488656461,7.125112041652479,1242.7874032090617
2024-12-24,1132.56,7.032235836086242,7.124173475560906,1241.6215123117934
2024-12-26,1140.4,7.039134357038517,7.1232181334900435,1240.435905465217
2024-12-27,1140.06,7.038836171582496,7.122246315950414,1239.2310136578235
2024-12-30,1144.75,7.042941551537205,7.121258331321707,1238.0072770809186
2024-12-31,1144.95,7.043116246912589,7.120254495881537,1236.765145053378
2025-01-02,1146.38,7.0443644304441255,7.119235133831971,1235.505075942712
2025-01-03,1171.58,7.066108544135289,7.1182005773238055,1234.2275370825416
2025-01-06,1180.2,7.073439194623068,7.117151166478482,1232.9330046865002
2025-01-07,1182.4,7.075301550193937,7.1160872494076095,1231.6219637586498
2025-01-08,1191.58,7.083035436542515,7.1150091822299695,1230.2949080004175
2025-01-10,1147.55,7.045384513970174,7.113917329085969,1228.9523397141495
2025-01-13,1114.02,7.015730373647435,7.11281206214945,1227.5947697033314
2025-01-14,1127.52,7.027775809578713,7.111693761636785,1226.222717169543
2025-01-15,1133.96,7.0334712102969705,7.110562815813148,1224.836709606175
2025-01-16,1166.05,7.061377247637702,7.109419620995944,1223.4372826890399
2025-01-17,1173.61,7.067839747583199,7.108264581555242,1222.0249801638827
2025-01-21,1193.94,7.085014041433629,7.107098109911186,1220.6003537308968
2025-01-22,1175.98,7.069857121511234,7.105920626528273,1219.1639629263125
2025-01-23,1191.83,7.0832452200047955,7.104732559906424,1217.7163750011189
2025-01-24,1192.94,7.084176127455123,7.103534346568744,1216.2581647970042
2025-01-27,1137.37,7.0364738585797095,7.102326431045918,1214.789914619594
2025-01-28,1134.21,7.033691652328223,7.101109265857113,1213.312214109052
2025-01-29,1134.4,7.033859155777863,7.099883311487332,1211.8256601081293
2025-01-30,1149.34,7.046943143562689,7.0986490363611106,1210.3308565277493
2025-01-31,1131.09,7.030937048546967,7.097406916812466,1208.8284142101872
2025-02-03,1131.7,7.031476205971896,7.09615743705101,1207.318950789937
2025-02-04,1142.14,7.040658974646135,7.094901089124133,1205.8030905523533
2025-02-05,1171.03,7.065638982398503,7.093638372875162,1204.2814642901367
2025-02-06,1182.0,7.074963197966044,7.092369795897387,1202.7547091577314
2025-02-07,1183.89,7.076560905722571,7.0910958734838765,1201.223468523747
2025-02-10,1207.66,7.096439881924676,7.0898171285729825,1199.6883918214646
2025-02-11,1218.18,7.105113220602205,7.0885340916894055,1198.1501343974855
2025-02-12,1220.13,7.106712689427518,7.087247300880766,1196.609357358644
2025-02-13,1235.8,7.119473812626879,7.085957301649545,1195.0667274172226
2025-02-14,1252.83,7.133160271309983,7.08466464688031,1193.522916734564
2025-02-18,1280.06,7.154662230815064,7.083369896762117,1191.9786027631421
2025-02-19,1296.79,7.167647259102407,7.0820736187059925,1190.4344680871802
2025-02-20,1325.15,7.1892809395600015,7.080776387257366,1188.8912002618456
2025-02-21,1304.22,7.173360439912829,7.079478784003395,1187.349491651147
2025-02-24,1262.6,7.140928365933525,7.078181397475025,1185.8100392645415
2025-02-25,1253.72,7.133870410774507,7.076884823043717,1184.2735445923468
2025-02-26,1252.92,7.133232106090019,7.075589662812709,1182.7407134399991
2025-02-27,1228.16,7.1132723933792805,7.07429652550272,1181.2122557612238
2025-02-28,1224.73,7.110475690522113,7.073006026331985,1179.6888854901547
2025-03-03,1193.79,7.084888399086967,7.071718786890504,1178.1713203724603
2025-03-04,1200.14,7.090193495637732,7.070435435008411,1176.6602817955231
2025-03-05,1234.2,7.118178265886966,7.069156604618331,1175.1564946176761
2025-03-06,1203.37,7.092881233108716,7.0678829356116415,1173.6606869965876
2025-03-07,1208.0,7.0967213784947605,7.066615073688509,1172.1735902167645
2025-03-10,1187.97,7.080001247078488,7.065353670201606,1170.6959385162424
2025-03-11,1195.96,7.086704489135233,7.064099381993367,1169.2284689124283
2025-03-12,1200.94,7.090859862463996,7.062852871226727,1167.7719210271741
2025-03-13,1182.58,7.075453771354664,7.061614805209178,1166.3270369110255
2025-03-14,1226.28,7.111740475412118,7.060385856210061,1164.894560866662
2025-03-17,1237.67,7.120985858745311,7.05916670127099,1163.4752392715502
2025-03-18,1222.14,7.108358699454104,7.0579580220092755,1162.0698203997451
2025-03-19,1206.98,7.095876650951962,7.0567605044142585,1160.679054242852
2025-03-20,1197.68,7.088141631141581,7.055574838636441,1159.303692330107
2025-03-21,1192.59,7.083882691612764,7.0544017187693,1157.9444875475301
2025-03-24,1200.82,7.090759935743508,7.0532418426236845,1156.6021939561197
2025-03-25,1175.4,7.0693637941785505,7.052095911494696,1155.2775666090185
2025-03-26,1165.79,7.061154247774008,7.050964629920925,1153.9713613675895
2025-03-27,1152.14,7.0493763616497125,7.049848705435967,1152.684334716336
2025-03-28,1132.94,7.032571302873762,7.048748848312106,1151.4172435765747
2025-03-31,1129.91,7.029893262516775,7.047665771296049,1150.1708451187676
2025-04-01,1140.75,7.039441219807512,7.046600189336647,1148.9458965734216
2025-04-02,1151.32,7.048664389195545,7.045552819304464,1147.7431550404197
2025-04-03,1128.02,7.028219162397274,7.04452437970314,1146.56337729669
2025-04-04,1068.16,6.973692821033415,7.043515590372414,1145.4073196020454
2025-04-07,1039.52,6.94651434713222,7.042527172182761,1144.2757375030806
2025-04-08,1003.68,6.911428524348433,7.041559846721507,1143.169385634933
2025-04-09,1051.45,6.957925442894713,7.040614335970379,1142.0890175207758
2025-04-10,1047.72,6.954371653610717,7.03969136197438,1141.0353853688237
2025-04-11,1062.51,6.968389312518988,7.0387916465019185,1140.0092398666952
2025-04-14,1078.93,6.983725088269517,7.037915910696119,1139.0113299728903
2025-04-15,1077.02,6.981953247086102,7.037064874717229,1138.0424027051827
2025-04-16,1065.82,6.97149973493338,7.0362392573760815,1137.10320292571
2025-04-17,1081.29,6.985910051781473,7.035439775758506,1136.1944731224737
2025-04-21,1062.84,6.968699849609492,7.034667144840663,1135.3169531870274
2025-04-22,1078.51,6.983335737923452,7.033922077095232,1134.4713801880675
2025-04-23,1090.27,6.994180650971037,7.033205282088402,1133.6584881406427
2025-04-24,1100.05,7.00311091229889,7.032517466067613,1132.87900777067
2025-04-25,1111.31,7.013294778621375,7.031859331540022,1132.1336662744625
2025-04-28,1117.32,7.018688239688439,7.031231576841643,1131.4231870729259
2025-04-29,1135.27,7.034625787087798,7.030634895697142,1130.7482895600824
2025-04-30,1151.09,7.048464598540739,7.030069976770258,1130.109688845566
2025-05-01,1158.41,7.054803654190876,7.02953750320483,1129.5080954907155
2025-05-02,1187.04,7.079218092441216,7.029038152156444,1128.944215237886
2025-05-05,1186.25,7.078552349924138,7.028572594314657,1128.418748732559
2025-05-06,1185.72,7.078105463994872,7.02814149341584,1127.9323912378482
2025-05-07,1174.99,7.069014915903746,7.02774550574664,1127.4858323409694
2025-05-08,1168.16,7.063185140307776,7.027385279638072,1127.0797556512236
2025-05-09,1173.61,7.067839747583199,7.027061454950296,1126.7148384890336
2025-05-12,1185.54,7.077953645973781,7.026774662548097,1126.391751565562
2025-05-13,1183.04,7.075842675748267,7.02652552376713,1126.1111586524248
2025-05-14,1190.93,7.082489793488654,7.026314649870979,1125.8737162409848
2025-05-15,1195.82,7.086587421511823,7.0261426414991215,1125.6800731907267
2025-05-16,1215.15,7.10262280494461,7.026010088105848,1125.530870366174
2025-05-19,1214.4,7.102005406641365,7.025917567390266,1125.4267402618082
2025-05-20,1212.74,7.1006375413687985,7.025865644717458,1125.3683066144324
2025-05-21,1209.06,7.097598477174937,7.025854872530937,1125.3561840024229
2025-05-22,1198.7,7.088992915213054,7.025885789756527,1125.3909774312874
2025-05-23,1197.87,7.088300258596987,7.025958921197786,1125.473281904933
2025-05-27,1207.69,7.0964647230450115,7.026074776923176,1125.6036819820672
2025-05-28,1196.33,7.08701381618417,7.0262338516451095,1125.7827513171105
2025-05-29,1203.3,7.092823061444117,7.026436624091083,1126.0110521850106
2025-05-30,1191.89,7.083295561487866,7.026683556367107,1126.2891349893519
2025-06-02,1209.96,7.098342580193124,7.02697509331363,1126.6175377531117
2025-06-03,1215.69,7.103067095814336,7.027311661854219,1126.9967855914606
2025-06-04,1242.67,7.125017569537208,7.027693670337232,1127.427390165949
2025-06-05,1244.46,7.126456979868842,7.028121507870785,1127.9098491194827
2025-06-06,1245.18,7.127035376761624,7.028595543651266,1128.444645491416
2025-06-09,1250.18,7.131042819929342,7.02911612628575,1129.0322471121644
2025-06-10,1259.99,7.138859063406093,7.029683583108612,1129.6731059766907
2025-06-11,1258.78,7.137898276916592,7.03029821949274,1130.3676575962766
2025-06-12,1263.88,7.141941633491167,7.030960318155666,1131.116320327933
2025-06-13,1241.33,7.123938664440602,7.0316701384610685,1131.9194946808836
2025-06-16,1263.04,7.141276792474482,7.03242791571604,1132.7775625995273
2025-06-17,1256.88,7.136387738639342,7.033233860464573,1133.6908867223137
2025-06-18,1259.75,7.138668567560708,7.034088157777743,1134.6598096159896
2025-06-20,1257.38,7.1367854699850195,7.03499096654109,1135.6846529847064
2025-06-23,1262.7,7.141007564444634,7.035942418739709,1136.7657168534697
2025-06-24,1294.48,7.165864349091553,7.036942618741621,1137.903278725499
2025-06-25,1278.03,7.15307510884037,7.037991642580001,1139.09759271305
2025-06-26,1271.83,7.148212087169663,7.039089537234864,1140.3488886413236
2025-06-27,1285.03,7.158537343360301,7.040236319914883,1141.6573711251212
2025-06-30,1293.99,7.1654857470557145,7.041431977339956,1143.0232186179264
2025-07-01,1284.67,7.158257155009634,7.042676465025298,1144.4465824332242
2025-07-02,1296.72,7.1675932782039204,7.043969706567737,1145.9275857378163
2025-07-03,1305.82,7.174586474916447,7.0453115929350245,1147.4663225170748
2025-07-07,1281.07,7.155450945212504,7.046701981758945,1149.0628565120403
2025-07-08,1285.1,7.158591815313096,7.048140696633093,1150.7172201284418
2025-07-09,1285.6,7.158980814423303,7.049627526416162,1152.4294133177107
2025-07-10,1286.13,7.159392988335419,7.051162224541716,1154.199402430244
2025-07-11,1288.24,7.16103222470974,7.052744508335342,1156.0271190411836
2025-07-14,1297.06,7.167855443847843,7.054374058340236,1157.91245874914
2025-07-15,1317.25,7.183301509089395,7.056050517652214,1159.855279948384
2025-07-16,1327.99,7.191421799887546,7.057773491265273,1161.8554025751528
2025-07-17,1335.23,7.1968588406392495,7.059542545428783,1163.9126068288388
2025-07-18,1345.01,7.204156726952538,7.061357207017511,1166.0266318689835
2025-07-21,1340.72,7.200962062076618,7.0632169629156625,1168.1971744891205
2025-07-22,1344.42,7.20371797226514,7.065121259416226,1170.4238877687187
2025-07-23,1356.84,7.212913745735154,7.067069501636889,1172.7063797045605
2025-07-24,1359.89,7.215159093106003,7.069061052953919,1175.0442118231604
2025-07-25,1355.34,7.211807624347239,7.071095234455365,1177.4368977759273
2025-07-28,1348.83,7.206992828993124,7.07317132441507,1179.88390191904
2025-07-29,1340.75,7.200984437863035,7.075288557788975,1182.3846378801677
2025-07-30,1329.66,7.1926785494368115,7.07744612573525,1184.9384671143803
2025-07-31,1329.12,7.1922723480907615,7.079643175159899,1187.5446974518684
2025-08-01,1304.25,7.173383441902502,7.081878808289442,1190.2025816402572
2025-08-04,1323.93,7.188359865008646,7.0841520822724275,1192.9113158846137
2025-08-05,1321.04,7.186174584154733,7.086462008811506,1195.670038388449
2025-08-06,1309.31,7.177255559873524,7.0888075538279045,1198.4778278993215
2025-08-07,1318.19,7.184014862487584,7.0911876371601625,1201.3337022629091
2025-08-08,1308.39,7.176552652712368,7.0936011322990575,1204.236616989689
2025-08-11,1310.21,7.17794270869118,7.096046866160719,1207.1854638387035
2025-08-12,1318.95,7.184591244493121,7.098523618899945,1210.1790694231288
2025-08-13,1318.04,7.183901063615588,7.101030123765851,1213.2161938427455
2025-08-14,1305.96,7.17469368149597,7.103565067001976,1216.2955293486734
2025-08-15,1304.91,7.173889351861322,7.106127087793083,1219.4156990460933
2025-08-18,1306.78,7.17532137504904,7.108714778260895,1222.575255640987
2025-08-19,1301.89,7.171572333792356,7.111326683511121,1225.7726802372881
2025-08-20,1303.43,7.172754530358887,7.113961301734122,1229.006381191145
2025-08-21,1294.65,7.165995667333776,7.116617084361684,1232.2746930293763
2025-08-22,1321.67,7.186651367465754,7.119292436282361,1235.5758754395058
2025-08-25,1316.94,7.1830661426189195,7.121985716117959,1238.9081123391336
2025-08-26,1316.66,7.1828535059231005,7.124695236563743,1242.2695110327313
2025-08-27,1317.02,7.183126887656828,7.1274192647950265,1245.6581014642761
2025-08-28,1320.87,7.186045889384483,7.130156022942852,1249.0718355744884
2025-08-29,1316.83,7.182982612166326,7.132903688641492,1252.5085867717305
2025-09-02,1290.92,7.1631104214595,7.135660395650606,1255.966149525973
2025-09-03,1276.32,7.15173621616282,7.138424234554857,1259.4422390954844
2025-09-04,1273.2,7.149288695407938,7.141193253543908,1262.9344913962268
2025-09-05,1289.92,7.162335479928801,7.143965459275706,1266.4404630241634
2025-09-08,1288.46,7.161202985761112,7.146738817826032,1269.9576314409574
2025-09-09,1309.61,7.177484661947136,7.149511255727301,1273.4833953337215
2025-09-10,1334.84,7.196566713464477,7.152280661099649,1277.0150751596805
2025-09-11,1364.35,7.218433403728179,7.15504488487737,1280.5499138867863
2025-09-12,1372.68,7.224520312325582,7.157801742133756,1284.0850779413743
2025-09-15,1379.27,7.22930965268181,7.1605490135074605,1287.617658374107
2025-09-16,1383.63,7.232465759395166,7.16328444673347,1291.1446722554315
2025-09-17,1392.99,7.239207795003141,7.166005758281793,1294.6630643117655
2025-09-18,1407.4,7.249499309532449,7.168710635106999,1298.169708813607
2025-09-19,1405.27,7.2479847341239045,7.171396736511674,1301.661411726581
2025-09-22,1433.81,7.268090515867877,7.174061696126906,1305.134913136292
2025-09-23,1432.83,7.267406788550756,7.176703124012844,1308.5868899576028
2025-09-24,1428.22,7.264184192657906,7.179318608882377,1312.0139589386424
2025-09-25,1427.09,7.26339268486436,7.181905720450894,1315.4126799694393
2025-09-26,1416.52,7.255958438479048,7.184462011915105,1318.779559704683
2025-09-29,1415.04,7.254913078229027,7.18698502256374,1322.111055509473
2025-09-30,1425.99,7.262621588326931,7.189472280522972,1325.4035797364024
2025-10-01,1446.74,7.2770680283858225,7.191921305639256,1328.6535043415354
2025-10-02,1469.91,7.29295645340869,7.19432961250218,1331.8571658460628
2025-10-03,1472.47,7.294696541803767,7.196694713609859,1335.0108706495635
2025-10-06,1484.85,7.303069036033926,7.199014122679193,1338.1109006997558
2025-10-07,1481.33,7.300695611863857,7.20128535810325,1341.1535195226193
2025-10-08,1496.18,7.310670472152064,7.203505946557781,1344.1349786155108
2025-10-09,1503.96,7.3158569084114315,7.205673426758792,1347.0515242047354
2025-10-10,1486.99,7.304509221487979,7.20778535337277,1349.8994043675398
2025-10-13,1503.14,7.315311532454313,7.209839301081071,1352.6748765171676
2025-10-14,1495.83,7.310436515713685,7.211832868799626,1355.3742152479697
2025-10-15,1531.24,7.333833143659468,7.213763684054898,1357.993720535955
2025-10-16,1534.18,7.3357513153302,7.2156294075167215,1360.5297262884467
2025-10-17,1514.64,7.322933065944094,7.2174277376883245,1362.9786092346662
2025-10-20,1545.64,7.343193343040559,7.219156415753502,1365.3367981472259
2025-10-21,1522.03,7.327800249134076,7.2208132305805,1367.6007833825024
2025-10-22,1502.33,7.314772515249276,7.222396023881776,1369.76712672586
2025-10-23,1526.25,7.330569025424914,7.223902695528365,1371.832471525648
2025-10-24,1547.72,7.344538159236203,7.225331209017073,1373.793553097718
2025-10-27,1576.03,7.362664305769646,7.22667959708822,1375.6472093800908
2025-10-28,1563.36,7.354592630196033,7.22794596749112,1377.390391815243
2025-10-29,1560.04,7.352466740940498,7.229128508893829,1379.0201764352278
2025-10-30,1555.78,7.3497323065672795,7.230225496933113,1380.5337751227512
2025-10-31,1557.51,7.350843671186743,7.231235300399891,1381.9285470191003
2025-11-03,1552.95,7.347911626880232,7.232156387554631,1383.2020100477134
2025-11-04,1515.48,7.323487499446079,7.232987332566486,1384.351852520123
2025-11-05,1532.76,7.334825310842686,7.233726822069026,1385.3759447889565
2025-11-06,1518.56,7.325517796382182,7.234373661824622,1386.2723509107964
2025-11-07,1514.95,7.323137714098519,7.234926783488554,1387.0393402798577
2025-11-10,1543.4,7.341743054023503,7.235385251462921,1387.6753991917421
2025-11-11,1532.51,7.334662193074558,7.2357482698294096,1388.1792422949904
2025-11-12,1511.5,7.320857814219512,7.236015189348802,1388.549823886704
2025-11-13,1455.7,7.283242163570615,7.2361855145139735,1388.786349007325
2025-11-14,1449.73,7.279132611179412,7.236258910641861,1388.8882842885869
2025-11-17,1444.38,7.275435442727543,7.236235210988557,1388.8553685078193
2025-11-18,1423.85,7.26111974934493,7.23611442387032,1388.6876228011731
2025-11-19,1416.12,7.2556760164256575,7.2358967397718095,1388.3853604879343
2025-11-20,1387.49,7.23525163838741,7.2355825384213395,1387.9491964579481
2025-11-21,1373.76,7.225306785036196,7.235172395811327,1387.380056074288
2025-11-24,1413.68,7.253951512499801,7.23466709114043,1386.679183543639
2025-11-25,1414.66,7.254644498519316,7.234067613652114,1385.8481497075134
2025-11-26,1430.8,7.265989007384863,7.233375169342525,1384.8888592082476
2025-11-28,1456.12,7.283530642942907,7.232591187508667,1383.8035569849176
2025-12-01,1446.14,7.2766532168425835,7.231717327105837,1382.5948340556454
2025-12-02,1447.64,7.277689923250358,7.230755482881239,1381.2656325444236
2025-12-03,1462.08,7.287615358374906,7.229707791248507,1379.8192499124198
2025-12-04,1468.64,7.292092081470781,7.228576635865675,1378.2593423557876
2025-12-05,1490.68,7.306987670670652,7.227364652876801,1376.5899273342502
2025-12-08,1516.09,7.323889931194798,7.226074735775086,1374.815385197111
2025-12-09,1518.33,7.3253663256338575,7.224710039842903,1372.9404598758974
2025-12-10,1505.66,7.316986619259181,7.223273986121629,1370.9702586154174
2025-12-11,1506.87,7.317789930804671,7.221770264861631,1368.9102507177186
2025-12-12,1480.48,7.30012163850072,7.220202838400139,1366.7662652760437
2025-12-15,1445.37,7.2761206231332745,7.2185759434121,1364.544487878549
2025-12-16,1431.37,7.266387306582699,7.216894092476419,1362.2514562640258
2025-12-17,1407.8,7.249783481174031,7.2151620748973135,1359.8940549142312
2025-12-18,1417.72,7.256805226381065,7.213384956717778,1357.4795085695616
2025-12-19,1444.56,7.275560055907625,7.211568079859496,1355.0153746566405
2025-12-22,1461.84,7.287451195196339,7.209717060320832,1352.5095346178723
2025-12-23,1459.2,7.285643619320067,7.207837785361977,1349.9701841340861
2025-12-24,1470.77,7.293541352156271,7.20593640960371,1347.4058222319322
2025-12-26,1469.38,7.29259582209586,7.204019349963847,1344.8252392676673
2025-12-29,1475.77,7.2969351664599325,7.202093279353096,1342.2375037783418
2025-12-30,1485.94,7.303802847611932,7.200165119049907,1339.6519481899772
2025-12-31,1481.65,7.300911610622704,7.198242029671911,1337.078153370157
2026-01-02,1537.23,7.3377373745033765,7.196331400659858,1334.5259320094422
2026-01-05,1557.68,7.350952813807366,7.194440838188512,1332.0053108120394
2026-01-06,1584.65,7.368118841737739,7.19257815141787,1329.5265114712392
2026-01-07,1577.04,7.363304951257722,7.1907513369973755,1327.0999303991434
2026-01-08,1591.31,7.372312855366568,7.188968561735545,1324.7361171731957
2026-01-09,1615.83,7.387604035527539,7.187238143347761,1322.4457516538946
2026-01-12,1639.19,7.401957496369234,7.185568529195815,1320.239619718789
