Date,COPPER,log_price,log_price_hat,price_hat
2020-10-13,3.0445,1.1133366840664918,1.267490501608899,3.551927811586885
2020-10-14,3.0505,1.11530551160977,1.2683824093645086,3.555097216747821
2020-10-15,3.0855,1.1267137187789846,1.2692742994632655,3.5582693871589672
2020-10-16,3.0675,1.1208628976029293,1.2701661549759016,3.561444264883006
2020-10-19,3.086,1.126875753940969,1.271057958924398,3.5646217915956186
2020-10-20,3.148,1.146767330555157,1.27194969428222,3.567801908585094
2020-10-21,3.1985,1.1626819499080554,1.2728413439745498,3.570984556751947
2020-10-22,3.1535,1.148512947121569,1.2737328908785253,3.5741696766085607
2020-10-23,3.129,1.1407134646867452,1.2746243178234793,3.5773572082788574
2020-10-26,3.0895,1.1280092655188971,1.2755156075911835,3.5805470914979867
2020-10-27,3.0935,1.1293031359889065,1.276406742916094,3.5837392656120355
2020-10-28,3.064,1.1197212518783448,1.2772977064856044,3.586933669577786
2020-10-29,3.06,1.1184149159642893,1.2781884809402906,3.5901302419624432
2020-10-30,3.0515,1.1156332730024126,1.2790790488741735,3.593328920943455
2020-11-02,3.081,1.1252542196145308,1.2799693928349718,3.5965296443083004
2020-11-03,3.0935,1.1293031359889065,1.280859495324367,3.5997323494543405
2020-11-04,3.1095,1.134461941561807,1.2817493387982644,3.6029369733886694
2020-11-05,3.1135,1.1357474953303697,1.2826389056670613,3.606143452728004
2020-11-06,3.157,1.1496222095758546,1.2835281782959185,3.609351723698601
2020-11-09,3.1595,1.1504137872313729,1.2844171390050296,3.612561722136183
2020-11-10,3.1595,1.1504137872313729,1.2853057700699022,3.6157733834859207
2020-11-11,3.1375,1.1434263044579023,1.2861940537216359,3.61898664280242
2020-11-12,3.148,1.146767330555157,1.2870819721471995,3.622201434749724
2020-11-13,3.1805,1.1570384171367218,1.2879695074897253,3.6254176936013867
2020-11-16,3.225,1.170932950247736,1.2888566418487892,3.628635353240523
2020-11-17,3.203,1.164087870627021,1.289743357280706,3.631854347159917
2020-11-18,3.2035,1.1642439620969391,1.2906296357988292,3.6350746084621743
2020-11-19,3.2085,1.1658035382084329,1.2915154593738385,3.6382960698598414
2020-11-20,3.2975,1.1931646056093326,1.292400809934049,3.641518663675622
2020-11-23,3.265,1.1832597627283945,1.2932856693657138,3.6447423218425885
2020-11-24,3.3075,1.1961926170069737,1.2941700195133299,3.64796697590442
2020-11-25,3.318,1.1993621917682529,1.2950538421799491,3.651192557015683
2020-11-26,3.3478,1.2083034136863826,1.2959371191274944,3.6544189959421405
2020-11-27,3.412,1.2272986296294326,1.2968198320770745,3.657646223061085
2020-11-30,3.4335,1.233580149078594,1.2977019627093038,3.6608741683616994
2020-12-01,3.48,1.247032293786383,1.2985834926646302,3.664102761445472
2020-12-02,3.4845,1.2483245618964365,1.299464403543657,3.6673319315266086
2020-12-03,3.4865,1.2488983676789283,1.3003446769074758,3.6705616074324987
2020-12-04,3.521,1.2587450401729154,1.3012242942779988,3.6737917176042107
2020-12-07,3.514,1.2567549897649053,1.3021032371382995,3.6770221900970244
2020-12-08,3.4965,1.2517624681617845,1.3029814869329448,3.680252952580964
2020-12-09,3.5105,1.2557584774751664,1.3038590250683477,3.6834839323414195
2020-12-10,3.5725,1.2732656308218853,1.3047358329131065,3.686715056279742
2020-12-11,3.526,1.2601640839756785,1.3056118917983606,3.6899462509139247
2020-12-14,3.524,1.259596708073933,1.3064871830181417,3.6931774423792794
2020-12-15,3.542,1.2646915393606417,1.307361687829728,3.6964085564291556
2020-12-16,3.5575,1.2690580509818705,1.3082353874540122,3.6996395184357245
2020-12-17,3.6,1.2809338454620642,1.3091082630758577,3.7028702533907465
2020-12-18,3.63,1.2892326482767593,1.309980295844467,3.7061006859064043
2020-12-21,3.5755,1.2741050265063136,1.3108514668737572,3.7093307402161826
2020-12-22,3.519,1.2581768583394481,1.3117217572427309,3.712560340175758
2020-12-23,3.555,1.2683550632552043,1.3125911479958503,3.7157894092639197
2020-12-24,3.5615,1.2701818044362714,1.313459620143425,3.7190178705835657
2020-12-28,3.57,1.2725655957915476,1.314327154661994,3.722245646862702
2020-12-29,3.5535,1.2679330332848129,1.315193732494711,3.7254726604554778
2020-12-30,3.549,1.2666658736643595,1.31605933455174,3.7286988333432785
2020-12-31,3.519,1.2581768583394481,1.3169239417106477,3.731924087135839
2021-01-04,3.5545,1.2682144063874008,1.3177875348168024,3.735148343072396
2021-01-05,3.6395,1.2918463095761756,1.3186500946837807,3.7383715220229043
2021-01-06,3.6505,1.2948641445140034,1.319511602093765,3.7415935444892354
2021-01-07,3.696,1.3072511537794378,1.3203720377979595,3.744814330606474
2021-01-08,3.6735,1.3011448860781951,1.3212313825170048,3.7480338001442344
2021-01-11,3.5645,1.271023791575546,1.322089616941387,3.7512518725079804
2021-01-12,3.6055,1.2824604573746772,1.3229467217318645,3.7544684667404407
2021-01-13,3.617,1.285644952969961,1.323802677519886,3.7576835015230126
2021-01-14,3.6645,1.2986919003837678,1.324657464908027,3.760896895177266
2021-01-15,3.602,1.2814892467537642,1.3255110644704118,3.7641085656664153
2021-01-19,3.6335,1.2901963710745536,1.3263634567531555,3.7673184305968963
2021-01-20,3.6415,1.2923956846758329,1.3272146222747956,3.7705264072199305
2021-01-21,3.6475,1.2940420014148037,1.3280645415267411,3.773732412433181
2021-01-22,3.626,1.2881301123326592,1.3289131949737154,3.776936362782411
2021-01-25,3.6295,1.2890948977427583,1.3297605630542049,3.7801381744631977
2021-01-26,3.6195,1.286335894751059,1.330606626180917,3.783337763322704
2021-01-27,3.5575,1.2690580509818705,1.3314513647412296,3.786535044861444
2021-01-28,3.58,1.275362800412609,1.3322947590976606,3.789729934235161
2021-01-29,3.558,1.2691985892436433,1.3331367895883277,3.792922346256689
2021-02-01,3.5455,1.2656791937619143,1.3339774365274182,3.7961121953978836
2021-02-02,3.5245,1.2597385822317932,1.334816680205662,3.7992993957915964
2021-02-03,3.5655,1.2713042964862213,1.335654500890807,3.8024838612336826
2021-02-04,3.555,1.2683550632552043,1.3364908788280978,3.8056655051850545
2021-02-05,3.627,1.2884058603007653,1.3373257942407655,3.8088442407738055
2021-02-08,3.6665,1.2992375285517173,1.338159227330507,3.8120199807973223
2021-02-09,3.719,1.313454814942933,1.338991158277981,3.8151926377244934
2021-02-10,3.773,1.3278704409821735,1.3398215672433074,3.818362123697957
2021-02-11,3.7735,1.328002952742786,1.3406504343665582,3.8215283505363495
2021-02-12,3.7875,1.3317061708354876,1.3414777397682667,3.8246912297366555
2021-02-16,3.8345,1.3440390482227769,1.3423034635499342,3.827850672476574
2021-02-17,3.8235,1.3411662335021428,1.3431275857945373,3.8310065896169205
2021-02-18,3.905,1.3622577832916491,1.3439500865670484,3.8341588917041136
2021-02-19,4.077,1.4053614238371164,1.3447709459149508,3.837307488972666
2021-02-22,4.1465,1.4222646049091212,1.3455901438687623,3.840452291347744
2021-02-23,4.185,1.4315067039414386,1.3464076604425652,3.8435932084477815
2021-02-24,4.3015,1.4589637990792657,1.3472234756345314,3.8467301495871062
2021-02-25,4.2635,1.450090419199967,1.3480375694274622,3.8498630237786564
2021-02-26,4.0925,1.409156030263153,1.3488499217893248,3.8529917397367117
2021-03-01,4.113,1.4141526892482872,1.3496605126737964,3.8561162058796943
2021-03-02,4.222,1.440308949426129,1.3504693220208104,3.859236330333001
2021-03-03,4.142,1.4211787629733925,1.3512763297571082,3.862352020931896
2021-03-04,3.9785,1.3809048638354524,1.3520815157967934,3.8654631852244408
2021-03-05,4.0755,1.404993438552375,1.3528848600418901,3.868569730474478
2021-03-08,4.093,1.409278197510266,1.353686342382909,3.8716715636646724
2021-03-09,4.0085,1.3884171065008692,1.3544859426994096,3.8747685914995733
2021-03-10,4.0325,1.3943865310172268,1.3552836408605784,3.877860720408774
2021-03-11,4.139,1.4204542127665953,1.3560794167257977,3.880947856550061
2021-03-12,4.14,1.4206957878372228,1.3568732501452292,3.884029905812662
2021-03-15,4.1405,1.4208165534916177,1.3576651209603943,3.887106773820511
2021-03-16,4.0715,1.404011481925049,1.3584550090047673,3.890178365935595
2021-03-17,4.119,1.4156104154539437,1.3592428941043604,3.8932445872613055
2021-03-18,4.108,1.4129362920663118,1.3600287560783266,3.896305342645897
2021-03-19,4.113,1.4141526892482872,1.3608125747395525,3.899360536685929
2021-03-22,4.1395,1.4205750075967234,1.3615943298952704,3.9024100737298313
2021-03-23,4.0795,1.405974431886718,1.3623740013476608,3.905453857881455
2021-03-24,4.064,1.4021677102761807,1.3631515688944695,3.908491793003718
2021-03-25,3.978,1.3807791804317806,1.3639270123296217,3.911523782722279
2021-03-26,4.068,1.4031514781863135,1.3647003114438427,3.9145497304292625
2021-03-29,4.0345,1.3948823783064244,1.3654714460252864,3.9175695392870535
2021-03-30,3.982,1.3817842056420047,1.3662403958601623,3.920583112232123
2021-03-31,4.0,1.3862943611198906,1.3670071407333706,3.923590351978914
2021-04-01,3.994,1.3847932349936236,1.367771660429139,3.926591161023776
2021-04-05,4.1395,1.4205750075967234,1.3685339347316667,3.9295854416489555
2021-04-06,4.118,1.4153676086055977,1.3692939434257712,3.9325730959266387
2021-04-07,4.0575,1.4005670204066092,1.3700516662975346,3.9355540257230235
2021-04-08,4.099,1.4107430415222006,1.3708070831349661,3.938528132702488
2021-04-09,4.0445,1.3973579334758703,1.3715601737286538,3.9414953183317585
2021-04-12,4.0225,1.3919035998844012,1.372310917872436,3.9444554838841843
2021-04-13,4.0365,1.395377979852933,1.3730592953640626,3.9474085304440094
2021-04-14,4.1315,1.418640537159102,1.3738052860058714,3.9503543589107375
2021-04-15,4.223,1.4405457759518066,1.3745488696054626,3.9532928700035295
2021-04-16,4.172,1.428395537138526,1.3752900259763834,3.9562239642656674
2021-04-19,4.243,1.445270566220188,1.3760287349388067,3.9591475420690396
2021-04-20,4.219,1.4395981331422016,1.3767649763202268,3.9620635036187215
2021-04-21,4.2845,1.4550038591270364,1.377498729956151,3.964971748957578
2021-04-22,4.278,1.4534856106602139,1.3782299756907999,3.9678721779709356
2021-04-23,4.34,1.4678743481123135,1.3789586933778042,3.970764690391275
2021-04-26,4.443,1.4913298239537713,1.379684862880921,3.9736491858030356
2021-04-27,4.487,1.5011843269938463,1.3804084640747365,3.9765255636474017
2021-04-28,4.498,1.503632853537124,1.381129476845386,3.9793937232271945
2021-04-29,4.4865,1.5010728877559754,1.381847881091276,3.982253563711805
2021-04-30,4.468,1.4969408812069542,1.3825636567238047,3.985104984142151
2021-05-03,4.5285,1.5103907588328662,1.3832767836680921,3.9879478834357207
2021-05-04,4.5215,1.5088437971983977,1.3839872418637162,3.9907821603916585
2021-05-05,4.524,1.509396558253874,1.3846950112654468,3.9936077136958894
2021-05-06,4.6025,1.5265996341250958,1.385400071843991,3.996424441926319
2021-05-07,4.7485,1.5578287787008702,1.3861024035867373,3.9992322435580605
2021-05-10,4.716,1.5509609826751245,1.3868019864985093,4.00203101696874
2021-05-11,4.762,1.560667748064671,1.3874988006023194,4.004820660443833
2021-05-12,4.736,1.5551928975817044,1.388192825940128,4.007601072182054
2021-05-13,4.6905,1.5455391865838686,1.388884042573612,4.010372150300828
2021-05-14,4.6545,1.5378344935744075,1.3895724305849273,4.01313379284176
2021-05-17,4.7115,1.550006328664674,1.3902579700774869,4.015885897776206
2021-05-18,4.7255,1.5529733754529738,1.3909406411767384,4.01862836301088
2021-05-19,4.5765,1.520934513842697,1.3916204240309447,4.021361086393498
2021-05-20,4.568,1.519075472353709,1.3922972988119697,4.0240839657184875
2021-05-21,4.481,1.499846235804006,1.3929712457160734,4.026796898732754
2021-05-24,4.5255,1.5097280682850884,1.3936422449647017,4.029499783141474
2021-05-25,4.5065,1.5055207990143273,1.3943102768052913,4.0321925166139705
2021-05-26,4.5295,1.5106115581272053,1.3949753215120748,4.034874996789629
2021-05-27,4.666,1.5403021735992384,1.3956373593868836,4.037547121283835
2021-05-28,4.681,1.5435117623179335,1.396296370759969,4.040208787694018
2021-06-01,4.6565,1.5382640929795754,1.3969523359908136,4.042859893605687
2021-06-02,4.595,1.5249687558076503,1.3976052354689594,4.045500336598568
2021-06-03,4.4665,1.4966051041597568,1.3982550496148312,4.048130014252755
2021-06-04,4.5315,1.5110530105126994,1.3989017588805674,4.050748824154919
2021-06-07,4.5295,1.5106115581272053,1.3995453437508614,4.053356663904595
2021-06-08,4.559,1.5171033012313044,1.4001857847437946,4.055953431120467
2021-06-09,4.5345,1.5117148239054854,1.4008230624116857,4.058539023446745
2021-06-10,4.489,1.501629959799795,1.4014571573419419,4.061113338559585
2021-06-11,4.5415,1.5132573539601313,1.4020880501579067,4.063676274173524
2021-06-14,4.531,1.5109426656850011,1.4027157215197241,4.066227728048017
2021-06-15,4.3375,1.4672981452729776,1.4033401521251994,4.068767597993979
2021-06-16,4.3885,1.4789874830500351,1.403961322710666,4.0712957818803925
2021-06-17,4.1825,1.430909153878842,1.4045792140518572,4.073812177640959
2021-06-18,4.1615,1.425875586204013,1.4051938069647845,4.076316683280808
2021-06-21,4.1845,1.4313872224907918,1.4058050823066162,4.078809196883235
2021-06-22,4.2245,1.4409009106107624,1.406413020976564,4.081289616616501
2021-06-23,4.3265,1.4647589010646564,1.4070176039167743,4.083757840740682
2021-06-24,4.307,1.4602416060719736,1.407618812113218,4.086213767614535
2021-06-25,4.2905,1.4564032762650385,1.4082166265965945,4.088657295702455
2021-06-28,4.28,1.4539530095937054,1.4088110284432314,4.09108832358144
2021-06-29,4.2645,1.4503249407770271,1.4094019987759958,4.093506749948127
2021-06-30,4.289,1.4560536055347433,1.4099895187652023,4.095912473625848
2021-07-01,4.236,1.44361942773916,1.4105735696295332,4.098305393571752
2021-07-02,4.276,1.4530179931627987,1.4111541326369577,4.100685408883963
2021-07-06,4.251,1.4471542493766532,1.4117311891056588,4.103052418808778
2021-07-07,4.3225,1.4638339385753085,1.4123047204049648,4.1054063227479265
2021-07-08,4.2645,1.4503249407770271,1.4128747079562796,4.107747020265833
2021-07-09,4.3455,1.4691408268953778,1.4134411332340262,4.110074411096973
2021-07-12,4.316,1.462329047395888,1.4140039777665878,4.112388395153229
2021-07-13,4.307,1.4602416060719736,1.4145632231372574,4.114688872531319
2021-07-14,4.2675,1.4510281756864587,1.4151188509851886,4.116975743520239
2021-07-15,4.323,1.4639496056854948,1.415670843006354,4.119248908608771
2021-07-16,4.323,1.4639496056854948,1.4162191809545064,4.1215082684930175
2021-07-19,4.2015,1.435441604386136,1.416763846642142,4.123753724083967
2021-07-20,4.263,1.4499731377830734,1.4173048219414748,4.125985176515131
2021-07-21,4.272,1.4520821016578938,1.4178420887854082,4.128202527150185
2021-07-22,4.3375,1.4672981452729776,1.4183756291685152,4.130405677590666
2021-07-23,4.4,1.4816045409242156,1.418905425148021,4.132594529683702
2021-07-26,4.585,1.522790105708428,1.419431458844791,4.134768985529785
2021-07-27,4.5445,1.5139177105766881,1.4199537124443244,4.136928947490579
2021-07-28,4.482,1.5000693753787353,1.4204721681977488,4.13907431819675
2021-07-29,4.5075,1.5057426760953354,1.4209868084228225,4.141205000555861
2021-07-30,4.4655,1.4963811901418036,1.4214976155049386,4.143320897760271
2021-08-02,4.418,1.4856871049979254,1.4220045718981356,4.145421913295088
2021-08-03,4.3755,1.4760207989937486,1.4225076601261113,4.147507950946155
2021-08-04,4.3215,1.463602564210556,1.4230068627832408,4.149578914808057
2021-08-05,4.334,1.4664909031141673,1.4235021625356004,4.151634709292179
2021-08-06,4.339,1.4676439068162137,1.4239935421219905,4.153675239134771
2021-08-09,4.282,1.4544201901674911,1.4244809843549726,4.155700409405078
2021-08-10,4.346,1.4692558818342378,1.424964472121901,4.157710125513472
2021-08-11,4.36,1.472472057360943,1.4254439883859644,4.15970429321963
2021-08-12,4.35,1.4701758451005926,1.425919516187228,4.161682818640731
2021-08-13,4.3825,1.4776193378132525,1.426391038643683,4.163645608259689
2021-08-16,4.32,1.463255402256019,1.4268585389523007,4.165592568933422
2021-08-17,4.2015,1.435441604386136,1.4273220003900873,4.167523607901136
2021-08-18,4.117,1.4151247427877676,1.4277814063151446,4.169438632792632
2021-08-19,4.0405,1.3963684466913653,1.4282367401677372,4.1713375516366575
2021-08-20,4.1255,1.4171872245622608,1.4286879854713594,4.173220272869267
2021-08-23,4.221,1.4400720668003617,1.4291351258338123,4.175086705342222
2021-08-24,4.26,1.449269160281279,1.429578144948278,4.176936758331401
2021-08-25,4.27,1.451613827240533,1.430017026594402,4.178770341545231
2021-08-26,4.252,1.4473894604797015,1.4304517546393822,4.180587365133172
2021-08-27,4.3235,1.4640652594183479,1.430882313039055,4.182387739694178
2021-08-30,4.371,1.4749918158811777,1.4313086858389923,4.184171376285217
2021-08-31,4.37,1.4747630091074988,1.431730857175599,4.1859381864297935
2021-09-01,4.274,1.4525501568969559,1.432148811277214,4.187688082126488
2021-09-02,4.2995,1.4584987368688143,1.4325625324652185,4.1894209758575265
2021-09-03,4.331,1.4657984622324898,1.4329720051551453,4.191136780597364
2021-09-07,4.2795,1.4538361803395272,1.4333772138577943,4.192835409821284
2021-09-08,4.2325,1.4427928350251533,1.4337781431803482,4.194516777514006
2021-09-09,4.284,1.4548871525855023,1.4341747778274978,4.196180798178328
2021-09-10,4.45,1.4929040961781488,1.4345671026025673,4.197827386843768
2021-09-13,4.365,1.4736181892915656,1.4349551024086438,4.199456459075224
2021-09-14,4.319,1.463023893978564,1.4353387622497111,4.201067930981643
2021-09-15,4.404,1.4825132188604335,1.4357180672317902,4.202661719224719
2021-09-16,4.28,1.4539530095937054,1.4360930025640772,4.204237741027573
2021-09-17,4.2445,1.4456240271958856,1.4364635535600931,4.205795914183477
2021-09-20,4.1135,1.414274247626848,1.4368297056388295,4.207336157064554
2021-09-21,4.126,1.4173084146490602,1.4371914443259046,4.208858388630519
2021-09-22,4.252,1.4473894604797015,1.4375487552547186,4.2103625284373996
2021-09-23,4.231,1.4424383717379303,1.437901624167616,4.2118484966462875
2021-09-24,4.2845,1.4550038591270364,1.4382500369170474,4.21331621403207
2021-09-27,4.291,1.4565198060093878,1.4385939794667415,4.214765601992199
2021-09-28,4.2485,1.446565979461459,1.4389334378928726,4.216196582555427
2021-09-29,4.199,1.4348464017020561,1.4392683983852401,4.2176090783905815
2021-09-30,4.089,1.4083004413825053,1.439598847248444,4.219003012815312
2021-10-01,4.1885,1.4323426746117272,1.4399247709030707,4.220378309804866
2021-10-04,4.2385,1.4442094330663233,1.4402461558868773,4.221734894000839
2021-10-05,4.1925,1.4332972147152268,1.440562988855981,4.2230726907199365
2021-10-06,4.1475,1.4225057430824626,1.440875256586054,4.224391625962741
2021-10-07,4.2435,1.4453884004275945,1.4411829459735193,4.225691626422463
2021-10-08,4.2755,1.452901054613873,1.4414860440367496,4.226972619493693
2021-10-11,4.3665,1.4739617728716505,1.4417845379172731,4.228234533281154
2021-10-12,4.3255,1.464527740638292,1.4420784148809793,4.229477296608445
2021-10-13,4.516,1.5076266462874155,1.4423676623193293,4.230700839026773
2021-10-14,4.6315,1.5328807897119452,1.4426522677505687,4.23190509082368
2021-10-15,4.7295,1.553819488671088,1.4429322188209455,4.233089983031772
2021-10-18,4.7255,1.5529733754529738,1.44320750330593,4.234255447437419
2021-10-19,4.703,1.548200602962911,1.443478109111437,4.235401416589455
2021-10-20,4.7345,1.5548761244414178,1.4437440242750545,4.236527823807875
2021-10-21,4.5585,1.5169936220428204,1.4440052369672707,4.237634603192499
2021-10-22,4.498,1.503632853537124,1.4442617354927085,4.238721689631636
2021-10-25,4.528,1.5102803409008818,1.4445135082913607,4.239789018810732
2021-10-26,4.486,1.5009614360980166,1.4447605439398292,4.2408365272209965
2021-10-27,4.3895,1.4792153253841265,1.4450028311525651,4.24186415216801
2021-10-28,4.4275,1.4878350906748516,1.4452403587831166,4.242871831780334
2021-10-29,4.359,1.4722426732562555,1.4454731158253742,4.243859505018069
2021-11-01,4.379,1.4768203878192612,1.4457010914148218,4.244827111681417
2021-11-02,4.3515,1.4705206132474313,1.4459242748297902,4.245774592419213
2021-11-03,4.309,1.460705858633701,1.4461426554927137,4.246701888737436
2021-11-04,4.309,1.460705858633701,1.4463562229713887,4.247608943007697
2021-11-05,4.3355,1.4668369438350781,1.4465649669802354,4.2484956984757
2021-11-08,4.3945,1.4803537590225628,1.446768877381562,4.249362099269674
2021-11-09,4.3725,1.47533492791062,1.4469679441868315,4.250208090408792
2021-11-10,4.323,1.4639496056854948,1.4471621575579323,4.2510336178115455
2021-11-11,4.398,1.4811498921325694,1.4473515078084493,4.251838628304099
2021-11-12,4.447,1.4922297115285594,1.4475359854049383,4.252623069628608
2021-11-15,4.4005,1.4817181708317293,1.4477155809682039,4.253386890451516
2021-11-16,4.3545,1.4712097931506571,1.4478902852745779,4.254130040371808
2021-11-17,4.268,1.4511453334395068,1.4480600892572024,4.254852469929238
2021-11-18,4.305,1.459777137879694,1.448224984007313,4.2555541306125155
2021-11-19,4.4,1.4816045409242156,1.448384960775525,4.256234974867462
2021-11-22,4.3975,1.4810361976295763,1.4485400109731223,4.256894956105125
2021-11-23,4.4235,1.4869312379413036,1.448690126173349,4.25753402870986
2021-11-24,4.4645,1.4961572259751341,1.4488352981126993,4.258152148047364
2021-11-25,4.44,1.4906543764441336,1.4489755186922166,4.258749270472684
2021-11-26,4.2875,1.4557038124920583,1.449110779978787,4.259325353338165
2021-11-29,4.3415,1.4682199105185627,1.4492410742064394,4.25988035500137
2021-11-30,4.2805,1.4540698252004034,1.4493663937776464,4.2604142348329495
2021-12-01,4.247,1.446212851331134,1.4494867312646265,4.260926953224466
2021-12-02,4.2995,1.4584987368688143,1.4496020794106486,4.261418471596177
2021-12-03,4.266,1.4506766200491588,1.449712431131338,4.261888752404767
2021-12-06,4.3375,1.4672981452729776,1.4498177795159841,4.262337759151026
2021-12-07,4.339,1.4676439068162137,1.44991811782885,4.262765456387495
2021-12-08,4.3925,1.4798985410791152,1.4500134395104838,4.2631718097260425
2021-12-09,4.332,1.466029329138744,1.4501037381790296,4.263556785845396
2021-12-10,4.285,1.4551205520497432,1.4501890076315433,4.263920352498631
2021-12-13,4.2815,1.4543034154841097,1.4502692418453063,4.2642624785205845
2021-12-14,4.255,1.4480947620253375,1.4503444349791426,4.264583133835233
2021-12-15,4.1805,1.4304308566079755,1.4504145813747376,4.264882289463008
2021-12-16,4.3025,1.4591962491035575,1.450479675557955,4.265159917528047
2021-12-17,4.2925,1.4568693137894937,1.450539712240159,4.265415991265398
2021-12-20,4.29,1.4562867329399256,1.4505946863195343,4.26565048502815
2021-12-21,4.3425,1.468450219133123,1.4506445928824088,4.265863374294523
2021-12-22,4.389,1.479101410706097,1.4506894272045767,4.266054635674876
2021-12-23,4.3895,1.4792153253841265,1.4507291847526218,4.266224246918658
2021-12-27,4.4695,1.4972765455457702,1.4507638611852438,4.266372186921307
2021-12-28,4.4295,1.48828671086995,1.4507934523545822,4.266498435731067
2021-12-29,4.41,1.4838746894587547,1.4508179543075435,4.266602974555746
2021-12-30,4.3925,1.4798985410791152,1.4508373632871276,4.266685785769411
2021-12-31,4.4635,1.4959332116372797,1.4508516757337555,4.266746852919007
2022-01-03,4.4215,1.4864790050336527,1.4508608882865954,4.2667861607309066
2022-01-04,4.475,1.4985063517268187,1.450864997784894,4.266803695117403
2022-01-05,4.4135,1.4846680254781506,1.450864001269301,4.266799443183107
2022-01-06,4.3545,1.4712097931506571,1.4508578959832013,4.266773393231297
2022-01-07,4.41,1.4838746894587547,1.4508466793740402,4.266725534770172
2022-01-10,4.352,1.4706355095536416,1.4508303490946557,4.26665585851905
2022-01-11,4.429,1.4881738249410612,1.4508089030046047,4.266564356414476
2022-01-12,4.5765,1.520934513842697,1.450782339171494,4.266451021616267
2022-01-13,4.546,1.5142477254303515,1.4507506558723056,4.266315848513452
2022-01-14,4.4205,1.486252811863722,1.4507138515947282,4.2661588327301745
2022-01-18,4.3825,1.4776193378132525,1.4506719250384834,4.265979971131476
2022-01-19,4.47,1.4973884086254774,1.4506248751166546,4.265779261829027
2022-01-20,4.5825,1.522244700731723,1.4505727009570115,4.265556704186748
2022-01-21,4.524,1.509396558253874,1.4505154019033397,4.265312298826379
2022-01-24,4.4125,1.484441422259415,1.4504529775167643,4.265046047632943
2022-01-25,4.45,1.4929040961781488,1.4503854275770758,4.264757953760127
2022-01-26,4.515,1.5074051868689486,1.4503127520840542,4.264448021635592
2022-01-27,4.4235,1.4869312379413036,1.4502349512587918,4.26411625696617
2022-01-28,4.3125,1.461517782357478,1.4501520255450164,4.263762666743003
2022-01-31,4.3265,1.4647589010646564,1.4500639756104117,4.263387259246572
2022-02-01,4.4315,1.4887381271963156,1.449970802347937,4.26299004405164
2022-02-02,4.4935,1.502631908116291,1.4498725068771467,4.262571032032115
2022-02-03,4.472,1.497835735852798,1.4497690905455072,4.262130235365809
2022-02-04,4.49,1.501852701754163,1.449660554929712,4.26166766753911
2022-02-07,4.4675,1.4968289680514462,1.449546901836997,4.261183343351563
2022-02-08,4.4645,1.4961572259751341,1.4494281333064518,4.260677278920349
2022-02-09,4.602,1.5264909916131741,1.4493042516103318,4.260149491684681
2022-02-10,4.658,1.5385861714621494,1.4491752592553655,4.259600000410088
2022-02-11,4.5085,1.5059645039578242,1.4490411589840637,4.259028825192628
2022-02-14,4.507,1.5056317437085112,1.4489019537760213,4.258435987462965
2022-02-15,4.5345,1.5117148239054854,1.4487576468492223,4.257821509990388
2022-02-16,4.5395,1.512816873829675,1.4486082416613404,4.257185416886709
2022-02-17,4.5265,1.509949013933358,1.4484537419110337,4.256527733610049
2022-02-18,4.524,1.509396558253874,1.4482941515392445,4.255848486968565
2022-02-22,4.5145,1.5072944387653968,1.4481294747304896,4.255147705124029
2022-02-23,4.4855,1.5008499720172013,1.4479597159141508,4.254425417595334
2022-02-24,4.458,1.494700234963677,1.4477848797657638,4.253681655261887
2022-02-25,4.485,1.5007384955107594,1.4476049712083003,4.252916450366898
2022-02-28,4.4545,1.4939148211785616,1.4474199954134517,4.25212983652057
2022-03-01,4.5965,1.5252951443216722,1.4472299578029058,4.251321848703176
2022-03-02,4.6655,1.5401950096919395,1.447034864049624,4.25049252326804
2022-03-03,4.7815,1.5647543048074604,1.4468347200791087,4.249641897944392
2022-03-04,4.9375,1.5968591302272404,1.4466295320706777,4.248770011840153
2022-03-07,4.731,1.554136596649011,1.4464193064587234,4.24787690544457
2022-03-08,4.71,1.5496879080283263,1.4462040499339763,4.246962620630766
2022-03-09,4.5725,1.5200601012828836,1.4459837694447624,4.246027200658188
2022-03-10,4.6525,1.5374047095342687,1.4457584721982544,4.2450706901749165
2022-03-11,4.6255,1.531584473229236,1.4455281656617218,4.244093135219895
2022-03-14,4.523,1.509175490495706,1.4452928575637776,4.243094583225041
2022-03-15,4.513,1.506962120844864,1.445052555895615,4.242075083017228
2022-03-16,4.6005,1.526164993240279,1.4448072689122469,4.2410346848201765
2022-03-17,4.702,1.5479879501178777,1.4445570051337344,4.239973440256227
2022-03-18,4.7395,1.5559316449109593,1.4443017733464163,4.238891402347997
2022-03-21,4.7105,1.5497940595065853,1.44404158260413,4.237788625519932
2022-03-22,4.7,1.547562508716013,1.4437764422294284,4.236665165599729
2022-03-23,4.7765,1.5637080607279261,1.4435063618147905,4.235521079819658
2022-03-24,4.7425,1.5565644228270321,1.4432313512238324,4.234356426817776
2022-03-25,4.6985,1.5472433088409827,1.4429514205925016,4.233171266638995
2022-03-28,4.7255,1.5529733754529738,1.4426665803302805,4.231965660736081
2022-03-29,4.731,1.554136596649011,1.4423768411213713,4.230739671970492
2022-03-30,4.7525,1.5586707953804473,1.4420822139258824,4.229493364613132
2022-03-31,4.752,1.5585655820603437,1.4417827099810068,4.228226804344971
2022-04-01,4.6905,1.5455391865838686,1.4414783408021932,4.226940058257554
2022-04-04,4.7825,1.5649634223322708,1.4411691181843165,4.225633194853407
2022-04-05,4.7965,1.5678864852758652,1.4408550542028329,4.224306284046294
2022-04-06,4.741,1.5562480839199813,1.4405361612149348,4.222959397161384
2022-04-07,4.704,1.5484132105963258,1.4402124518606993,4.2215926069352925
2022-04-08,4.7315,1.5542422769661501,1.4398839390642273,4.220205987516004
2022-04-11,4.641,1.5349298602590387,1.4395506360347774,4.218799614462681
2022-04-12,4.7195,1.551702861782862,1.439212556267889,4.217373564745336
2022-04-13,4.7215,1.5521265457209867,1.4388697135465076,4.215927916744424
2022-04-14,4.732,1.5543479461161405,1.4385221219420878,4.214462750250263
2022-04-18,4.812,1.5711127981124324,1.4381697958157056,4.212978146462394
2022-04-19,4.7295,1.553819488671088,1.437812749819149,4.211474187988772
2022-04-20,4.6645,1.5399806474188786,1.4374509988960107,4.20995095884488
2022-04-21,4.7135,1.550430731854068,1.4370845582827658,4.208408544452687
2022-04-22,4.5925,1.5244245381071437,1.436713443509845,4.206847031639513
2022-04-25,4.462,1.4955970960103406,1.4363376704026987,4.205266508636762
2022-04-26,4.4535,1.493690303889787,1.4359572550828543,4.2036670650785535
2022-04-27,4.467,1.4967170423699816,1.4355722139689604,4.2020487920002045
2022-04-28,4.4335,1.4891893398379248,1.4351825637778295,4.2004117818366336
2022-04-29,4.4085,1.4835344955449448,1.4347883215254593,4.19875612842059
2022-05-02,4.268,1.4511453334395068,1.4343895045280628,4.1970819269808395
2022-05-03,4.283,1.454653698633234,1.4339861304030725,4.195389274140162
2022-05-04,4.338,1.4674134124046827,1.4335782170701439,4.193678267913265
2022-05-05,4.2915,1.4566363221761376,1.433165782752147,4.19194900770458
2022-05-06,4.267,1.450911004205863,1.4327488459761486,4.190201594305926
2022-05-09,4.1935,1.4335357074423292,1.4323274255743843,4.18843612989407
2022-05-10,4.1545,1.424192084122899,1.4319015406852198,4.186652718028156
2022-05-11,4.209,1.4372250897884336,1.431471210754105,4.184851463647038
2022-05-12,4.1005,1.411108917494329,1.431036455534508,4.183032473066456
2022-05-13,4.175,1.4291143583028187,1.4305972950888568,4.181195853976157
2022-05-16,4.1915,1.4330586650957748,1.430153749789447,4.179341715436828
2022-05-17,4.239,1.4443273923705,1.4297058403193585,4.177470167876976
2022-05-18,4.1785,1.4299523304593538,1.4292535876733476,4.175581323089642
2022-05-19,4.283,1.454653698633234,1.4287970131587382,4.173675294229053
2022-05-20,4.275,1.4527841023887236,1.4283361383962885,4.171752195807087
2022-05-23,4.3455,1.4691408268953778,1.4278709853210603,4.169812143689701
2022-05-24,4.305,1.459777137879694,1.4274015761832644,4.167855255093188
2022-05-25,4.2545,1.447977246307475,1.4269279335491023,4.165881648580349
2022-05-26,4.259,1.4490343909410766,1.4264500803015912,4.163891444056547
2022-05-27,4.3065,1.4601255092470913,1.4259680396413743,4.161884762765626
2022-05-30,4.334,1.4664909031141673,1.4254818350875251,4.159861727285758
2022-05-31,4.299,1.4583824375141445,1.4249914904783316,4.157822461525139
2022-06-01,4.3295,1.465452061905719,1.4244970299720756,4.155767090717613
2022-06-02,4.555,1.5162255307119217,1.4239984780477855,4.153695741418127
2022-06-03,4.4765,1.4988414910920735,1.4234958595059932,4.151608541498157
2022-06-06,4.439,1.4904291258518982,1.4229891994694606,4.1495056201409435
2022-06-07,4.4395,1.4905417574902444,1.4224785233839004,4.147387107836666
2022-06-08,4.4545,1.4939148211785616,1.4219638570186872,4.145253136377515
2022-06-09,4.386,1.4784176499956965,1.42144522646754,4.143103838852606
2022-06-10,4.3025,1.4591962491035575,1.4209226581492045,4.1409393496428475
2022-06-13,4.2195,1.439716637615884,1.420396178808113,4.138759804415659
2022-06-14,4.1665,1.4270763548401244,1.4198658155150328,4.136565340119616
2022-06-15,4.1735,1.4287550123086543,1.419331595667693,4.134356094978949
2022-06-16,4.118,1.4153676086055977,1.4187935469914055,4.1321322084879855
2022-06-17,4.022,1.3917792913504603,1.4182516975396626,4.12989382140546
2022-06-20,4.011,1.3890405867879159,1.4177060756947226,4.127641075748727
2022-06-21,4.0445,1.3973579334758703,1.4171567101681755,4.125374114787866
2022-06-22,3.947,1.37295579668071,1.4166036300015,4.123093083039716
2022-06-23,3.7425,1.3197538373116464,1.4160468645665938,4.120798126261768
2022-06-24,3.744,1.3201545586153456,1.4154864435662928,4.118489391445973
2022-06-27,3.764,1.3254822217231332,1.4149223970348765,4.116167026812483
2022-06-28,3.7785,1.3293271054786375,1.4143547553385503,4.113831181803254
2022-06-29,3.7805,1.3298562760161876,1.413783549175908,4.111482007075552
2022-06-30,3.71,1.3110318766193438,1.4132088095783906,4.109119654495419
2022-07-01,3.604,1.2820443397460914,1.412630567910706,4.106744277130959
2022-07-04,3.584,1.276479495112684,1.4120488558712512,4.1043560292456105
2022-07-05,3.415,1.2281774930227534,1.4114637054925039,4.101955066291282
2022-07-06,3.408,1.2261256089670693,1.4108751491413967,4.099541544901402
2022-07-07,3.572,1.2731256630142527,1.4102832195196773,4.097115622883889
2022-07-08,3.522,1.2590290100740142,1.4096879496642427,4.09467745921402
2022-07-11,3.4305,1.2327060231488085,1.4090893729474643,4.092227214027235
2022-07-12,3.288,1.1902794771939333,1.4084875230774783,4.089765048611809
2022-07-13,3.3225,1.2007175116052633,1.4078824340984717,4.087291125401484
2022-07-14,3.2115,1.1667381177157101,1.4072741403909395,4.084805607967999
2022-07-15,3.234,1.173719761154915,1.4066626766719224,4.082308661013522
2022-07-18,3.346,1.2077656025646322,1.4060480779952254,4.07980045036302
2022-07-19,3.291,1.191191469961203,1.4054303797516154,4.0772811429565365
2022-07-20,3.325,1.2014696741078175,1.4048096176689984,4.07475090684139
2022-07-21,3.2985,1.1934678196807886,1.4041858278125707,4.072209911164292
2022-07-22,3.3495,1.2088110809661852,1.4035590465849568,4.0696583261633945
2022-07-25,3.3545,1.2103027280208056,1.402929310726318,4.06709632316025
2022-07-26,3.3845,1.2192061849665252,1.402296657314443,4.064524074551702
2022-07-27,3.43,1.2325602611778486,1.4016611237648113,4.061941753801692
2022-07-28,3.481,1.2473196088293017,1.4010227478306425,4.059349535433014
2022-07-29,3.575,1.273965176145971,1.400381567602913,4.056747595018965
2022-08-01,3.547,1.2661021757914848,1.399737621510359,4.054136109174969
2022-08-02,3.5225,1.2591709647906981,1.3990909483194438,4.051515255550067
2022-08-03,3.472,1.2447307967981038,1.3984415871343172,4.048885212818414
2022-08-04,3.488,1.2493285060467332,1.3977895773967344,4.046246160670642
2022-08-05,3.559,1.2694796065280556,1.3971349588859663,4.043598279805215
2022-08-08,3.593,1.2789875081313817,1.3964777717186707,4.040941751919658
2022-08-09,3.5925,1.2788483389710428,1.39581805634875,4.038276759701781
2022-08-10,3.6555,1.2962328827512335,1.395155853567177,4.035603486820803
2022-08-11,3.7115,1.3114361075754646,1.394491204501799,4.032922117918428
2022-08-12,3.6735,1.3011448860781951,1.3938241506171152,4.03023283859987
2022-08-15,3.6215,1.2868883046532438,1.393154733714027,4.0275358354248025
2022-08-16,3.6265,1.2882679958213301,1.3924829959295637,4.0248312958982595
2022-08-17,3.587,1.2773161985501456,1.3918089797365805,4.022119408461489
2022-08-18,3.6335,1.2901963710745536,1.3911327279434307,4.0194003624827355
2022-08-19,3.6685,1.2997828591719118,1.3904542836936125,4.016674348247996
2022-08-22,3.653,1.2955487478131456,1.38977369046538,4.013941556951675
2022-08-23,3.696,1.3072511537794378,1.3890909920713406,4.0112021806872615
2022-08-24,3.648,1.294179072212085,1.3884062326580147,4.0084564124379
2022-08-25,3.6985,1.3079273320457854,1.3877194567053632,4.005704446066916
2022-08-26,3.697,1.3075216799544949,1.3870307090263025,4.002946476308344
2022-08-29,3.6085,1.2832921735301908,1.3863400347661732,4.000182698757357
2022-08-30,3.5495,1.2668067484973036,1.3856474794021914,3.9974133098606845
2022-08-31,3.519,1.2581768583394481,1.3849530887428634,3.994638506906966
2022-09-01,3.4085,1.2262723118207028,1.3842569089273788,3.9918584880171006
2022-09-02,3.417,1.2287629731331546,1.3835589864249607,3.989073452134499
2022-09-05,3.4535,1.2393882095468904,1.3828593680342025,3.9862835990153704
2022-09-06,3.4645,1.242568322085299,1.382158100882359,3.9834891292189067
2022-09-07,3.434,1.2337257624752838,1.3814552324246143,3.9806902440974707
2022-09-08,3.5305,1.2614395039742645,1.3807508104433166,3.9778871457867346
2022-09-09,3.573,1.2734055790412728,1.380044883047185,3.975080037195806
2022-09-12,3.6155,1.2852301586328694,1.3793374986704765,3.9722691219972894
2022-09-13,3.566,1.2714445194409487,1.3786287060721296,3.9694546046173507
2022-09-14,3.5295,1.26115621785339,1.3779185543348669,3.966636690225723
2022-09-15,3.501,1.2530486419725286,1.377207092864275,3.9638155847257233
2022-09-16,3.531,1.2615811169462494,1.3764943713878421,3.9609914947442073
2022-09-19,3.5255,1.2600222701769583,1.3757804399539701,3.9581646276215294
2022-09-20,3.516,1.2573239798229305,1.3750653489309408,3.9553351914014363
2022-09-21,3.4805,1.247175961626584,1.3743491490058677,3.9525033948210107
2022-09-22,3.482,1.2476068413459973,1.3736318911835899,3.9496694473005047
2022-09-23,3.357,1.211047717997898,1.3729136267855562,3.9468335589332533
2022-09-26,3.305,1.1954364733036495,1.3721944074486478,3.943995940475462
2022-09-27,3.295,1.1924061679544706,1.3714742851239925,3.9411568033360864
2022-09-28,3.3725,1.215654309099774,1.3707533120757198,3.9383163595666053
2022-09-29,3.418,1.2290555846933993,1.3700315408796988,3.935474821850849
2022-09-30,3.4125,1.227445160511078,1.3693090244222248,3.9326324034947597
2022-10-03,3.41,1.2267122912954254,1.3685858158986786,3.9297893184161774
2022-10-04,3.49,1.2499017362143359,1.3678619688121496,3.9269457811346147
2022-10-05,3.5005,1.2529058154351154,1.3671375369720136,3.924102006760992
2022-10-06,3.446,1.237214138105738,1.3664125744924813,3.9212582109874026
2022-10-07,3.3865,1.2197969396728212,1.3656871357911045,3.9184146100768427
2022-10-10,3.4305,1.2327060231488085,1.3649612755872418,3.9155714208529417
2022-10-11,3.462,1.2418464567540175,1.3642350489004977,3.9127288606897226
2022-10-12,3.425,1.2311014717141886,1.3635085110491036,3.909887147501288
2022-10-13,3.4405,1.2356168096603974,1.3627817176482802,3.907046499731589
2022-10-14,3.4235,1.2306634195789805,1.362054724608543,3.9042071363441195
2022-10-17,3.4155,1.228323895189767,1.361327588133979,3.901369276811656
2022-10-18,3.362,1.2125360349864238,1.3606003647204794,3.898533141105987
2022-10-19,3.318,1.1993621917682529,1.3598731111539313,3.8956989496876364
2022-10-20,3.4105,1.2268589081126369,1.3591458845083684,3.892866923495598
2022-10-21,3.4745,1.245450583772245,1.3584187421440848,3.890037283937083
2022-10-24,3.4305,1.2327060231488085,1.3576917417057,3.8872102528772516
2022-10-25,3.397,1.2228926891784468,1.3569649411201874,3.884386052628968
2022-10-26,3.545,1.2655381599840907,1.3562383985948578,3.8815649059425534
2022-10-27,3.5195,1.2583189340660492,1.3555121726153068,3.878747035995572
2022-10-28,3.426,1.2313933999019282,1.3547863219433058,3.875932666382575
2022-10-31,3.372,1.215506040139609,1.3540609056146649,3.873122021104911
2022-11-01,3.4685,1.243722223843219,1.3533359829370422,3.870315324560512
2022-11-02,3.4655,1.2428569223759023,1.3526116134877153,3.867512801533713
2022-11-03,3.4275,1.2318311324543325,1.3518878571113027,3.8647146771850585
2022-11-04,3.684,1.3039991183930604,1.3511647739174446,3.8619211770411472
2022-11-07,3.607,1.282876401921402,1.350442424278441,3.859132526984489
2022-11-08,3.684,1.3039991183930604,1.3497208688268363,3.8563489532433533
2022-11-09,3.7005,1.308467945655384,1.3490001684529664,3.8535706823816573
2022-11-10,3.758,1.3238869009912735,1.3482803843024598,3.8507979412888784
2022-11-14,3.835,1.3441694348192195,1.3475615777736834,3.848030957169944
2022-11-15,3.8215,1.3406430157008018,1.3468438105151523,3.845269957535179
2022-11-16,3.7755,1.3285328242613432,1.3461271444228906,3.842515170190269
2022-11-17,3.693,1.3064391358704261,1.3454116416377335,3.8397668232261934
2022-11-18,3.6395,1.2918463095761756,1.3446973645426017,3.837025145009257
2022-11-21,3.577,1.2745244602768806,1.3439843757597103,3.834290364171077
2022-11-22,3.6175,1.285783179523502,1.3432727381477387,3.8315627095986193
2022-11-23,3.621,1.2867502307835041,1.3425625147989502,3.8288424104242567
2022-11-24,3.6395,1.2918463095761756,1.3418537690362582,3.8261296960158284
2022-11-25,3.6325,1.2899211164623008,1.3411465644102505,3.82342479596675
2022-11-28,3.616,1.28536844252993,1.340440964696159,3.820727940086125
2022-11-29,3.6405,1.2921210348526286,1.3397370338907817,3.8180393583888925
2022-11-30,3.7395,1.3189519126495852,1.3390348362093494,3.8153592810859736
2022-12-01,3.819,1.3399886082433792,1.3383344360823504,3.8126879385744754
2022-12-02,3.852,1.348592493935879,1.3376358981522962,3.8100255614278917
2022-12-05,3.795,1.3336844108475931,1.336939287270443,3.807372380386347
2022-12-06,3.818,1.3397267253035559,1.336244668493453,3.804728626346836
2022-12-07,3.861,1.3509262172820993,1.3355521070800114,3.8020945303535183
2022-12-08,3.885,1.3571229838196106,1.334861668487388,3.7994703235880207
2022-12-09,3.8795,1.355706279351867,1.3341734183679457,3.7968562373597616
2022-12-12,3.8015,1.3353957256863542,1.333487422565597,3.794252503096307
2022-12-13,3.8425,1.3461231964306137,1.332803747112207,3.7916593523337436
2022-12-14,3.8785,1.3554484809487892,1.3321224582239422,3.789077016707081
2022-12-15,3.7645,1.32561505030804,1.331443622297565,3.7865057279406673
2022-12-16,3.763,1.3252165116113002,1.3307673059066785,3.7839457178386517
2022-12-19,3.7845,1.330913777767085,1.3300935757979087,3.781397218275437
2022-12-20,3.7995,1.3348694791277025,1.3294224988870367,3.7788604611861736
2022-12-21,3.811,1.3378916218917232,1.328754142255079,3.7763356785572895
2022-12-22,3.7575,1.3237538426449924,1.3280885731443013,3.773823102417
2022-12-23,3.8085,1.3372354108307059,1.3274258589541919,3.7713229648258975
2022-12-27,3.84,1.3454723665996355,1.3267660672373618,3.7688354978675
2022-12-28,3.842,1.345993064346365,1.3261092656954032,3.7663609336388713
2022-12-29,3.824,1.341296995189155,1.325455522174684,3.763899504241239
2022-12-30,3.8105,1.3377604141240351,1.3248049046620811,3.7614514417706157
2023-01-03,3.7665,1.3261461882836123,1.3241574812806682,3.759016978308483
2023-01-04,3.7405,1.3192192923303225,1.3235133202853362,3.7565963459124547
2023-01-05,3.821,1.340512168464763,1.3228724900583544,3.754189776606959
2023-01-06,3.911,1.363793095773377,1.322235059104885,3.7517975023739765
2023-01-09,4.0265,1.3928975122534626,1.321601096048426,3.7494197551437427
2023-01-10,4.0775,1.405484055513032,1.3209706696261991,3.7470567667854913
2023-01-11,4.166,1.4269563428387804,1.3203438486844856,3.7447087690982195
2023-01-12,4.1965,1.4342508445407454,1.3197207021738921,3.7423759938014474
2023-01-13,4.216,1.4388868112390611,1.319101299144564,3.7400586725259997
2023-01-16,4.1433,1.4214925717698557,1.3184857087413326,3.737757036804785
2023-01-17,4.223,1.4405457759518066,1.3178740001988098,3.7354713180636105
2023-01-18,4.2345,1.4432652573795166,1.3172662428364146,3.733201747611976
2023-01-19,4.2315,1.4425565401280236,1.3166625060533437,3.7309485566338947
2023-01-20,4.2515,1.4472718618437102,1.3160628593234773,3.728711976178706
2023-01-23,4.2565,1.4484472263419748,1.315467372190227,3.7264922371519043
2023-01-24,4.2485,1.446565979461459,1.3148761142613208,3.724289570305968
2023-01-25,4.2445,1.4456240271958856,1.31428915520352,3.7221042062311653
2023-01-26,4.2675,1.4510281756864587,1.313706564737289,3.719936375346415
2023-01-27,4.2225,1.4404273696998182,1.3131284126313827,3.717786307890075
2023-01-30,4.2065,1.4366309480087311,1.3125547686973877,3.715654233910783
2023-01-31,4.2295,1.4420837827619322,1.3119857027841948,3.7135403832582745
2023-02-01,4.117,1.4151247427877676,1.3114212847724027,3.711444985574171
2023-02-02,4.098,1.410499049816708,1.3108615845686677,3.709368270282793
2023-02-03,4.0635,1.4020446712111225,1.3103066720999823,3.7073104665819376
2023-02-06,4.043,1.3969869906586339,1.3097566173078952,3.705271803433658
2023-02-07,4.088,1.4080558529014033,1.3092114901426626,3.703252509555015
2023-02-08,4.043,1.3969869906586339,1.3086713605573392,3.7012528134088223
2023-02-09,4.103,1.411718413460049,1.3081362985018012,3.6992729431943623
2023-02-10,4.0245,1.3924006795516515,1.3076063739167054,3.6973131268380817
2023-02-13,4.0655,1.4025367366657553,1.3070816567273855,3.695373591984271
2023-02-14,4.0835,1.4069544638161933,1.3065622168376798,3.6934545659857045
2023-02-15,4.0165,1.39041087663173,1.3060481241236972,3.6915562758942664
2023-02-16,4.125,1.4170660197866443,1.3055394484275114,3.689678948451519
2023-02-17,4.106,1.4124493185967417,1.3050362595507996,3.687822810079276
2023-02-20,4.1807,1.4304786966309477,1.3045386272484036,3.6859880868700974
2023-02-21,4.2165,1.4390054000325592,1.3040466212218331,3.684175004577772
2023-02-22,4.186,1.431745624023808,1.3035603111126979,3.682383788607741
2023-02-23,4.0555,1.4000739845282624,1.3030797664960794,3.6806146640074977
2023-02-24,3.9545,1.3748541709773348,1.3026050568738239,3.678867855456896
2023-02-27,4.011,1.3890405867879159,1.3021362516677883,3.677143587258475
2023-02-28,4.0895,1.4084227131928917,1.301673420212994,3.6754420833276398
2023-03-01,4.16,1.425515074273172,1.30121663175074,3.6737635671828834
2023-03-02,4.076,1.4051161153604783,1.3007659554216264,3.6721082619358576
2023-03-03,4.067,1.4029056269250875,1.300321460258526,3.6704763902814426
2023-03-06,4.0885,1.4081781546198948,1.299883215179479,3.6688681744877116
2023-03-07,3.975,1.3800247481062953,1.299451288980527,3.6672838363858475
2023-03-08,4.027,1.393021681869317,1.2990257503284734,3.6657235973599644
2023-03-09,4.039,1.3959971365812758,1.2986066677535808,3.664187678336867
2023-03-10,4.0305,1.3938904377415184,1.2981941096421978,3.662676299775719
2023-03-13,4.0535,1.3995807054456246,1.2977881442293195,3.6611896816576275
2023-03-14,4.003,1.3870440800104367,1.297388839591079,3.659728043475137
2023-03-15,3.843,1.346253311582707,1.2969962636371728,3.6582916042216356
2023-03-16,3.8645,1.3518323075647887,1.2966104841032127,3.6568805823806425
2023-03-17,3.8925,1.3590516247260163,1.2962315685430195,3.65549519591503
2023-03-20,3.9515,1.374095253662893,1.2958595843208358,3.6541356622560937
2023-03-21,3.994,1.3847932349936236,1.2954945986034845,3.65280219829256
2023-03-22,4.0445,1.3973579334758703,1.2951366783524472,3.651495020359439
2023-03-23,4.1235,1.416702317291273,1.294785890315882,3.6502143442267854
2023-03-24,4.075,1.404870746692826,1.2944423010205677,3.6489603850883108
2023-03-27,4.0785,1.405729273758498,1.2941059767637877,3.647733357549905
2023-03-28,4.0855,1.407444119842625,1.293776983605135,3.6465334756179777
2023-03-29,4.0865,1.4076888579740474,1.2934553873582586,3.6453609526877027
2023-03-30,4.0955,1.4098888099735198,1.2931412535825366,3.6442160015310954
2023-03-31,4.0985,1.4106210531109482,1.2928346475746852,3.6430988342849644
2023-04-03,4.0495,1.3985934167069076,1.2925356343602923,3.642009662438676
2023-04-04,3.975,1.3800247481062953,1.2922442786852943,3.6409486968218094
2023-04-05,3.989,1.3835405729232695,1.2919606450073757,3.639916147591607
2023-04-06,4.0175,1.3906598186295307,1.2916847974873054,3.638912224220282
2023-04-10,3.9795,1.3811561832637669,1.2914167999802044,3.6379371354821433
2023-04-11,4.0225,1.3919035998844012,1.2911567160267472,3.6369910894405484
2023-04-12,4.0805,1.4062195299271605,1.290904608844293,3.636074293434663
2023-04-13,4.119,1.4156104154539437,1.2906605413179548,3.6351869540660497
2023-04-14,4.1035,1.4118402680876294,1.2904245759915947,3.6343292771850355
2023-04-17,4.0675,1.4030285601110557,1.2901967750587593,3.633501467876908
2023-04-18,4.094,1.409522487239098,1.2899772003535448,3.632703730447888
2023-04-19,4.079,1.4058518603354213,1.2897659133413941,3.6319362684108887
2023-04-20,4.0295,1.3936422987824288,1.289562975109832,3.6311992844710694
2023-04-21,3.983,1.3820353041995073,1.289368446359132,3.6304929805111588
2023-04-24,3.961,1.3764965186397795,1.2891823873929165,3.6298175575765472
2023-04-25,3.8585,1.3502785069155205,1.289004858108692,3.6291732158601393
2023-04-26,3.8605,1.3507967087667334,1.2888359179883226,3.628560154686983
2023-04-27,3.884,1.3568655504290785,1.288675626088434,3.6279785724986304
2023-04-28,3.8905,1.3585376840748478,1.2885240410307517,3.6274286668372415
2023-05-01,3.934,1.3696567199668674,1.2883812209923828,3.6269106343294553
2023-05-02,3.8625,1.3513146422238638,1.2882472236960243,3.6264246706699566
2023-05-03,3.845,1.3467736029576074,1.288122106400114,3.625970970604795
2023-05-04,3.863,1.3514440836841441,1.2880059258889165,3.6255497279144118
2023-05-05,3.883,1.3566080507495302,1.287898738462545,3.6251611353963833
2023-05-08,3.9295,1.3685121913240925,1.2878005999269218,3.624805384847861
2023-05-09,3.9015,1.3613610945746788,1.2877115655836764,3.624482667047726
2023-05-10,3.841,1.3457327493637679,1.2876316902199825,3.6241931717384186
2023-05-11,3.71,1.3110318766193438,1.2875610280983323,3.6239370876074637
2023-05-12,3.7285,1.3160060080017124,1.2874996329462505,3.6237146022686657
2023-05-15,3.751,1.3220224710997504,1.2874475579459517,3.6235259022429895
2023-05-16,3.667,1.2993738890891888,1.287404855723929,3.6233711729390734
2023-05-17,3.7545,1.3229551205578016,1.287371578340494,3.6232505986334336
2023-05-18,3.6895,1.3054909475162841,1.2873477772792503,3.6231643624502947
2023-05-19,3.732,1.3169442829850975,1.2873335034365134,3.62311264634107
2023-05-22,3.685,1.3042705256412999,1.2873288071106697,3.6230956310634688
2023-05-23,3.6545,1.2959592849383095,1.2873337379914795,3.623113496160234
2023-05-24,3.5615,1.2701818044362714,1.2873483451493262,3.6231664199375
2023-05-25,3.588,1.2775949441965497,1.2873726770244043,3.623254579442756
2023-05-26,3.682,1.303456082810886,1.2874067814158585,3.6233781504424165
2023-05-29,3.6717,1.3006547700742654,1.2874507054708642,3.623537307398987
2023-05-30,3.6695,1.3000554130029804,1.2875044956736537,3.623732223447807
2023-05-31,3.6455,1.293493530264348,1.287568197834493,3.62396307037339
2023-06-01,3.7185,1.3133203611612179,1.287641857078605,3.6242300185853242
2023-06-02,3.7345,1.3176139408149843,1.2877255178350366,3.6245332370937295
2023-06-05,3.774,1.3281354469463584,1.2878192238254833,3.624872893484289
2023-06-06,3.7745,1.3282679235975425,1.2879230180530565,3.6252491538928107
2023-06-07,3.7605,1.3245519272843207,1.2880369427910066,3.62566218297934
2023-06-08,3.7995,1.3348694791277025,1.2881610395713934,3.6261121439017914
2023-06-09,3.7945,1.3335526498618304,1.2882953491737141,3.6265991982891177
2023-06-12,3.7595,1.3242859698359446,1.2884399116134815,3.627123506213984
2023-06-13,3.8355,1.344299804417214,1.2885947661307564,3.6276852261649486
2023-06-14,3.8725,1.3539002933088866,1.2887599511786374,3.628284515018146
2023-06-15,3.9,1.3609765531356006,1.288935504411706,3.628921528008459
2023-06-16,3.8935,1.3593084960349038,1.2891214626744287,3.6295964187001704
2023-06-20,3.889,1.3581520551736102,1.2893178619895187,3.6303093389570895
2023-06-21,3.91,1.3635373739972745,1.2895247375462557,3.631060438912146
2023-06-22,3.896,1.3599503857802886,1.2897421236887676,3.6318498669364363
2023-06-23,3.809,1.3373666874964671,1.2899700539042716,3.6326777696077177
2023-06-26,3.794,1.3334208715128224,1.2902085608112814,3.6335442916783522
2023-06-27,3.7795,1.3295917257500944,1.2904576761477762,3.63444957604267
2023-06-28,3.736,1.3180155203665962,1.2907174307593334,3.63539376370376
2023-06-29,3.699,1.308062512850317,1.2909878545872324,3.636376993739684
2023-06-30,3.7595,1.3242859698359446,1.2912689766565204,3.6373994032690833
2023-07-03,3.794,1.3334208715128224,1.2915608250640518,3.6384611274161975
2023-07-05,3.7685,1.3266770443013876,1.291863426966494,3.6395622992752625
2023-07-06,3.7345,1.3176139408149843,1.2921768085683085,3.6407030498743027
2023-07-07,3.782,1.3302529702362658,1.2925009951097006,3.6418835081382794
2023-07-10,3.7845,1.330913777767085,1.2928360108545485,3.6431038008516303
2023-07-11,3.766,1.3260134302349607,1.2931818790783025,3.6443640526201397
2023-07-12,3.853,1.3488520656440206,1.2935386220558667,3.6456643858321796
2023-07-13,3.94,1.3711807233098425,1.2939062610494554,3.6470049206192803
2023-07-14,3.933,1.3694024934496725,1.2942848162964324,3.6483857748160426
2023-07-17,3.844,1.346513491108046,1.294674306997131,3.6498070639193707
2023-07-18,3.8295,1.3427342463675112,1.295074751302656,3.651268901047024
2023-07-19,3.814,1.3386785071782272,1.2954861663026744,3.6527713968954876
2023-07-20,3.8345,1.3440390482227769,1.2959085680131892,3.654314659697133
2023-07-21,3.818,1.3397267253035559,1.2963419713643027,3.6558987951766855
2023-07-24,3.8555,1.3495007002908783,1.2967863901879717,3.6575239065069756
2023-07-25,3.9155,1.3649430352088554,1.2972418372057506,3.65919009426397
2023-07-26,3.902,1.3614892422009195,1.297708324016533,3.6608974563810825
2023-07-27,3.8755,1.354674686739429,1.298185861084286,3.6626460881027496
2023-07-28,3.9355,1.3700379386003678,1.298674457725781,3.664436081937259
2023-07-31,4.014,1.3897882503741465,1.2991741220983268,3.666267527608847
2023-08-01,3.9165,1.3651983978251563,1.2996848611875018,3.6681405120090287
2023-08-02,3.8535,1.3489818262359108,1.30020668079489,3.6700551191471775
2023-08-03,3.91,1.3635373739972745,1.3007395855258221,3.6720114301003366
2023-08-04,3.8785,1.3554484809487892,1.3012835787771255,3.674009522962262
2023-08-07,3.848,1.34755353280346,1.3018386627248808,3.6760494727916817
2023-08-08,3.782,1.3302529702362658,1.3024048383121931,3.6781313515597827
2023-08-09,3.798,1.3344746123900941,1.3029821052369743,3.680255228096898
2023-08-10,3.7805,1.3298562760161876,1.3035704619397448,3.6824211680384153
2023-08-11,3.7375,1.3184169387168048,1.3041699055914493,3.6846292337698716
2023-08-14,3.7395,1.3189519126495852,1.3047804320812968,3.686879484371258
2023-08-15,3.6855,1.3044062016472064,1.3054020360046215,3.6891719755605106
2023-08-16,3.6765,1.3019612126541398,1.3060347106507715,3.6915067596361992
2023-08-17,3.711,1.3113013820784605,1.3066784479910207,3.6938838854193845
2023-08-18,3.726,1.3153352721793967,1.3073332386665164,3.696303398194676
2023-08-21,3.7385,1.3186844614578332,1.3079990719762555,3.6987653396504543
2023-08-22,3.7755,1.3285328242613432,1.3086759358651003,3.7012697478182854
2023-08-23,3.824,1.341296995189155,1.309363816911826,3.7038166570114806
2023-08-24,3.782,1.3302529702362658,1.310062700317217,3.706406097762863
2023-08-25,3.774,1.3281354469463584,1.3107725698921993,3.709038096761674
2023-08-28,3.777,1.3289300437303198,1.3114934080460223,3.711712676789657
2023-08-29,3.818,1.3397267253035559,1.312225195774491,3.7144298566563174
2023-08-30,3.831,1.343125865718512,1.3129679126482467,3.717189651133336
2023-08-31,3.809,1.3373666874964671,1.3137215368011037,3.719992070888151
2023-09-01,3.841,1.3457327493637679,1.314486044918445,3.722837122416713
2023-09-05,3.838,1.344951397585508,1.3152614122256776,3.7257248079754026
2023-09-06,3.7755,1.3285328242613432,1.3160476124767488,3.7286551255121085
2023-09-07,3.752,1.322289031143978,1.3168446179427344,3.7316280685964887
2023-09-08,3.7065,1.3100880351146373,1.3176523994004938,3.734643626349401
2023-09-11,3.7965,1.3340795896711515,1.3184709261213958,3.7377017833714903
2023-09-12,3.7785,1.3293271054786375,1.3193001658601267,3.740802519670984
2023-09-13,3.78,1.3297240096314962,1.3201400848435731,3.7439458105906476
2023-09-14,3.8075,1.33697280578718,1.3209906477597877,3.7471316267339203
2023-09-15,3.7875,1.3317061708354876,1.3218518177470466,3.7503599338902758
2023-09-18,3.7645,1.32561505030804,1.3227235563829882,3.7536306929597316
2023-09-19,3.734,1.3174800451195308,1.323605823673853,3.7569438598766034
2023-09-20,3.762,1.3249507308788386,1.3244985780438163,3.7602993855324454
2023-09-21,3.6835,1.3038633871407312,1.325401776324421,3.7636972156982127
2023-09-22,3.682,1.303456082810886,1.3263153737441171,3.767137290945652
2023-09-25,3.6595,1.2973265260591447,1.3272393239179054,3.7706195465679206
2023-09-26,3.6355,1.2907466531079745,1.3281735788370965,3.774143912499456
2023-09-27,3.6295,1.2890948977427583,1.3291180888591843,3.7777103132351
2023-09-28,3.708,1.3104926477036087,1.3300728026978343,3.7813186677484727
2023-09-29,3.7375,1.3184169387168048,1.3310376674130027,3.784968889409647
2023-10-02,3.6415,1.2923956846758329,1.332012628401177,3.7886608859020976
2023-10-03,3.621,1.2867502307835041,1.3329976293857495,3.792394559138953
2023-10-04,3.589,1.2778736121654701,1.3339926124075268,3.7961698051785784
2023-10-05,3.552,1.2675108251299236,1.3349975178153777,3.799986514139473
2023-10-06,3.6275,1.288543705776206,1.3360122842570261,3.8038445701145354
2023-10-09,3.646,1.2936306762564713,1.3370368486699915,3.8077438510846853
2023-10-10,3.634,1.2903339699739793,1.3380711462726795,3.811684228831866
2023-10-11,3.612,1.284261635554739,1.3391151105556345,3.815665568851466
2023-10-12,3.591,1.2784307152439458,1.3401686732729479,3.8196877302641496
2023-10-13,3.571,1.2728456686123115,1.341231764433834,3.823750565727135
2023-10-16,3.582,1.27592130363852,1.3423043122943796,3.827853921344949
2023-10-17,3.5785,1.274943718196515,1.3433862433494612,3.831997636579655
2023-10-18,3.587,1.2773161985501456,1.3444774823248513,3.8361815441606204
2023-10-19,3.601,1.2812115846667382,1.3455779521694988,3.840405469993789
2023-10-20,3.563,1.2706028866236991,1.3466875740480084,3.8446692330705554
2023-10-23,3.5865,1.2771767965843521,1.3478062673333058,3.8489726453762048
2023-10-24,3.624,1.287578388180733,1.3489339495995072,3.853315511797991
2023-10-25,3.591,1.2784307152439458,1.3500705366149932,3.8576976300328685
2023-10-26,3.5845,1.2766189943107897,1.3512159423356866,3.862118790494893
2023-10-27,3.646,1.2936306762564713,1.352370078898548,3.8665787762223456
2023-10-30,3.6735,1.3011448860781951,1.353532856615295,3.87107736278463
2023-10-31,3.6635,1.2984189746178816,1.354704183966335,3.8756143181889002
2023-11-01,3.6655,1.2989647516815044,1.3558839675949397,3.8801894027865718
2023-11-02,3.6875,1.3049487216659381,1.3570721123016487,3.88480236917965
2023-11-03,3.697,1.3075216799544949,1.3582685210389134,3.889452962126965
2023-11-06,3.7345,1.3176139408149843,1.3594730949059899,3.8941409184503537
2023-11-07,3.698,1.3077921329649331,1.3606857331440851,3.898865966940824
2023-11-08,3.6585,1.2970532273419477,1.361906333131754,3.903627828264721
2023-11-09,3.6625,1.2981459743431858,1.3631347903805668,3.908426214869984
2023-11-10,3.608,1.2831536022003773,1.364370998531044,3.9132608308925176
2023-11-13,3.6835,1.3038633871407312,1.365614849348859,3.9181313720626947
2023-11-14,3.7025,1.3090082671598169,1.3668662327213348,3.9230375256121204
2023-11-15,3.736,1.3180155203665962,1.3681250366542146,3.9279789701806123
2023-11-16,3.7195,1.313589250649259,1.3693911472687297,3.93295537572351
2023-11-17,3.753,1.3225555201528838,1.37066444879897,3.9379664034193724
2023-11-20,3.8225,1.3409046588210802,1.3719448235895537,3.943011705578068
2023-11-21,3.827,1.3420812064435652,1.3732321520936113,3.9480909255493684
2023-11-22,3.7815,1.3301207563139472,1.3745263128710858,3.9532036976320697
2023-11-24,3.8055,1.3364473887253092,1.3758271825873543,3.958349646983705
2023-11-27,3.7745,1.3282679235975425,1.377134636012187,3.963528389530952
2023-11-28,3.8185,1.3398576753463016,1.3784485460190332,3.968739531880724
2023-11-29,3.816,1.33920275358604,1.3797687835846584,3.9739826712320836
2023-11-30,3.842,1.345993064346365,1.3810952177891243,3.97925739528899
2023-12-01,3.9205,1.3662191966888395,1.382427715816132,3.984563282173999
2023-12-04,3.826,1.341819871018061,1.3837661429537216,3.989899900342931
2023-12-05,3.776,1.3286652482832542,1.3851103625953465,3.9952668085006358
2023-12-06,3.726,1.3153352721793967,1.386460236241319,4.0006635555178685
2023-12-07,3.79,1.332366019094335,1.3878156235006478,4.006089680349427
2023-12-08,3.824,1.341296995189155,1.3891763820932563,4.011544711953547
2023-12-11,3.778,1.3291947690793178,1.390542367852605,4.01702816921269
2023-12-12,3.7865,1.3314421095717404,1.3919134347287139,4.022539560855785
2023-12-13,3.785,1.3310458868894122,1.393289434791602,4.028078385382018
2023-12-14,3.89,1.358409157630355,1.3946702182351385,4.033644130986223
2023-12-15,3.8875,1.3577662775053525,1.3960556333813263,4.039236275486017
2023-12-18,3.849,1.3478133743016092,1.3974455266850168,4.044854286250701
2023-12-19,3.8945,1.3595653013778661,1.3988397427390624,4.050497620132071
2023-12-20,3.9025,1.3616173734074501,1.4002381242799211,4.056165723397194
2023-12-21,3.9105,1.363665243059529,1.4016405121937154,4.061858031663272
2023-12-22,3.8975,1.3603353219497945,1.4030467455227527,4.067573969834661
2023-12-26,3.894,1.359436906950008,1.4044566614725178,4.073312952042163
2023-12-27,3.953,1.3744747843145484,1.405870095419147,4.079074381584692
2023-12-28,3.9245,1.3672389545847314,1.4072868809173775,4.084857650873368
2023-12-29,3.8905,1.3585376840748478,1.4087068497090047,4.0906621413782265
2024-01-02,3.8805,1.3559640113120566,1.4101298317318296,4.096487223577561
2024-01-03,3.8615,1.3510557090271815,1.4115556551291193,4.102332256910045
2024-01-04,3.844,1.346513491108046,1.4129841462595882,4.108196589729763
2024-01-05,3.806,1.3365787688739577,1.4144151297078975,4.114079559264196
2024-01-08,3.81,1.3376291891386096,1.4158484282956922,4.119980491575326
2024-01-09,3.7585,1.3240199416353866,1.4172838630931783,4.125898701523955
2024-01-10,3.781,1.329988524908796,1.4187212534312486,4.1318334927373375
2024-01-11,3.7765,1.3287976547713656,1.420160416914163,4.137784157580258
2024-01-12,3.7405,1.3192192923303225,1.4216011694328012,4.143749977129673
2024-01-16,3.7665,1.3261461882836123,1.4230433251784802,4.149730221153004
2024-01-17,3.733,1.3172121999324469,1.424486696657358,4.155724148090241
2024-01-18,3.745,1.320421616969183,1.425931094705426,4.161731005039943
2024-01-19,3.7865,1.3314421095717404,1.4273763285041015,4.167750027749289
2024-01-22,3.7635,1.3253493754924497,1.428822205596422,4.1737804406082555
2024-01-23,3.7935,1.3332890757959925,1.4302685319038566,4.179821456648095
2024-01-24,3.886,1.3573803509552484,1.4317151117437426,4.185872277544208
2024-01-25,3.869,1.3529960757183759,1.433161747847349,4.19193209362354
2024-01-26,3.852,1.348592493935879,1.4346082413785821,4.198000083876632
2024-01-29,3.879,1.3555773884578302,1.4360543919533375,4.204075415974452
2024-01-30,3.9215,1.3664742336705842,1.437499997659513,4.210157246290143
2024-01-31,3.917,1.3653260546836943,1.4389448550776793,4.216244719925787
2024-02-01,3.8665,1.352349705066953,1.440388759302429,4.222336970744356
2024-02-02,3.836,1.3444301570211918,1.4418315039644067,4.228433121406949
2024-02-05,3.788,1.3318381753238318,1.4432728812530278,4.234532283415445
2024-02-06,3.7965,1.3340795896711515,1.4447126819398979,4.240633557160737
2024-02-07,3.7505,1.3218891644275539,1.4461506954029353,4.246736031976614
2024-02-08,3.7145,1.312244079609724,1.4475867096512154,4.252838786199499
2024-02-09,3.6925,1.3063037354233977,1.449020511350533,4.258940887234107
2024-02-12,3.7335,1.3173461314936192,1.4504518858497009,4.26504139162519
2024-02-13,3.718,1.3131858892992523,1.4518806172075864,4.271139345135485
2024-02-14,3.7075,1.31035779502995,1.453306488220902,4.277233782830017
2024-02-15,3.7635,1.3253493754924497,1.4547292804527465,4.283323729166838
2024-02-16,3.8435,1.3463834098070497,1.4561487742619175,4.289408198094388
2024-02-20,3.87,1.3532545070416904,1.4575647488329984,4.295486193155577
2024-02-21,3.8805,1.3559640113120566,1.4589769822072243,4.301556707598705
2024-02-22,3.9065,1.3626418324546619,1.46038525131414,4.307618724495362
2024-02-23,3.891,1.3586661940024165,1.4617893320040636,4.313671216865465
2024-02-26,3.8255,1.3416891776897695,1.463188999081345,4.319713147809462
2024-02-27,3.841,1.3457327493637679,1.4645840263384526,4.3257434706479385
2024-02-28,3.8405,1.3456025664565996,1.4659741865908749,4.331761129068666
2024-02-29,3.847,1.347293623770158,1.4673592517128582,4.337765057281253
2024-03-01,3.8615,1.3510557090271815,1.4687389926739822,4.343754180179491
2024-03-04,3.857,1.3498896792260908,1.4701131795765838,4.3497274135115385
2024-03-05,3.847,1.347293623770158,1.4714815816940359,4.355683664058021
2024-03-06,3.875,1.3545456628053103,1.4728439675098906,4.361621829818202
2024-03-07,3.926,1.3676210958542694,1.4742001047578919,4.367540800204284
2024-03-08,3.8915,1.3587946874173058,1.4755497604628662,4.3734394562439745
2024-03-11,3.9285,1.3682576736337393,1.4768927009825028,4.37931667079143
2024-03-12,3.932,1.3691482022849202,1.4782286920500212,4.385171308746632
2024-03-13,4.06,1.4011829736136412,1.4795574988177465,4.391002227283352
2024-03-14,4.0455,1.397605152265757,1.4808788859015876,4.396808276085738
2024-03-15,4.1245,1.4169448003186493,1.4821926174264324,4.402588297593659
2024-03-18,4.13,1.4182774069729414,1.4834984570724634,4.408341127256849
2024-03-19,4.0745,1.4047480397781373,1.4847961681224047,4.414065593797984
2024-03-20,4.0515,1.3990871829186429,1.4860855135097053,4.41976051948473
2024-03-21,4.0585,1.4008134472190934,1.487366255867657,4.425424720410812
2024-03-22,4.0075,1.388167605501571,1.4886381575794716,4.431057006786256
2024-03-25,4.016,1.390286382389428,1.4899009808293047,4.436656183236767
2024-03-26,4.0085,1.3884171065008692,1.4911544876542435,4.442221049112376
2024-03-27,4.0175,1.3906598186295307,1.4923984399972634,4.4477503988053675
2024-03-28,4.025,1.3925249108705269,1.4936325997611504,4.453243022077531
2024-04-01,4.0665,1.4027826786246929,1.494856728863411,4.4586977043968306
2024-04-02,4.089,1.4083004413825053,1.4960705892921569,4.464113227283443
2024-04-03,4.211,1.4377001491797907,1.497273943162984,4.469488368665272
2024-04-04,4.266,1.4506766200491588,1.4984665527768422,4.47482190324291
2024-04-05,4.253,1.4476246162714965,1.4996481806789042,4.480112602864095
2024-04-08,4.288,1.4558204237685008,1.500818589718436,4.485359236907636
2024-04-09,4.295,1.4574515554362186,1.5019775431096802,4.490560572676871
2024-04-10,4.289,1.4560536055347433,1.5031248044937378,4.495715375802559
2024-04-11,4.2665,1.4507938189945024,1.5042601380014788,4.5008224106552985
2024-04-12,4.276,1.4530179931627987,1.5053833083174646,4.505880440767379
2024-04-15,4.3925,1.4798985410791152,1.5064940807448859,4.510888229264042
2024-04-16,4.3205,1.463371136299317,1.50759222127154,4.51584453930419
2024-04-17,4.352,1.4706355095536416,1.5086774966368184,4.520748134530376
2024-04-18,4.4535,1.493690303889787,1.5097496743997365,4.525597779528154
2024-04-19,4.514,1.507183678395344,1.510808523007986,4.530392240294613
2024-04-22,4.4935,1.502631908116291,1.5118538118680265,4.535130284716122
2024-04-23,4.4495,1.4927917303147797,1.5128853114162049,4.539810683055131
2024-04-24,4.4765,1.4988414910920735,1.5139027931909168,4.5444322084460005
2024-04-25,4.5315,1.5110530105126994,1.514906029905799,4.548993637399723
2024-04-26,4.569,1.5192943625811344,1.5158947955239575,4.553493750317439
2024-04-29,4.6765,1.5425499668924687,1.516868865333234,4.557931332012662
2024-04-30,4.5645,1.5183089790229984,1.5178280160225066,4.562305172242037
2024-05-01,4.546,1.5142477254303515,1.518772025759023,4.566614066244547
2024-05-02,4.4845,1.5006270065759206,1.5197006742667674,4.570856815288987
2024-05-03,4.557,1.5166645122817455,1.5206137429058582,4.575032227229566
2024-05-06,4.615,1.5293118679548154,1.5215110147529751,4.5791391170694915
2024-05-07,4.6055,1.5272512414461532,1.5223922746828082,4.583176307532308
2024-05-08,4.5425,1.5134775212881892,1.5232573094505317,4.587142629640864
2024-05-09,4.585,1.522790105708428,1.5241059077752972,4.59103692330368
2024-05-10,4.6625,1.5395517849699338,1.5249378604247372,4.594858037908512
2024-05-13,4.766,1.5615073786765503,1.525752960300481,4.598604832922903
2024-05-14,4.895,1.5882142759824736,1.5265510025246714,4.602276178501489
2024-05-15,4.9245,1.59422274662762,1.5273317845274819,4.6058709560998325
2024-05-16,4.877,1.5845302767279155,1.5280951061356214,4.60938805909451
2024-05-17,5.05,1.6193882432872684,1.5288407696618265,4.612826393409232
2024-05-20,5.079,1.625114391819108,1.5295685799953262,4.616184878146694
2024-05-21,5.106,1.6304163188192922,1.5302783446932753,4.6194624462258735
2024-05-22,4.8485,1.5786693787624637,1.530969874073148,4.622658045024537
2024-05-23,4.7925,1.5670521959376627,1.5316429813060775,4.625770637026577
2024-05-24,4.7535,1.558881188816948,1.5322974825111326,4.628799200473921
2024-05-28,4.855,1.5800091017432882,1.5329331968505278,4.631742730022683
2024-05-29,4.791,1.566739157900985,1.5335499466257396,4.634600237403203
2024-05-30,4.6595,1.5389081462435732,1.5341475573745318,4.637370752083651
2024-05-31,4.6035,1.5268168837457636,1.5347258579688667,4.640053321936842
2024-06-03,4.6655,1.5401950096919395,1.535284680713691,4.642647013909874
2024-06-04,4.5375,1.512376199590969,1.5358238614465842,4.645150914696268
2024-06-05,4.5865,1.5231172059675733,1.536343239638246,4.6475641314101575
2024-06-06,4.667,1.5405164669676785,1.5368426584938155,4.6498857922622
2024-06-07,4.477,1.4989531792588286,1.5373219650549985,4.652115047236773
2024-06-10,4.5395,1.512816873829675,1.5377810103029848,4.6542510687700505
2024-06-11,4.4935,1.502631908116291,1.538219649262138,4.656293052428547
2024-06-12,4.555,1.5162255307119217,1.5386377411044392,4.658240217587701
2024-06-13,4.472,1.497835735852798,1.5390351492546561,4.660091808110051
2024-06-14,4.4705,1.4975002591932358,1.539411741496225,4.66184709302258
2024-06-17,4.4275,1.4878350906748516,1.539767390077815,4.663505367192752
2024-06-18,4.447,1.4922297115285594,1.5401019718205535,4.665065952002812
2024-06-20,4.521,1.508733208312468,1.5404153682258857,4.666528196021849
2024-06-21,4.4265,1.4876092040689668,1.5407074655840456,4.6678914756751855
2024-06-24,4.425,1.4872702784598928,1.5409781550831054,4.669155195910584
2024-06-25,4.3655,1.4737327302687253,1.5412273329185793,4.670318790860807
2024-06-26,4.3635,1.473274487621229,1.5414549004035494,4.671381724502033
2024-06-27,4.3485,1.4698309580476827,1.5416607640792848,4.67234349130763
2024-06-28,4.3915,1.479670854375035,1.541844835826319,4.6732036168968
2024-07-01,4.418,1.4856871049979254,1.5420070329759543,4.673961658677572
2024-07-02,4.419,1.485913426148603,1.5421472784221577,4.674617206483654
2024-07-03,4.5335,1.5114942681039738,1.542265500733814,4.675169883204629
2024-07-05,4.652,1.537297234656418,1.5423616342672954,4.675619345408976
2024-07-08,4.618,1.5299617109323036,1.5424356192793125,4.6759652839594095
2024-07-09,4.5775,1.5211529975665286,1.542487402040005,4.676207424620017
2024-07-10,4.6085,1.527902424451582,1.542516934946231,4.676345528654679
2024-07-11,4.5065,1.5055207990143273,1.5425241766350133,4.676379393416254
2024-07-12,4.593,1.5245334053436563,1.542509092097095,4.67630885292601
2024-07-15,4.5265,1.509949013933358,1.5424716527905644,4.6761337784427885
2024-07-16,4.4495,1.4927917303147797,1.5424118367544966,4.675854079021377
2024-07-17,4.4085,1.4835344955449448,1.5423296287225656,4.6754697020595986
2024-07-18,4.2795,1.4538361803395272,1.5422250202365777,4.674980633833573
2024-07-19,4.2365,1.4437374566563819,1.54209800975987,4.674386900020676
2024-07-22,4.1975,1.4344891099695587,1.5419486027905271,4.673688566209676
2024-07-23,4.1605,1.4256352593583475,1.5417768119743542,4.672885738397546
2024-07-24,4.109,1.4131796899012727,1.5415826572175535,4.671978563472463
2024-07-25,4.1255,1.4171872245622608,1.541366165799045,4.670967229682509
2024-07-26,4.124,1.4168235661547135,1.5411273724823709,4.669851967089583
2024-07-29,4.0845,1.407199321799787,1.54086631962712,4.668633048008051
2024-07-30,4.098,1.410499049816708,1.5405830572998118,4.66731078742767
2024-07-31,4.1875,1.4321038971511848,1.5402776433841718,4.665885543420329
2024-08-01,4.095,1.4097667173050328,1.5399501436907292,4.664357717530131
2024-08-02,4.115,1.4146388341290332,1.5396006320656728,4.662727755146426
2024-08-05,4.0105,1.3889159218248424,1.5392291904988868,4.6609961458593006
2024-08-06,4.036,1.3952541024913625,1.5388359092310995,4.659163423797155
2024-08-07,3.9635,1.3771274732950733,1.5384208868600644,4.657230167945934
2024-08-08,3.97,1.3787660946990992,1.5379842304457005,4.655197002449614
2024-08-09,4.002,1.3867942361615415,1.537526055614108,4.653064596891569
2024-08-12,4.075,1.404870746692826,1.5370464866603841,4.650833666556449
2024-08-13,4.056,1.400197266288882,1.536545656650147,4.648504972672182
2024-08-14,4.046,1.3977287387455537,1.5360237075196896,4.6460793226318025
2024-08-15,4.153,1.4238309646486165,1.5354807901746736,4.643557570194737
2024-08-16,4.149,1.422867341350731,1.534917064587269,4.640940615667248
2024-08-19,4.1885,1.4323426746117272,1.5343326998916527,4.6382294060617415
2024-08-20,4.168,1.4274363044510658,1.5337278744777696,4.635424935234642
2024-08-21,4.197,1.434369984351454,1.5331027760832567,4.632528244002585
2024-08-22,4.1545,1.424192084122899,1.532457601883437,4.629540420236662
2024-08-23,4.211,1.4377001491797907,1.5317925585792742,4.626462598934496
2024-08-26,4.235,1.4433833281040178,1.531107862483192,4.6232959622699275
2024-08-27,4.2575,1.4486821335547064,1.5304037396026453,4.6200417396201185
2024-08-28,4.1725,1.4285153765538532,1.5296804257213394,4.616701207569882
2024-08-29,4.1985,1.4347273186414808,1.5289381664779846,4.6132756898931095
2024-08-30,4.189,1.432462041964898,1.52817721744247,4.609766557511101
2024-09-03,4.0715,1.404011481925049,1.5273978441893468,4.606175228427738
2024-09-04,4.058,1.4006902414036229,1.526600322368499,4.602503167641353
2024-09-05,4.1155,1.4147603334305616,1.5257849377728758,4.5987518870332
2024-09-06,4.0525,1.3993339746276943,1.5249519864031735,4.594922945232512
2024-09-09,4.123,1.416581053724763,1.5241017745293313,4.591017947458053
2024-09-10,4.0765,1.4052387771208286,1.5232346187487178,4.587038545336154
2024-09-11,4.12,1.415853163361435,1.5223508460408728,4.582986436695209
2024-09-12,4.172,1.428395537138526,1.521450793818676,4.578863365336673
2024-09-13,4.213,1.4381749829968795,1.5205348099758047,4.574671120782564
2024-09-16,4.2505,1.4470366230752765,1.5196032529303347,4.570411537999505
2024-09-17,4.2495,1.446801328956544,1.518656491664358,4.566086497099418
2024-09-18,4.273,1.4523161566618878,1.5176949057594575,4.561697923016898
2024-09-19,4.321,1.463486856949796,1.5167188854279008,4.557247785163398
2024-09-20,4.316,1.462329047395888,1.5157288315394066,4.552738097058357
2024-09-23,4.3195,1.4631396548168016,1.5147251556433197,4.548170915937346
2024-09-24,4.462,1.4955970960103406,1.5137082799860555,4.543548342337462
2024-09-25,4.4605,1.495260867371701,1.5126786375236458,4.538872519660063
2024-09-26,4.61,1.5282278570085572,1.5116366719292305,4.5341456337110655
2024-09-27,4.5995,1.5259476019350748,1.5105828375953338,4.529369912218992
2024-09-30,4.553,1.515786356352645,1.5095175996307606,4.5245476243309675
2024-10-01,4.589,1.5236621354126965,1.5084414338519412,4.519681080086888
2024-10-02,4.649,1.5366521427084476,1.5073548267685597,4.514772629871983
2024-10-03,4.553,1.515786356352645,1.5062582755632947,4.5098246638480495
2024-10-04,4.574,1.5203880956005893,1.5051522880654948,4.504839611363572
2024-10-07,4.5665,1.5187470471495965,1.5040373827186075,4.4998199403429835
2024-10-08,4.4565,1.494363704588635,1.502914088541195,4.4947681566553825
2024-10-09,4.3995,1.4814908981034782,1.5017829450813416,4.489686803462933
2024-10-10,4.4275,1.4878350906748516,1.5006445023642785,4.484578460549253
2024-10-11,4.4935,1.502631908116291,1.4994993208330338,4.479445743628064
2024-10-15,4.3375,1.4672981452729776,1.4983479712819214,4.4742913036323895
2024-10-16,4.3675,1.4741907630260744,1.49719103478268,4.469117825984597
2024-10-17,4.325,1.4644121403838426,1.4960291026030679,4.463928029847565
2024-10-18,4.3845,1.4780755942372732,1.4948627761177185,4.458724667357255
2024-10-21,4.3595,1.4723573718857326,1.4936926667110613,4.453510522836976
2024-10-22,4.3805,1.4771628731242814,1.492519395672111,4.448288411993627
2024-10-23,4.3365,1.4670675711423733,1.491343594080925,4.443061181096178
2024-10-24,4.3515,1.4705206132474313,1.4901659026865217,4.4378317061366435
2024-10-25,4.3705,1.4748774190384055,1.4889869717760682,4.432602891973827
2024-10-28,4.3625,1.4730452875285456,1.487807461035123,4.427377671460056
2024-10-29,4.3605,1.4725867296849033,1.4866280393987306,4.422159004551134
2024-10-30,4.36,1.472472057360943,1.4854493848931671,4.41694987739975
2024-10-31,4.3515,1.4705206132474313,1.484272184468117,4.411753301432487
2024-11-01,4.382,1.4775052411732748,1.4830971338190861,4.406572312410666
2024-11-04,4.4375,1.490091154801534,1.481924937199833,4.40140996947514
2024-11-05,4.481,1.499846235804006,1.4807563072246086,4.3962693541751685
2024-11-06,4.2595,1.449151782500758,1.479591964659997,4.391153569481493
2024-11-07,4.44,1.4906543764441336,1.4784326382061492,4.386065738783698
2024-11-08,4.3185,1.4629081197382032,1.477279064267191,4.3810090048718715
2024-11-12,4.154,1.4240717254539206,1.4761319867106029,4.3759865289026125
2024-11-13,4.102,1.411474659650189,1.4749921566153585,4.371001489349359
2024-11-14,4.105,1.4122057429043917,1.4738603320086134,4.366057080936974
2024-11-15,4.076,1.4051161153604783,1.472737277590733,4.361156513560502
2024-11-18,4.1335,1.4191245057105932,1.4716237644484582,4.356303011187967
2024-11-19,4.153,1.4238309646486165,1.4705205697559953,4.35149981074702
2024-11-20,4.164,1.4264761507527224,1.4694284764638361,4.346750160995251
2024-11-21,4.138,1.4202125793233513,1.468348272975094,4.342057321373836
2024-11-22,4.102,1.411474659650189,1.467280752809166,4.337424560844256
2024-11-25,4.1215,1.4162171747711452,1.4662267142525176,4.332855156707692
2024-11-26,4.075,1.404870746692826,1.4651869599963996,4.328352393406673
2024-11-27,4.117,1.4151247427877676,1.4641622967613044,4.3239195613085
2024-11-29,4.1225,1.4164597754516168,1.463153534907972,4.319559955469902
2024-12-02,4.1135,1.414274247626848,1.4621614880347633,4.3152768743823104
2024-12-03,4.1845,1.4313872224907918,1.4611869725612276,4.311073618697132
2024-12-04,4.183,1.4310286924600613,1.460230807297678,4.306953489930235
2024-12-05,4.1745,1.4289945906519181,1.4592938130006194,4.302919789144909
2024-12-06,4.1785,1.4299523304593538,1.4583768119138512,4.298975815612365
2024-12-09,4.258,1.4487995664712878,1.4574806272950998,4.295124865448921
2024-12-10,4.2535,1.4477421734338018,1.456606082928028,4.291370230228818
2024-12-11,4.245,1.4457418197633107,1.4557540026194686,4.2877151955715735
2024-12-12,4.225,1.441019260809137,1.4549252096817613,4.284163039702762
2024-12-13,4.177,1.4295932855150382,1.454120526400052,4.280717031986941
2024-12-16,4.1705,1.4280359326995293,1.4533407734844488,4.277380431431441
2024-12-17,4.125,1.4170660197866443,1.452586769506914,4.274156485159608
2024-12-18,4.1355,1.4196082401498242,1.4518593303228,4.271048426852025
2024-12-19,4.0555,1.4000739845282624,1.4511592684769457,4.268059475154182
2024-12-20,4.079,1.4058518603354213,1.4504873925942405,4.265192832048895
2024-12-23,4.0635,1.4020446712111225,1.4498445067546128,4.262451681191835
2024-12-24,4.089,1.4083004413825053,1.449231409852372,4.25983918620827
2024-12-26,4.108,1.4129362920663118,1.4486488949398835,4.257358488949221
2024-12-27,4.1005,1.411108917494329,1.4480977485555353,4.255012707704968
2024-12-30,4.093,1.409278197510266,1.4475787500360067,4.252804935373936
2024-12-31,4.0265,1.3928975122534626,1.4470926708128296,4.250738237584746
2025-01-02,4.026,1.3927733272175997,1.4466402736932806,4.248815650769265
2025-01-03,4.0735,1.4045025807685594,1.4462223121256383,4.247040180184327
2025-01-06,4.1615,1.425875586204013,1.4458395294488724,4.245414797879765
2025-01-07,4.1955,1.4340125223279871,1.4454926581268395,4.243942440610265
2025-01-08,4.2585,1.4489169855989985,1.445182418967097,4.242626007688576
2025-01-10,4.304,1.4595448228594834,1.4449095203244484,4.2414683587774045
2025-01-13,4.3255,1.464527740638292,1.4446746572893754,4.2404723116174035
2025-01-14,4.3425,1.468450219133123,1.4444785108615206,4.239640639688468
2025-01-15,4.389,1.479101410706097,1.4443217471084213,4.238976069801594
2025-01-16,4.441,1.4908795763099651,1.444205016309713,4.2384812796184494
2025-01-17,4.3685,1.4744197007560123,1.4441289520870548,4.238158895095784
2025-01-21,4.341,1.4681047363174566,1.444094170520051,4.238011487851743
2025-01-22,4.301,1.4588475538015993,1.4441012692484805,4.2380415724511575
2025-01-23,4.3055,1.459893275154083,1.4441508265611724,4.238251603606812
2025-01-24,4.2965,1.4578007377711406,1.4442434004718971,4.238643973293711
2025-01-27,4.208,1.4369874754354088,1.4443795277826825,4.239221007773357
2025-01-28,4.2245,1.4409009106107624,1.4445597231349927,4.239984964525035
2025-01-29,4.2605,1.4493865242858737,1.4447844780492545,4.240938029081167
2025-01-30,4.3075,1.4603576894199477,1.445054259953236,4.2420823117637605
2025-01-31,4.279,1.4537193374346797,1.4453695111998484,4.243419844319101
2025-02-03,4.3055,1.459893275154083,1.4457306480749579,4.244952576447844
2025-02-04,4.3535,1.4709801192865333,1.4461380597958544,4.24668237222775
2025-02-05,4.444,1.4915548717773834,1.4465921075010604,4.24861100642643
2025-02-06,4.461,1.4953729561461278,1.447093123232215,4.250740160701562
2025-02-07,4.589,1.5236621354126965,1.4476414089088105,4.253071419686157
2025-02-10,4.707,1.5490507624190053,1.4482372352966133,4.255606266956671
2025-02-11,4.601,1.5262736711733316,1.4488808409706528,4.258346080881881
2025-02-12,4.7045,1.5485194974646834,1.4495724312737104,4.2612921303506806
2025-02-13,4.778,1.5640220489036176,1.4503121772713023,4.264445570377194
2025-02-14,4.6645,1.5399806474188786,1.4511002147042023,4.267807437581839
2025-02-18,4.6425,1.5352530142447238,1.451936642939613,4.271378645547311
2025-02-19,4.614,1.5290951597515618,1.4528215239221534,4.275159980048743
2025-02-20,4.666,1.5403021735992384,1.4537548811258927,4.279152094157678
2025-02-21,4.6155,1.5294202044480691,1.454736698508729,4.283355503219903
2025-02-24,4.5635,1.518089872974795,1.4557669194704723,4.287770579707594
2025-02-25,4.5035,1.5048548722416604,1.4568454458160687,4.29239754794674
2025-02-26,4.5615,1.517651516803392,1.4579721367254623,4.297236478721281
2025-02-27,4.6185,1.5300699770505277,1.459146807731679,4.302287283756027
2025-02-28,4.548,1.5146875758882896,1.4603692297087747,4.3075497100809566
2025-03-03,4.607,1.52757688595378,1.461639127871382,4.313023334280202
2025-03-04,4.5565,1.5165547849540444,1.4629561807876605,4.318707556629736
2025-03-05,4.794,1.5673651360121925,1.4643200194075388,4.32460159512849
2025-03-06,4.8075,1.5701771984807977,1.465730226108219,4.330704479428488
2025-03-07,4.71,1.5496879080283263,1.4671863337590025,4.337015044670434
2025-03-10,4.6665,1.5404093260236644,1.4686878248075779,4.343531925232111
2025-03-11,4.766,1.5615073786765503,1.470234130390006,4.350253548397947
2025-03-12,4.8495,1.5788756068514604,1.4718246294667225,4.357178127959104
2025-03-13,4.9255,1.594425792313597,1.4734586479869785,4.36430365775463
2025-03-14,4.896,1.588418545210025,1.4751354580842222,4.371627905165269
2025-03-17,4.959,1.6012041075069967,1.4768542773050402,4.379148404572889
2025-03-18,5.0165,1.6127324793835303,1.4786142678743468,4.3868624507996055
2025-03-19,5.1,1.62924053973028,1.480414535999641,4.394767092542226
2025-03-20,5.112,1.6315907170752337,1.4822541312172248,4.4028591258188925
2025-03-21,5.1135,1.6318841012639305,1.4841320457833913,4.4111350874463495
2025-03-24,5.0925,1.627768869118824,1.4860472141136942,4.419591248567828
2025-03-25,5.185,1.6457698416814905,1.4879985122735124,4.428223608253069
2025-03-26,5.2185,1.6522100042779693,1.4899847575232248,4.4370278871937066
2025-03-27,5.0985,1.6289463788221432,1.4920047079214205,4.445999521518908
2025-03-28,5.13,1.6351056591826783,1.4940570619896787,4.45513365675798
2025-03-31,5.034,1.616214896713124,1.4961404584425488,4.464425141978367
2025-04-01,5.035,1.6164135261705257,1.4982534759864792,4.47386852412941
2025-04-02,5.0405,1.617505283511859,1.5003946331915397,4.4834580426240125
2025-04-03,4.8285,1.5745358604248354,1.5025623884398946,4.493187624192371
2025-04-04,4.402,1.4820589831042699,1.50475513995509,4.503050878043782
2025-04-07,4.186,1.431745624023808,1.506971225916306,4.513041091374487
2025-04-08,4.144,1.421661504957182,1.5092089246618559,4.523151225261526
2025-04-09,4.1925,1.4332972147152268,1.511466454986282,4.533373910984417
2025-04-10,4.3365,1.4670675711423733,1.5137419765355238,4.543701446818473
2025-04-11,4.523,1.509175490495706,1.5160335903047064,4.554125795345417
2025-04-14,4.6255,1.531584473229236,1.5183393392432045,4.5646385813288
2025-04-15,4.626,1.5316925638092476,1.5206572089717136,4.57523109020351
2025-04-16,4.6855,1.5444726335817414,1.5229851286161555,4.585894267230393
2025-04-17,4.739,1.5558261429854512,1.5253209717633105,4.596618717368567
2025-04-21,4.78,1.5644405465033646,1.5276625575431415,4.607394705919489
2025-04-22,4.928,1.5949332262312186,1.5300076518428627,4.618212159998336
2025-04-23,4.895,1.5882142759824736,1.5323539686578274,4.629060670889238
2025-04-24,4.9105,1.5913757696156918,1.5346991715843892,4.639929497342118
2025-04-25,4.895,1.5882142759824736,1.537040875459929,4.650807569869679
2025-04-28,4.8645,1.5819639354333452,1.5393766481552502,4.66168349610357
2025-04-29,4.8725,1.5836071523995787,1.5417040125245929,4.672545567269278
2025-04-30,4.609,1.5280109137383713,1.5440204485185118,4.683381765839256
2025-05-01,4.628,1.5321248093314301,1.5463233954648539,4.69417977442357
2025-05-02,4.673,1.5418012637182892,1.548610254523072,4.704926985956892
2025-05-05,4.699,1.5473497201206787,1.5508783913170539,4.7156105152395975
2025-05-06,4.778,1.5640220489036176,1.5531251387516103,4.726217211889551
2025-05-07,4.6595,1.5389081462435732,1.555347800017695,4.736733674759387
2025-05-08,4.604,1.5269254908596361,1.5575436517913288,4.747146267871943
2025-05-09,4.653,1.5375121728625114,1.5597099476311094,4.757441137923934
2025-05-12,4.621,1.5306111318881295,1.5618439215790314,4.767604233404766
2025-05-13,4.723,1.5524441909139801,1.5639427919692033,4.777621325373861
2025-05-14,4.6505,1.5369747407003846,1.5660037654488481,4.787478029935637
2025-05-15,4.6835,1.5440456936670484,1.5680240412157689,4.797159832446644
2025-05-16,4.5935,1.524642260729384,1.5700008154762077,4.806652113484017
2025-05-19,4.6705,1.5412661323307664,1.5719312861267563,4.815940176598619
2025-05-20,4.654,1.5377270648801,1.5738126576636595,4.825009277869747
2025-05-21,4.672,1.5415872455259259,1.5756421463224948,4.833844657271235
2025-05-22,4.6795,1.5431912666151741,1.5774169854508329,4.842431571851159
2025-05-23,4.8365,1.5761913186404646,1.579134431116038,4.850755330719086
2025-05-27,4.715,1.5507489160854209,1.5807917679498882,4.858801331825975
2025-05-28,4.6505,1.5369747407003846,1.5823863152311755,4.8665551005124605
2025-05-29,4.6755,1.5423361088933645,1.583915433206849,4.874002329791247
2025-05-30,4.6775,1.5427637791661077,1.5853765296516469,4.881128922318921
2025-06-02,4.8585,1.5807297482973566,1.5867670666654534,4.887921034001484
2025-06-03,4.834,1.5756742822812912,1.588084567706873,4.894365119166474
2025-06-04,4.8865,1.5864763007967533,1.5893266248606897,4.900447977222802
2025-06-05,4.933,1.5959473222516012,1.5904909063359907,4.906156800717196
2025-06-06,4.848,1.5785662487670133,1.5915751641907814,4.911479224683777
2025-06-09,4.925,1.5943242746240522,1.592577242277865,4.916403377170599
2025-06-10,4.9,1.589235205116581,1.5934950844056697,4.920917930814274
2025-06-11,4.8145,1.5716321976982015,1.5943267427064847,4.92501215532098
2025-06-12,4.8355,1.5759845361748808,1.5950703862032918,4.928675970699378
2025-06-13,4.8145,1.5716321976982015,1.5957243095649976,4.9319000010784
2025-06-16,4.836,1.5760879327525463,1.5962869420383998,4.934675628930542
2025-06-17,4.809,1.5704891622955257,1.5967568565436405,4.93699504950924
2025-06-18,4.853,1.579597070423079,1.59713277891823,4.938851325297528
2025-06-20,4.8335,1.575570842922523,1.5974135972929355,4.940238440254179
2025-06-23,4.843,1.577534363421092,1.597598371580928,4.941151353633353
2025-06-24,4.867,1.5824777308513172,1.5976863430595718,4.941586053144434
2025-06-25,4.913,1.5918847531865112,1.597676944022112,4.941539607210283
2025-06-26,5.0925,1.627768869118824,1.5975698074742466,4.9410102160747025
2025-06-27,5.123,1.6337402049570653,1.597364776848203,4.939997261503716
2025-06-30,5.0825,1.6258032665203646,1.5970619157044212,4.938501354820257
2025-07-01,5.0995,1.6291424957084357,1.5966615173882992,4.936524383008125
2025-07-02,5.1975,1.6481777407500309,1.5961641146066894,4.934069552618877
2025-07-03,5.1415,1.6373448656871081,1.5955704888859183,4.931141431214446
2025-07-07,5.026,1.6146244391214004,1.5948816798700525,4.927745986078976
2025-07-08,5.6855,1.7379190740826405,1.5940989944149546,4.923890619935572
2025-07-09,5.4865,1.7022905294487167,1.5932240154303527,4.919584203407377
2025-07-10,5.591,1.7211581620445082,1.59225861041869,4.914837103967599
2025-07-11,5.6045,1.723569846479013,1.5912049396559456,4.90966121112984
2025-07-14,5.5505,1.7138880137905648,1.590065463955896,4.904069957638001
2025-07-15,5.5775,1.7187406473245506,1.5888429519554674,4.898078336424489
2025-07-16,5.526,1.7094642265012248,1.587540486854875,4.89170291311579
2025-07-17,5.5125,1.7070182407729644,1.5861614725421982,4.884961833875899
2025-07-18,5.6045,1.723569846479013,1.584709639027905,4.877874828390319
2025-07-21,5.6375,1.7294407048287967,1.583189047110609,4.87046320780596
2025-07-22,5.7215,1.7442310087756323,1.5816040921910635,4.862749857455289
2025-07-23,5.8195,1.761214347399894,1.5799595071470787,4.854759224206041
2025-07-24,5.8015,1.758116504805463,1.5782603641776864,4.846517298290306
2025-07-25,5.785,1.7552683606456398,1.5765120755205595,4.838051589478776
2025-07-28,5.5975,1.7223200694907728,1.574720392942379,4.829391097476661
2025-07-29,5.607,1.7240158171415354,1.5728914058976238,4.8205662764270665
2025-07-30,5.586,1.720263467522985,1.5710315382471458,4.811608993415027
2025-07-31,4.3545,1.4712097931506571,1.5691475434239468,4.802552480870343
2025-08-01,4.4355,1.4896403489785046,1.5672464979298342,4.7934312827696015
2025-08-04,4.4375,1.490091154801534,1.5653357930431748,4.784281194536654
2025-08-05,4.386,1.4784176499956965,1.563423124614845,4.7751391965361
2025-08-06,4.413,1.4845547302874103,1.5615164808267608,4.766043381045333
2025-08-07,4.3985,1.4812635737105921,1.559624127785181,4.757032872577349
2025-08-08,4.4715,1.4977239228040988,1.5577545928193453,4.748147741408047
2025-08-11,4.44,1.4906543764441336,1.5559166453551032,4.73942891013818
2025-08-12,4.5255,1.5097280682850884,1.5541192752330875,4.730918053090986
2025-08-13,4.4975,1.503521686842551,1.5523716683418132,4.72265748831172
2025-08-14,4.4795,1.499511433055496,1.5506831794380178,4.7146900618947525
2025-08-15,4.4925,1.5024093396755769,1.5490633020297042,4.707059024317631
2025-08-18,4.536,1.5120455664254508,1.5475216352019197,4.699807898409722
2025-08-19,4.4885,1.501518570214606,1.5460678472714695,4.6929803385261595
2025-08-20,4.5105,1.5064080121145564,1.5447116361647173,4.686619980436311
2025-08-21,4.5115,1.5066296924524183,1.5434626864226186,4.680770281370901
2025-08-22,4.5275,1.5101699107754314,1.542330622749374,4.6754743496041336
2025-08-25,4.5265,1.509949013933358,1.541324960035861,4.6707747628784
2025-08-26,4.51,1.506297153514587,1.540455049806592,4.666713374911149
2025-08-27,4.4715,1.4977239228040988,1.539730023059616,4.663331109158597
2025-08-28,4.539,1.5127067234743286,1.5391587294929214,4.660667738952139
2025-08-29,4.5905,1.5239889506016175,1.5387496731387833,4.658761653073842
2025-09-02,4.641,1.5349298602590387,1.5385109444595493,4.657649605801607
2025-09-03,4.63,1.5325568680981427,1.5384501489949356,4.657366450437183
2025-09-04,4.5585,1.5169936220428204,1.5385743326924102,4.657944855336979
2025-09-05,4.551,1.5153469890345048,1.5388899040991235,4.659415001503217
2025-09-08,4.5595,1.5172129683915831,1.539402553646497,4.661804260868802
2025-09-09,4.5695,1.5194037897301191,1.5401171703174978,4.665136854532233
2025-09-10,4.618,1.5299617109323036,1.5410377560522095,4.669433490378385
2025-09-11,4.658,1.5385861714621494,1.5421673383200327,4.674710979767959
2025-09-12,4.652,1.537297234656418,1.5435078813671474,4.680981833304623
2025-09-15,4.7175,1.5512789982605684,1.5450601967361381,4.688253836107016
2025-09-16,4.694,1.5462850974288318,1.5468238537513082,4.696529603536467
2025-09-17,4.632,1.532988740270694,1.5487970907685285,4.705806118974493
2025-09-18,4.6005,1.526164993240279,1.5509767281026985,4.716074256021034
2025-09-19,4.6275,1.5320167654655157,1.5533580836692331,4.727318288408753
2025-09-22,4.6075,1.5276854105618414,1.5559348925084269,4.739515392013192
2025-09-23,4.6195,1.5302864741286628,1.5586992315029755,4.752635144593801
2025-09-24,4.7885,1.5662172099795368,1.561641450749,4.766639030334398
2025-09-25,4.7325,1.5544536041013408,1.564750113199054,4.781479957866409
2025-09-26,4.746,1.557302158013572,1.568011944360875,4.79710180225124
2025-09-29,4.892,1.587601217824926,1.5714117940068206,4.813438983358134
2025-09-30,4.8565,1.5803180138602482,1.5749326120242444,4.830416095179525
2025-10-01,4.8825,1.585657383768697,1.5785554407142746,4.847947602843479
2025-10-02,4.9495,1.599286561377725,1.5822594260225638,4.865937626363324
2025-10-03,5.109,1.6310036903486609,1.5860218503569392,4.88427983244212
2025-10-06,5.038,1.6170091779304185,1.589818189808787,4.9028574578379684
2025-10-07,5.0975,1.6287502234664732,1.5936221987418195,4.9215434897882115
2025-10-08,5.0945,1.628161526432203,1.5974060248365598,4.9402010306557465
2025-10-09,5.123,1.6337402049570653,1.6011403577730885,4.958683875146093
2025-10-10,4.894,1.58800996502048,1.6047946147881647,4.9768373289742405
2025-10-13,5.144,1.6378309869353183,1.6083371663437827,4.9944992975421805
2025-10-14,5.023,1.6140273647679075,1.6117356050783482,5.011501671814449
2025-10-15,5.0145,1.612333715546126,1.6149570610622548,5.027672035937237
2025-10-16,4.999,1.6092378924314332,1.6179685661273409,5.042835717030107
2025-10-17,4.9695,1.6033192314259233,1.6207374696620114,5.056818191800228
2025-10-20,5.036,1.6166121161821005,1.6232319077349628,5.069447857036041
2025-10-21,4.966,1.602614687085975,1.6254213267011122,5.08055916153399
2025-10-22,4.9955,1.6085375071909362,1.6272770615204082,5.089996085577607
2025-10-23,5.1105,1.631297246786994,1.6287729678468486,5.097615940797459
2025-10-24,5.1225,1.6336426011309177,1.6298861054805194,5.103293448280545
2025-10-27,5.146,1.6382197138595525,1.6305974689758311,5.106925036482011
2025-10-28,5.145,1.638025369286013,1.6308927590173679,5.108433283262326
2025-10-29,5.237,1.6557488152973507,1.630763185562308,5.107771408793478
2025-10-30,5.104,1.6300245460424887,1.6302062906565031,5.104927708810416
2025-10-31,5.089,1.6270813476066956,1.6292267752137757,5.099929801448953
2025-11-03,5.069,1.6231435594902124,1.6278373098646315,5.092848546425278
2025-11-04,4.9485,1.5990845003546088,1.6260593052023373,5.083801483209039
2025-11-05,4.986,1.606633985101366,1.6239236113701319,5.072955625575318
2025-11-06,4.9675,1.602916695443835,1.6214711109596462,5.060529443657719
2025-11-07,4.957,1.6008007190384368,1.618753162683608,5.046793861137577
2025-11-10,5.106,1.6304163188192922,1.6158318463580443,5.032072093778683
2025-11-11,5.066,1.6225515515794835,1.6127799525702748,5.016738154894244
2025-11-12,5.1055,1.6303183900134557,1.609680653313276,5.001213851715634
2025-11-13,5.102,1.6296326197196198,1.6066267832675931,4.98596409178611
2025-11-14,5.063,1.6219591929877721,1.603719655923187,4.971490307996598
2025-11-17,5.0865,1.626589971251666,1.6010673352032878,4.958321792526964
2025-11-18,5.0505,1.6194872482871019,1.5987822828237774,4.947004702512619
2025-11-19,5.097,1.6286521313579048,1.5969783058059472,4.938088464484467
2025-11-20,5.0485,1.6190911694622385,1.595766739316602,4.932109264809857
2025-11-21,5.096,1.6284559182698621,1.5952518198277215,4.929570279370759
2025-11-24,5.026,1.6146244391214004,1.595525235566868,4.930918285747051
2025-11-25,5.0625,1.6218604324326575,1.5966598891290469,4.936516345073168
2025-11-26,5.194,1.6475041132405568,1.5987029753599908,4.946612383673434
2025-11-28,5.272,1.662409797200206,1.6016685711724499,4.961303810293653
2025-12-01,5.303,1.668272698154993,1.6055300580566576,4.980498856744158
2025-12-02,5.243,1.6568938535903959,1.6102128575945156,5.003876227539977
2025-12-03,5.389,1.6843598389513597,1.6155881587559615,5.030845989595903
2025-12-04,5.3735,1.681479465299071,1.6214685533200703,5.060516500663891
2025-12-05,5.462,1.6978150230515132,1.6276067662566502,5.091674558079437
2025-12-08,5.4445,1.6946059248039784,1.6336989540468558,5.122788675945682
2025-12-09,5.32,1.6714733033535532,1.6393943100908521,5.152048023503716
2025-12-10,5.3535,1.6777505526161878,1.6443128980303319,5.177451247557516
2025-12-11,5.5015,1.7050207823278303,1.648073622884535,5.196958875564934
2025-12-12,5.359,1.6787773905127132,1.650333875433703,5.208718600078557
2025-12-15,5.412,1.6886187103085415,1.6508413911363313,5.21136277748269
2025-12-16,5.359,1.6787773905127132,1.6494968894298316,5.204360799475646
2025-12-17,5.4355,1.6929515126619181,1.6464226319955841,5.188385822774496
2025-12-18,5.4375,1.6933193964148026,1.6420266271218196,5.165627712442338
2025-12-19,5.51,1.706564623164823,1.6370443871327547,5.13995532159578
2025-12-22,5.5095,1.7064738749456947,1.6325300346058809,5.116804047126286
2025-12-23,5.552,1.7141582232045034,1.6297577706133688,5.10263855981724
2025-12-24,5.575,1.7182923173461826,1.6299882984418943,5.103814995599569
2025-12-26,5.8395,1.764645176736483,1.634064589610426,5.1246620921431845
2025-12-29,5.537,1.71145283784083,1.6418510716150287,5.1647209376483705
2025-12-30,5.7815,1.7546631645868795,1.651659567897519,5.2156283381547
2025-12-31,5.682,1.7373032834319964,1.6600604739108482,5.259628905159119
2026-01-02,5.6915,1.7389738337831342,1.6628453099590095,5.274296523310714
2026-01-05,5.9755,1.7876677763247986,1.6580696768231646,5.2491684670121295
2026-01-06,6.0625,1.8021222562636017,1.6508091021786648,5.211194510727177
2026-01-07,5.8605,1.768234924181098,1.6536549938548015,5.226046128832429
2026-01-08,5.7965,1.757254287128319,1.6681104166668645,5.302139491092676
2026-01-09,5.9025,1.775375989977531,1.664316035973743,5.282059275458471
2026-01-12,6.0315,1.7969957360233013,1.6744938336261241,5.336093514287726
