window_start,window_end,tc_index,tc_days_ahead,tc_date_approx,m,w,A,B,C1,C2,r2,bubble_flag
2020-10-13,2021-06-29,221.20129029230785,42.201290292307846,2021-08-10,0.01,13.0,15.38873136524734,-8.07570559566489,-0.008253841900343284,0.026618157624938965,0.8476844562423409,1
2020-10-20,2021-07-07,215.64554222845769,36.645542228457685,2021-08-13,0.01,13.0,15.53008486951547,-8.211087384316802,-0.00680066364306231,0.026224350437795252,0.8622043348980095,1
2020-10-27,2021-07-14,207.5035862534412,28.5035862534412,2021-08-12,0.01,12.584034549468152,14.942009759139488,-7.65327686022795,0.022845074528714093,-0.012642488278891056,0.8710292465885084,1
2020-11-03,2021-07-21,204.29490017502417,25.294900175024168,2021-08-15,0.01,13.0,15.021638853902347,-7.726919609703371,-0.001160340165051843,0.026480505695651302,0.883871153363127,1
2020-11-10,2021-07-28,202.9710485614966,23.971048561496588,2021-08-21,0.01,13.0,15.11493092872959,-7.81380356293366,-0.013046012573799226,0.022946782428733603,0.8839878991863989,1
2020-11-17,2021-08-04,195.53842016536458,16.538420165364585,2021-08-21,0.23280523704438394,13.0,7.271306013958183,-0.11596265362810955,-0.0020870716132775228,0.008898899074598728,0.8755621304239298,1
2020-11-24,2021-08-11,194.91426139070572,15.914261390705718,2021-08-27,0.3138352004107659,13.0,7.205329701679211,-0.06349864023728029,-0.004752298291133416,0.004314116915216906,0.8816383554186553,1
2020-12-01,2021-08-18,189.72913708967224,10.729137089672236,2021-08-29,0.5018331752873758,13.0,7.109702929808812,-0.017139989173759734,-0.0020769238638364425,0.0018193957930002407,0.8790628578341293,1
2020-12-08,2021-08-25,185.43677759748007,6.436777597480074,2021-08-31,0.7060675194611106,13.0,7.071192152819178,-0.0051517151051330085,-0.0009713150547505662,0.0006646833638056399,0.8933613617276348,1
2020-12-15,2021-09-01,180.21840992979824,1.2184099297982414,2021-09-02,0.8296649313449845,12.981957637308893,7.058010823886398,-0.0026260398670447734,-0.0005383176124286355,0.00047021702463982034,0.9001709878024395,1
2020-12-22,2021-09-09,180.0,1.0,2021-09-10,0.9114046523108451,13.0,7.062481802646477,-0.0017971626882879437,-0.0004830337084850651,7.984051108424098e-05,0.900521084495998,1
2020-12-30,2021-09-16,180.0,1.0,2021-09-17,0.99,13.0,7.062065844815287,-0.0011842043219149295,-0.0002939509657897887,-8.486184301398228e-05,0.8818659859340757,1
2021-01-07,2021-09-23,180.0,1.0,2021-09-24,0.99,13.0,7.064518970475222,-0.0011502514243063628,-0.0001959017043008691,-0.00018448165711270064,0.8624460355668716,1
2021-01-14,2021-09-30,299.0,120.0,2022-01-28,0.99,6.0,7.031594820142443,-0.00021245400517302314,5.4146192018252555e-05,-0.0002849272285140895,0.8131882097929448,1
2021-01-22,2021-10-07,299.0,120.0,2022-02-04,0.99,6.0,6.9845088082080995,4.450271843984992e-05,0.00012068404893932259,-0.0003292670199287536,0.8053557536453406,0
2021-01-29,2021-10-14,299.0,120.0,2022-02-11,0.99,6.0,6.955770795189385,0.0001923516725329931,0.00018479096821935015,-0.00033345912204606616,0.8003326775619781,0
2021-02-05,2021-10-21,299.0,120.0,2022-02-18,0.99,6.0,6.975888277713937,7.36533379801737e-05,0.00021898554457001483,-0.0002640096054250027,0.7994881351401745,0
2021-02-12,2021-10-28,268.20743291324527,89.20743291324527,2022-01-25,0.01,6.0,17.277156270199676,-9.779840541043509,0.014500456785954574,-0.038466195960827454,0.8077765185295224,1
2021-02-22,2021-11-04,269.5931538632941,90.5931538632941,2022-02-03,0.01,6.0,19.99494548874621,-12.360667443852478,0.029944427257054818,-0.029535463937482298,0.828841944934416,1
2021-03-01,2021-11-11,280.7390379395549,101.73903793955492,2022-02-21,0.01,6.0,23.650346461969775,-15.82413138177108,0.04611768818532758,-0.0025509647980057615,0.8336457735560747,1
2021-03-08,2021-11-18,264.72222735338585,85.72222735338585,2022-02-12,0.01,6.0,20.777801409578597,-13.101728176141863,0.036121474465792947,-0.022517243658839448,0.8215017856122381,1
2021-03-15,2021-11-25,246.1029147747156,67.1029147747156,2022-01-31,0.1770675524285507,6.0,7.528728149039824,-0.21936781201813943,0.003793600685541125,-0.015400362470082491,0.8089983983781895,1
2021-03-22,2021-12-02,221.14837636342068,42.14837636342068,2022-01-13,0.7177393127945972,6.0,7.075492719359398,-0.0021854608515560203,-0.0007895205769315233,-0.00066472608180131,0.78755598106198,1
2021-03-29,2021-12-09,209.47739664932953,30.477396649329535,2022-01-08,0.6263446308779287,6.0,7.069888427817719,-0.0031492509571349127,-0.001624853251092112,-0.0004285362250095254,0.7749882119366815,1
2021-04-06,2021-12-16,204.15614896608395,25.156148966083947,2022-01-10,0.566625861297792,6.0,7.076930364645327,-0.004617897225227698,-0.0021316933266829754,-0.0004161472700969464,0.7591898536544075,1
2021-04-13,2021-12-23,193.11833949573594,14.118339495735938,2022-01-06,0.4713662521056015,6.0,7.083573219386095,-0.008046078637703413,-0.0034231382106170768,0.0006471076029848919,0.7463362386607852,1
2021-04-20,2021-12-31,190.1949660482366,11.194966048236608,2022-01-11,0.36799591007858895,6.0,7.111380436605681,-0.018082779304602406,-0.005603353242224173,0.0002880134521583474,0.7470314105877913,1
2021-04-27,2022-01-07,252.76484325904494,73.76484325904494,2022-03-22,0.9369484452831472,8.971593135770886,7.091081063311072,-0.0006368057535025413,-0.0002161324306070827,9.139159791299886e-05,0.71143902605544,1
2021-05-04,2022-01-14,233.7810433842469,54.781043384246914,2022-03-10,0.99,8.150840374541394,7.078952653403394,-0.00046070343171407575,-0.0001237524804605969,-0.00018075008858847597,0.6828005685146021,0
2021-05-11,2022-01-24,275.6754924456421,96.67549244564208,2022-05-01,0.44917553297911805,11.878830976703435,7.132459786486514,-0.010988473844364277,0.0018810769343317916,0.0023715538541857948,0.569117004177214,0
2021-05-18,2022-01-31,285.3679626305437,106.36796263054367,2022-05-17,0.01,13.0,9.603562347267465,-2.452021198809896,0.006884403825667074,0.030590847723680526,0.4752119360918523,0
2021-05-25,2022-02-07,282.3689885688109,103.36898856881089,2022-05-21,0.01,13.0,7.7267099065464535,-0.6709196756537978,0.005503516103801009,0.03021257887592102,0.4296155056704951,0
2021-06-02,2022-02-14,281.51440260053806,102.51440260053806,2022-05-28,0.01,13.0,5.970800610651741,0.9946143671558385,-0.0012006760542427886,0.029580831914304363,0.3967424095710188,0
2021-06-09,2022-02-22,293.44902045406883,114.44902045406883,2022-06-16,0.01,6.0,-8.84897545208797,15.053114288655864,0.02743186740387693,-0.04137466386751543,0.5141611497173522,0
2021-06-16,2022-03-01,259.0612545128685,80.06125451286852,2022-05-20,0.01,6.0,-2.750874251146648,9.288655533082535,-0.018430606825728946,-0.03454004693203028,0.5828430195521241,0
2021-06-23,2022-03-08,240.18959846162588,61.18959846162588,2022-05-08,0.01,6.0,-1.2245054932737696,7.848239982807633,-0.034506130871952534,-0.01488645846222414,0.6362705633746532,0
2021-06-30,2022-03-15,236.473571169357,57.473571169357,2022-05-11,0.01,6.0,-2.224450089242513,8.800115677613263,-0.03608685883397289,-0.013936553840152133,0.6979468836866203,0
2021-07-08,2022-03-22,226.13576631894836,47.135766318948356,2022-05-08,0.01,6.0,-2.144399493204756,8.72934928821012,-0.039437752411483284,-0.0014845280094690771,0.7275438920692847,0
2021-07-15,2022-03-29,218.91291483795928,39.91291483795928,2022-05-08,0.01,6.0,-2.1836555409503724,8.76962431072897,-0.03992079044792107,0.0051164019302185615,0.7384200381383952,0
2021-07-22,2022-04-05,231.9397793634076,52.93977936340761,2022-05-28,0.01,7.197038201371496,-3.268913835760168,9.791447656978589,-0.03994005281870194,-0.013782000615297108,0.7357903753152415,0
2021-07-29,2022-04-12,251.84340806105172,72.84340806105172,2022-06-24,0.01,8.974880451037187,-5.210202958035399,11.620837137553812,0.018396897741286056,0.04019734780396833,0.7559589483669495,0
2021-08-05,2022-04-20,280.4490861230085,101.4490861230085,2022-07-30,0.01,11.333961213807395,-7.983006462153379,14.229498900034052,-0.04142845713675891,0.019090420192540813,0.7787874410643258,0
2021-08-12,2022-04-27,296.3700155953138,117.37001559531382,2022-08-22,0.01,13.0,-10.260405941807266,16.373817935431045,0.045791408680155854,0.010439091117947412,0.8040794530215377,0
2021-08-19,2022-05-04,290.4055947688644,111.40559476886438,2022-08-23,0.01,13.0,-10.5171338734877,16.61976659427399,0.04755067679334468,0.004404458379439799,0.8273660782238491,0
2021-08-26,2022-05-11,282.27288956660664,103.27288956660664,2022-08-22,0.3222235314973944,13.0,6.432429704270582,0.10486753536633339,0.009447339977443426,-0.001657442728056216,0.8553018358761014,0
2021-09-02,2022-05-18,274.6669945903362,95.66699459033617,2022-08-22,0.6864754155261896,13.0,6.72278212869196,0.0076551227030172845,0.0013470494807808053,-0.0005444396680322023,0.8730922462959761,0
2021-09-10,2022-05-25,269.41853185586797,90.41853185586797,2022-08-23,0.7941845176576656,13.0,6.769361929542758,0.0036125658738998864,0.000765599269024391,-0.00027325892786256875,0.873545685679705,0
2021-09-17,2022-06-01,209.37292437176237,30.372924371762366,2022-07-01,0.19876798841947244,7.879027863633007,6.562438581210968,0.1638178526712539,-0.0008151452691943055,0.019891534127145213,0.8699875630549636,0
2021-09-24,2022-06-08,207.85655755199127,28.856557551991273,2022-07-07,0.30328828683829173,8.106281245378197,6.71482710494129,0.062322668035845435,-0.01291544390018677,0.0023699554637131286,0.9001154371509756,0
2021-10-01,2022-06-15,200.74434655478422,21.744346554784215,2022-07-07,0.3025325839674798,7.911489846895811,6.726538349661076,0.05978583251407124,-0.004055907036317325,0.013184602976821424,0.9135072935145699,0
2021-10-08,2022-06-22,195.32907670624394,16.32907670624394,2022-07-08,0.27611481329946524,7.86151325507016,6.705570758411307,0.07357307436445229,-0.0005055750401103103,0.015620545282650515,0.9228183035569304,0
2021-10-15,2022-06-29,190.38629349649034,11.386293496490339,2022-07-10,0.26776240103883225,7.8308099332852485,6.7020002157535945,0.07775937221764476,0.0013248647676890046,0.016013374101929725,0.9276789176620078,0
2021-10-22,2022-07-06,184.46649161108135,5.466491611081352,2022-07-11,0.4242658978394678,7.719495562088318,6.802960469391514,0.023321034249824964,0.004927688665156318,0.0059725789004380185,0.9208734073864864,0
2021-10-29,2022-07-13,182.07612216257004,3.0761221625700443,2022-07-16,0.5140696072054168,8.102478696190502,6.824802057780506,0.013066281617464223,-0.004873843467628692,0.0013811813258229658,0.9215169939674778,0
2021-11-05,2022-07-20,180.0,1.0,2022-07-21,0.6024185017249647,8.554413899913245,6.8377840183852605,0.007664391723020381,0.0015772242340895805,-0.0029031327799667233,0.9201791677842668,0
2021-11-12,2022-07-27,180.3278614025072,1.3278614025072102,2022-07-28,0.7545951546129316,9.20619073117033,6.85189836046366,0.0031844187952793186,-0.0011720901278932654,0.0009744174765910029,0.9071335494668696,0
2021-11-19,2022-08-03,180.0,1.0,2022-08-04,0.9478460590750247,9.836158728809032,6.868626618543118,0.0010184873910975426,0.0005197754242135869,-0.0002633521939225845,0.8785131471412626,0
2021-11-26,2022-08-10,180.0,1.0,2022-08-11,0.99,10.560711443841525,6.874101264120964,0.0007411175373316711,-0.0004505073651936575,-0.00013002061480463077,0.847827706121213,0
2021-12-03,2022-08-17,180.0,1.0,2022-08-18,0.99,11.213493221172778,6.878595269112682,0.0006670097896426416,0.00034313844643694855,0.00030626552197498516,0.7993694934824969,0
2021-12-10,2022-08-24,180.0,1.0,2022-08-25,0.99,11.874452424870569,6.879038036417375,0.0006348497777720397,-0.00013517430335858695,-0.0004202791114507665,0.7672742409738734,0
2021-12-17,2022-08-31,180.0,1.0,2022-09-01,0.99,12.51309891750915,6.8764447583561905,0.000629152972409106,-5.676174197254113e-05,0.00041266834129556325,0.7364878405572033,0
2021-12-27,2022-09-07,180.0,1.0,2022-09-08,0.99,13.0,6.869775507324445,0.0006582277080276966,-4.752527739775021e-05,-0.00037878755939297254,0.6966725054281799,0
2022-01-03,2022-09-14,180.0,1.0,2022-09-15,0.99,13.0,6.865769855907242,0.0006525135393596882,0.00010348762643761122,-0.000292685498171604,0.6211570256205439,0
2022-01-10,2022-09-21,209.27549082170245,30.275490821702448,2022-10-21,0.01,6.0,2.2982170645374373,4.400607328318806,0.018336419722631836,-0.02175748690103063,0.5928911246171021,0
2022-01-18,2022-09-28,287.46892024775985,108.46892024775985,2023-01-14,0.01,13.0,-6.3019421036621095,12.532847486759414,0.0005196774359982337,0.032604713998750486,0.6591741819778134,0
2022-01-25,2022-10-05,180.42528038134964,1.425280381349637,2022-10-06,0.01,6.0,1.5516932568044692,5.123986146825996,-0.018581949626960442,-0.01175820336626654,0.7048533145431066,0
2022-02-01,2022-10-12,180.0,1.0,2022-10-13,0.01,6.315476360557869,0.11175687494752853,6.496728174670781,0.014568089003039963,-0.016503163538889296,0.7740993413902748,0
2022-02-08,2022-10-19,299.0,120.0,2023-02-16,0.01,6.0,-39.238575211054076,43.73924260299983,0.05842753272251855,-0.06354010422570333,0.7945371939785544,0
2022-02-15,2022-10-26,261.8372022457879,82.83720224578792,2023-01-17,0.01,6.0,-24.573271123226338,29.894388677927413,-0.027597994916608748,-0.058184693962823,0.8333855547189777,0
2022-02-23,2022-11-02,234.75075635799757,55.750756357997574,2022-12-28,0.01,6.0,-17.594060303101145,23.303542971509266,-0.05824630181577284,-0.0029560878846734417,0.8642190885275169,0
2022-03-02,2022-11-09,223.0578049800466,44.0578049800466,2022-12-23,0.01,6.0,-16.51799161213566,22.294193954536656,-0.055711782885439654,0.023122785799788215,0.89203549662186,0
2022-03-09,2022-11-17,214.31179422417617,35.31179422417617,2022-12-22,0.01,6.0,-15.395227904949328,21.23571042391941,-0.050573941345114726,0.04167920169533579,0.8928795822043213,0
2022-03-16,2022-11-24,230.3493205487952,51.34932054879519,2023-01-14,0.01,7.508475121670115,-19.155255081803787,24.78015099084684,-0.008385893998335447,-0.07095985986779008,0.9065205148669022,0
2022-03-23,2022-12-01,258.16120981354516,79.16120981354516,2023-02-18,0.01,9.727056524958604,-24.768067038390786,30.057766200237015,0.02735473327568072,-0.07068102434059309,0.9079614554333698,0
2022-03-30,2022-12-08,292.6093882848694,113.6093882848694,2023-04-01,0.01,12.359946534238706,-31.630753234591992,36.49985416008522,-0.05676528940003012,0.05486003608971357,0.9094814095486459,0
2022-04-06,2022-12-15,299.0,120.0,2023-04-14,0.01,13.0,-32.666182865328445,37.46311104589764,0.07996851865678911,0.014516001315888288,0.895059570537932,0
2022-04-13,2022-12-22,297.7942689259582,118.79426892595819,2023-04-20,0.01,13.0,-32.39704035823208,37.202730250344246,0.074315742445894,0.03231437789295831,0.8839710325560393,0
2022-04-21,2022-12-30,299.0,120.0,2023-04-29,0.01000000000000012,13.0,-31.37093454877025,36.21943311443934,0.053199372589773475,0.05739209328603395,0.8626681843851085,0
2022-04-28,2023-01-09,299.0,120.0,2023-05-09,0.01,11.62310255587322,-25.763310052063627,30.888621104660636,0.06969833460959457,0.023812882346967434,0.8215951023879444,0
2022-05-05,2023-01-16,299.0,120.0,2023-05-16,0.01,10.30507571612806,-17.77499521268258,23.30030504494569,0.07975767355154195,-0.0018704857393094798,0.8010202741234715,0
2022-05-12,2023-01-23,299.0,120.0,2023-05-23,0.01,9.886547903467882,-14.050312633775274,19.76234728599105,-0.03718301437817492,-0.07446254151124165,0.788781324107969,0
2022-05-19,2023-01-30,299.0,120.0,2023-05-30,0.3057264971121596,9.470622141808022,6.257013902197264,0.1038190676060818,-0.010576865640533555,0.014437802454869562,0.7719350700469647,0
2022-05-26,2023-02-06,299.0,120.0,2023-06-06,0.8549278506805089,9.079689037677054,6.676137573814942,0.001069789256354692,0.0009973811207606071,0.00022284016928088583,0.7560956511687089,0
2022-06-02,2023-02-13,299.0,120.0,2023-06-13,0.99,9.331143989785911,6.718748267991346,0.00027827354706681665,-7.103015246443332e-05,0.0005092863571250158,0.7614165940268891,0
2022-06-09,2023-02-20,180.0,1.0,2023-02-21,0.99,6.0,6.77263448116288,-8.345520691557215e-05,-0.0001984970346256146,-0.0012379278947130528,0.7814136305716333,1
2022-06-16,2023-02-27,180.0,1.0,2023-02-28,0.99,6.160487906547226,6.77565597149756,-0.00015000498164134755,0.0008943610717688298,-0.0008564985174428223,0.7963658272470837,1
2022-06-23,2023-03-06,180.0,1.0,2023-03-07,0.99,6.690366212183455,6.770996886732051,-8.206425263886289e-05,-0.0005364903066364107,0.0010427835294622378,0.786091633183515,1
2022-06-30,2023-03-13,180.0,1.0,2023-03-14,0.99,7.419017448421071,6.765707812663806,-3.247796665589356e-05,0.001011197719451578,-0.0005070891931649901,0.7878792697863172,1
2022-07-07,2023-03-20,180.0,1.0,2023-03-21,0.99,8.032078451235023,6.763676155470317,-2.2668025197671553e-05,-0.0010215570746079162,0.0003858286320490135,0.7860851162238383,1
2022-07-14,2023-03-27,180.0,1.0,2023-03-28,0.99,8.648116166742396,6.7607368898184115,-1.4455481280376795e-06,0.0010267955201322104,-0.000208249207150103,0.7803662396231867,1
2022-07-21,2023-04-03,180.0,1.0,2023-04-04,0.99,9.295438790706077,6.760172415110459,3.7125221605034827e-06,-0.00098911764377001,-0.00016243989387272005,0.7663505546566434,0
2022-07-28,2023-04-11,209.09065936906097,30.090659369060972,2023-05-11,0.99,6.0,6.738823211393677,0.00037545117895862733,0.0003019765287816662,0.0007952688189627624,0.7673881845963456,0
2022-08-04,2023-04-18,204.41571140796245,25.415711407962448,2023-05-13,0.99,6.0,6.736787646924262,0.0004064135956918416,0.00029195764019191513,0.0008228211543308215,0.7451284561883981,0
2022-08-11,2023-04-25,199.87345136641673,20.87345136641673,2023-05-16,0.99,6.0,6.7371631063724235,0.00040633852642491463,0.0002778976653642556,0.0008299447266416108,0.709512435772673,0
2022-08-18,2023-05-02,180.0,1.0,2023-05-03,0.99,12.394887326901593,6.771971156397781,-0.00021030326307668265,0.0003379295393654521,0.0006674906654840632,0.665352269543658,0
2022-08-25,2023-05-09,180.0,1.0,2023-05-10,0.99,13.0,6.773036652588854,-0.0002435514652127479,-0.00013938580693209277,-0.00065420545373278,0.627108457378077,0
2022-09-01,2023-05-16,185.924719108033,6.924719108033003,2023-05-23,0.99,6.0,6.745641280112879,0.00026403502415622496,0.00017892174210772994,0.0007264730859915705,0.5689995646009702,0
2022-09-08,2023-05-23,181.73061229133276,2.7306122913327613,2023-05-26,0.99,6.0,6.746013184336713,0.00023882162357524928,0.0001182092079568123,0.0007036607843373474,0.5500320692484402,0
2022-09-15,2023-05-30,181.04503576829381,2.0450357682938147,2023-06-01,0.99,6.0,6.749152327218567,0.0001534575957270249,-9.93740763276534e-05,0.0006187248455835531,0.5773008938205384,0
2022-09-22,2023-06-06,180.0,1.0,2023-06-07,0.99,6.0,6.756348358156126,2.7013296984156228e-05,-0.0002747205549904032,0.0004913529390522094,0.6280121494252491,0
2022-09-29,2023-06-13,180.59202903964265,1.5920290396426537,2023-06-15,0.99,6.0,6.763869551258654,-8.617498325503407e-05,-0.0004141758815116175,0.00031941419502794986,0.6475662499070576,0
2022-10-06,2023-06-21,299.0,120.0,2023-10-19,0.99,6.0,7.02596834388689,-0.0015521414170182465,8.986361793500006e-05,0.00047119980336846425,0.7186516834688594,1
2022-10-13,2023-06-28,299.0,120.0,2023-10-26,0.99,6.0,7.03184516015703,-0.001561405640205499,4.1098474447602196e-05,0.00048005315403772635,0.6785632145537219,0
2022-10-20,2023-07-06,299.0,120.0,2023-11-03,0.99,6.0,7.0327273340807315,-0.0015311164359889356,-2.0817199668191324e-05,0.00046294710394020314,0.6153428214078418,0
2022-10-27,2023-07-13,299.0,120.0,2023-11-10,0.99,7.669263531217154,6.903745347116642,-0.0007681379297638651,-7.9315192689123e-05,-0.00025837172962036236,0.5444096800419985,0
2022-11-03,2023-07-20,299.0,120.0,2023-11-17,0.99,8.340782962647427,6.874518847620935,-0.0005850621102764615,-8.64294498350437e-05,0.00020378761147540745,0.5008922746204117,0
2022-11-10,2023-07-27,299.0,120.0,2023-11-24,0.01,9.39411834280667,12.487759378696289,-5.424892793297461,-0.0006610969599195604,0.030408163194876492,0.4789335720720551,0
2022-11-18,2023-08-03,299.0,120.0,2023-12-01,0.09960683278356934,9.629360186874493,7.400540942980146,-0.3725154291133052,-0.019356952735042093,0.0014851521738332499,0.5046728772655897,0
2022-11-25,2023-08-10,299.0,120.0,2023-12-08,0.3286596490491913,10.047283024944036,6.978592859334416,-0.0365075638530922,0.004306672827473098,-0.004077481948357095,0.5151000111905586,0
2022-12-02,2023-08-17,299.0,120.0,2023-12-15,0.6856894963578158,10.636949427186009,6.882447581796457,-0.002938576985847356,-0.0008086606701893232,0.00046177829186841353,0.528995195347219,0
2022-12-09,2023-08-24,299.0,120.0,2023-12-22,0.99,11.21016168480894,6.854640823554981,-0.00043374652308893414,0.00017853743800142543,-6.445212732204903e-05,0.5349664774513692,0
2022-12-16,2023-08-31,299.0,120.0,2023-12-29,0.99,11.730971573110859,6.862942846314111,-0.0004673730939556916,-0.000171747529589281,8.379269257515647e-05,0.5566219797077769,0
2022-12-23,2023-09-08,271.00571963251895,92.00571963251895,2023-12-09,0.99,10.204993880494657,6.854381376998921,-0.0004722706155830225,0.00019560345905720753,-7.863845472271533e-05,0.5459326757261026,0
2023-01-03,2023-09-15,236.17973030827963,57.17973030827963,2023-11-11,0.5898480103951891,7.762936591353491,6.860963065335062,-0.004406983038830652,-0.0005290434561486594,-0.0017665674031170369,0.5759890056765926,0
2023-01-10,2023-09-22,271.4517018359823,92.4517018359823,2023-12-23,0.99,8.88387200435959,6.8190563420612325,-0.00021254839276504996,0.0002009654856553847,-4.817961130321794e-05,0.5958244357217175,0
2023-01-17,2023-09-29,299.0,120.0,2024-01-27,0.8970654845598736,8.373083243332285,6.748850377544358,0.0003283051814040476,7.423235774109977e-05,-0.00037101011976854866,0.6023831584625678,0
2023-01-24,2023-10-06,299.0,120.0,2024-02-03,0.99,6.795043772009091,6.63703698833379,0.0008114368755174174,-0.00035175280331595487,7.138949305067542e-05,0.6538117141762703,0
2023-01-31,2023-10-13,264.09185425060537,85.09185425060537,2024-01-06,0.99,7.051195163399033,6.735793140425018,0.0003331449994142758,-0.0003069298226468665,-1.304240559474105e-05,0.634925686234294,0
2023-02-07,2023-10-20,299.0,120.0,2024-02-17,0.99,8.191958371129148,6.710807182705713,0.00038062418807372476,-4.048074946094109e-05,-0.0002480316108936207,0.6347078620570188,0
2023-02-14,2023-10-27,299.0,120.0,2024-02-24,0.99,7.431448771132693,6.671981216764974,0.0005618578427116389,0.00022031494153813293,0.00016910410686958658,0.6699241677128499,0
2023-02-21,2023-11-03,258.4990342837176,79.4990342837176,2024-01-21,0.01,6.7003109634177065,4.380466499080416,2.277544915991072,-0.014719265530467155,0.03639895451667896,0.6672727040135356,0
2023-02-28,2023-11-10,234.6650208432155,55.6650208432155,2024-01-05,0.01,6.0,4.826484064615346,1.856921353033946,-0.028423975376622057,-0.02719879344918618,0.6554260335229253,0
2023-03-07,2023-11-17,226.8213215420651,47.82132154206511,2024-01-04,0.01,6.0,5.103013742090136,1.5950753256519066,-0.03257850288184233,-0.02388712114186048,0.6456635617845283,0
2023-03-14,2023-11-27,224.3938574214419,45.39385742144191,2024-01-11,0.01,6.216556720180076,5.31989564245192,1.3901007514769605,0.008915082172099131,-0.04028300185243036,0.6469015090055092,0
2023-03-21,2023-12-04,278.1399893652204,99.1399893652204,2024-03-12,0.01,10.00992654293005,5.595899337990006,1.12660238648003,-0.02139972477918166,0.037723120887412726,0.6475544257038077,0
2023-03-28,2023-12-11,299.0,120.0,2024-04-09,0.01,11.759848047058377,5.682717087637522,1.0449829449638746,0.04409592573401455,0.007716853582935529,0.664120364659158,0
2023-04-04,2023-12-18,226.3515666676619,47.3515666676619,2024-02-03,0.01,6.0,10.344963782422468,-3.400957355339978,0.017091629642849715,-0.04522146684297826,0.6946121424211216,0
2023-04-12,2023-12-26,226.41746435070337,47.41746435070337,2024-02-11,0.01,6.0,12.01253212008081,-4.989859459544418,0.030375559928425444,-0.04235109450358804,0.7473650394995444,1
2023-04-19,2024-01-03,230.56219801876952,51.56219801876952,2024-02-24,0.01,6.276355226060114,13.778227211305145,-6.6685388534725645,0.0375293251948981,0.04077632357085159,0.8009731500702897,1
2023-04-26,2024-01-10,249.1841986560266,70.18419865602661,2024-03-20,0.01,7.557326033698084,15.244812263396422,-8.050618121959591,-0.028015609546160336,0.049252322309659036,0.8295455389289806,1
2023-05-03,2024-01-18,274.2401748478165,95.24017484781649,2024-04-22,0.01,9.206677760267036,16.968977261919353,-9.671679804347061,0.05093830889867945,-0.026915467628604722,0.8477658170893626,1
2023-05-10,2024-01-25,219.6838581285715,40.6838581285715,2024-03-06,0.8014530840905509,6.0,6.946026549017439,-0.0034508479941528993,0.0013666905169222184,-0.0005395767420229453,0.8472548613390921,1
2023-05-17,2024-02-01,215.49085054086666,36.49085054086666,2024-03-08,0.99,6.0,6.932514119213725,-0.0012699486634504295,0.0005789321652534655,-0.00021098748737924852,0.8486792623722168,1
2023-05-24,2024-02-08,207.10812819432988,28.10812819432988,2024-03-07,0.9270999886373794,6.0,6.937491590858593,-0.0018222467335191877,0.0007534546922130731,-0.00041246325927289445,0.8515141146122398,1
2023-05-31,2024-02-15,202.113620177258,23.113620177258014,2024-03-09,0.9224736668568009,6.0,6.937934030754991,-0.0018678937041318013,0.0007689996532374305,-0.00042031775108466914,0.8597916467772058,1
2023-06-07,2024-02-23,197.06783858831847,18.067838588318466,2024-03-12,0.99,6.0,6.932525551429504,-0.0013141189056451003,0.0005584439905367309,-0.00032325574318007325,0.8697922729119774,1
2023-06-14,2024-03-01,186.98085476903785,7.9808547690378475,2024-03-09,0.8729300012400703,6.0,6.940760277799646,-0.0025458033781330905,0.0008121021430809206,-0.000836854074433666,0.879040667365709,1
2023-06-22,2024-03-08,181.20291407854594,2.2029140785459447,2024-03-10,0.7296893381294854,6.0,6.96406940735406,-0.005842087431936531,0.0014165073384860647,-0.001751191320715443,0.8969675331965498,1
2023-06-29,2024-03-15,180.0,1.0,2024-03-16,0.6919707045196279,6.077562814960556,6.978891508634164,-0.007318132615256024,0.0024826594311991323,-0.0007697421939815102,0.9025178911112225,1
2023-07-07,2024-03-22,180.0,1.0,2024-03-23,0.8310001902313489,6.466378579981277,6.97013430192337,-0.003519872448425725,-0.00028746545862512885,0.001305634923766849,0.9010433613166259,1
2023-07-14,2024-04-01,201.85908856248685,22.859088562486846,2024-04-24,0.7485539887629467,7.892047896593471,7.031902285895178,-0.005932018171067617,-0.0011135366096690958,-0.0011596860762070687,0.9091831883474495,1
2023-07-21,2024-04-08,215.39899468283522,36.39899468283522,2024-05-14,0.9310061110397645,9.683817839154697,7.029969742909254,-0.0021645811941244405,9.358405320745793e-05,0.0005693213709074842,0.9146626297759467,1
2023-07-28,2024-04-15,242.9474557578649,63.9474557578649,2024-06-18,0.99,12.748091399387805,7.0637424767180965,-0.0015397166224785882,0.00030271959848381536,0.0001493766094576017,0.9086102304874918,1
2023-08-04,2024-04-22,245.9223704798458,66.9223704798458,2024-06-28,0.99,13.0,7.0584190647813525,-0.0014512378456874716,-0.00020805867571713741,0.00022472868159162095,0.8680130621980011,1
2023-08-11,2024-04-29,299.0,120.0,2024-08-27,0.99,6.0,6.84403440868898,0.00016650625122189108,0.00017858734803935086,-0.000492841135530024,0.8455479249553994,0
2023-08-18,2024-05-06,299.0,120.0,2024-09-03,0.99,6.0,6.827233022088389,0.0002533269767790772,0.0002472166953159006,-0.00047309948366774777,0.8433734055197559,0
2023-08-25,2024-05-13,299.0,120.0,2024-09-10,0.99,6.786061567975948,6.907669634203319,-0.00017418198318828792,-0.0004097670954302677,-6.213251875135218e-05,0.8346549775938013,1
2023-09-01,2024-05-20,251.19491473370599,72.19491473370599,2024-07-31,0.99,6.0,6.9589386582802435,-0.0005388761180066664,-0.000263888895368113,-0.00032287052733478294,0.8294479317289045,1
2023-09-11,2024-05-28,254.2638061769172,75.2638061769172,2024-08-11,0.01,6.0,20.362296126259775,-12.83024962586333,-0.003184194616328462,-0.0578647354176649,0.838612658440558,1
2023-09-18,2024-06-04,264.6581053327831,85.65810533278312,2024-08-29,0.01,6.0,23.375783891431006,-15.687639487519993,0.037060960893940065,-0.04835069675838399,0.8521308292864627,1
2023-09-25,2024-06-11,276.73323223840805,97.73323223840805,2024-09-17,0.01,6.0,28.31078320591892,-20.3649849414479,0.06610491051310796,-0.011078070137374496,0.8602580039030769,1
2023-10-02,2024-06-18,287.07818844314403,108.07818844314403,2024-10-04,0.01,6.0,33.430102110774875,-25.211871763049086,0.06725758542480875,0.031445887437392184,0.8518999390452957,1
2023-10-09,2024-06-26,293.03004986643805,114.03004986643805,2024-10-18,0.3120974619281499,6.0,7.754731828560325,-0.1715654294827348,0.010932553355236914,0.010469135347590468,0.8306590691169745,1
2023-10-16,2024-07-03,299.0,120.0,2024-10-31,0.99,6.0,7.162771680512942,-0.0015421352142675666,0.00019103487644689615,0.0003596419165460054,0.8257277327283681,1
2023-10-23,2024-07-11,299.0,120.0,2024-11-08,0.9088001460225269,6.0,7.2237437430785265,-0.0028226383876379917,0.00019423858119267952,0.0006354241773361459,0.8051216351903061,1
2023-10-30,2024-07-18,250.3495219549848,71.3495219549848,2024-09-27,0.6905739534762984,6.0,7.0858687114592795,-0.005975835164869208,0.0014158749816502024,-0.0006688589604307319,0.7736796524012294,1
2023-11-06,2024-07-25,227.72088615594342,48.72088615594342,2024-09-12,0.5385236236456286,6.770418623853247,7.013088010488931,-0.00794542261192428,-0.0020765705141708693,0.001869249402377832,0.7447260593576022,1
2023-11-13,2024-08-01,287.43785664599,108.43785664599,2024-11-17,0.34246077487547527,11.79285008171993,7.084036844730826,-0.02875687319912212,0.005787675181172628,0.0014232544026406596,0.7289628398926586,1
2023-11-20,2024-08-08,295.1559982983736,116.15599829837362,2024-12-02,0.20097911523638848,13.0,7.186454376641259,-0.09439958873828565,0.005721038641817607,0.010839570268688826,0.7212285049040184,1
2023-11-28,2024-08-15,180.0,1.0,2024-08-16,0.36035829269378733,8.206219912326908,6.9710427326494155,-0.01087558915288613,0.004942821051279453,0.004763511998145951,0.6897850548771274,0
2023-12-05,2024-08-22,180.0,1.0,2024-08-23,0.32798601744493516,9.138043043237454,6.986494050888419,-0.015686961438109867,0.005636219128381156,-0.00518263728586532,0.685447397344725,0
2023-12-12,2024-08-29,201.4276804565629,22.42768045656291,2024-09-20,0.24167831656895028,7.166238959697112,7.113461248075497,-0.06406163328136696,-0.005677057277329316,-0.00936587964802581,0.690798035037461,0
2023-12-19,2024-09-06,202.31924798960677,23.319247989606765,2024-09-29,0.263943601171137,7.641890846757569,7.119833238733359,-0.05860108177227524,0.008401266275737486,0.005377944025444463,0.7052845336855704,1
2023-12-27,2024-09-13,215.86630265879526,36.86630265879526,2024-10-20,0.1867943529034649,9.1365424618451,7.283140353996612,-0.14708677468092138,-0.01349356204647284,0.004063483537867792,0.7225183244209392,1
2024-01-04,2024-09-20,180.0,1.0,2024-09-21,0.35990234716018504,6.505995513694658,7.081657843221698,-0.0323649813436209,0.006367272418812798,0.004201052465354532,0.7840247216421793,1
2024-01-11,2024-09-27,180.0,1.0,2024-09-28,0.22564829646251877,7.120470085643776,7.1892307236709785,-0.0967176216933627,-0.010254227680791357,-0.00839088614006294,0.809481138575098,1
2024-01-19,2024-10-04,180.47416354028064,1.4741635402806423,2024-10-05,0.22587883738898026,7.355386469447082,7.225648665234626,-0.1078292377036484,0.007459050623291273,-0.01036193235903091,0.8113325554906131,1
2024-01-26,2024-10-11,180.0,1.0,2024-10-12,0.32869103874517314,7.85172627371728,7.16218399468706,-0.05219450722584546,-0.0014497540613904395,0.00824831210933877,0.8124782175037881,1
2024-02-02,2024-10-21,181.33014040099647,2.33014040099647,2024-10-23,0.3113034704216005,8.33546527143615,7.200171896855555,-0.06417263574511431,-0.0017028502242233887,-0.008664757225261182,0.822574656948056,1
2024-02-09,2024-10-28,299.0,120.0,2025-02-25,0.99,6.0,7.187872025263266,-0.0010908024858327712,-0.00027216607770527983,-0.00010562235714799516,0.8313611118782696,1
2024-02-16,2024-11-04,299.0,120.0,2025-03-04,0.43234235641584495,6.0,7.262634755437754,-0.028119011453156345,-0.0037433935733835826,-0.004865694268040822,0.8453083126798266,1
2024-02-26,2024-11-12,299.0,120.0,2025-03-12,0.99,6.0,7.104164493886762,-0.0005626549383440901,-0.000188179521083377,-0.00031017167509425863,0.8636183672030084,1
2024-03-04,2024-11-19,299.0,120.0,2025-03-19,0.99,6.0,7.065279983468529,-0.0003272454309381356,-0.00012679756622793482,-0.0003893988192747394,0.8746651073389065,1
2024-03-11,2024-11-26,299.0,120.0,2025-03-26,0.99,6.0,7.0775375175682775,-0.0003808896693023697,-7.427237779836201e-05,-0.0003808291584531393,0.8824761783299593,1
2024-03-18,2024-12-04,299.0,120.0,2025-04-03,0.99,6.0,7.108259974230642,-0.0005360934686139459,-3.0733862342482495e-05,-0.0003382094282228277,0.8931636119844357,1
2024-03-25,2024-12-11,239.51159849179916,60.51159849179916,2025-02-10,0.01,6.0,23.08406223746735,-15.317483409377706,-0.030667319384677594,0.008501111422620555,0.9012324511559192,1
2024-04-02,2024-12-18,268.3432876336741,89.3432876336741,2025-03-17,0.01,6.0,23.329382484190475,-15.517791189803539,-0.01730841990607268,-0.03403749507548248,0.9100129430908759,1
2024-04-09,2024-12-26,299.0,120.0,2025-04-25,0.01,6.0,20.04813686382595,-12.380497346986399,0.036475302857770675,-0.04071240997812975,0.9132241477633298,1
2024-04-16,2025-01-03,299.0,120.0,2025-05-03,0.010000000000000009,6.0,21.13618030404477,-13.410938187429052,0.04336057584320696,-0.03178409004743843,0.9147240364745024,1
2024-04-23,2025-01-13,273.60160598749763,94.60160598749763,2025-04-18,0.01,6.0,21.716603745948376,-13.971551956905412,0.011243625597817664,-0.045278276813299545,0.9095944935287847,1
2024-04-30,2025-01-21,260.0761489192442,81.07614891924419,2025-04-12,0.01,6.0,21.053686005692988,-13.346413242546504,-0.004961430970702896,-0.04552184532398251,0.9042710668378396,1
2024-05-07,2025-01-28,256.93737727276806,77.93737727276806,2025-04-16,0.01,6.201528056931359,20.38392676579492,-12.706410027954549,0.035803506177730315,-0.028452210431257008,0.8991714420385337,1
2024-05-14,2025-02-04,299.0,120.0,2025-06-04,0.6080819981915165,8.209074557453143,7.257631309335205,-0.009169086225900758,0.0008379858673344974,-0.0016316669769084317,0.8892165928848345,1
2024-05-21,2025-02-11,299.0,120.0,2025-06-11,0.1151276860261642,8.516406692902418,8.462860391191027,-0.7792718883680931,0.01671974357365924,0.019158707939735488,0.8852504619071815,1
2024-05-29,2025-02-19,260.27664425323877,81.27664425323877,2025-05-11,0.01,7.173357737080411,20.63185305817304,-12.925327917247083,0.01029680768398844,-0.04505706984174873,0.8811965466732838,1
2024-06-05,2025-02-26,278.7529631738144,99.75296317381441,2025-06-06,0.01,8.77797166506965,22.349057330718345,-14.534504209804384,-0.00691158341061926,0.044496519267963386,0.8797064456639256,1
2024-06-12,2025-03-05,214.39112526051164,35.39112526051164,2025-04-09,0.5267633993344846,6.0,7.180649137674325,-0.01112706293344496,-0.003453018157628297,-0.0013054120586258777,0.8612359753391217,1
2024-06-20,2025-03-12,206.9930124332017,27.9930124332017,2025-04-09,0.5415428859715714,6.0,7.166239363434728,-0.009334086238841612,-0.0034366922752576213,-0.0007471553877558725,0.8499482386665855,1
2024-06-27,2025-03-19,201.22646883008483,22.226468830084826,2025-04-10,0.5050598514091003,6.0,7.173212731979569,-0.011722457342106508,-0.004094614776856861,-0.0006049502684772326,0.8374537109263519,1
2024-07-05,2025-03-26,255.91302765357116,76.91302765357116,2025-06-11,0.99,10.529176110027523,7.14203063331786,-0.0005498546534018668,-0.0001225427527437963,-0.00022952083811201527,0.822852162872869,1
2024-07-12,2025-04-02,257.31544393242353,78.31544393242353,2025-06-19,0.99,11.029904069505154,7.136018994732455,-0.0004984030742576633,0.00015667455493303248,0.00021361449131796796,0.795076189571406,1
2024-07-19,2025-04-09,279.8228810205381,100.82288102053809,2025-07-19,0.99,12.860996695525575,7.126085383594156,-0.0003951774366246182,0.0002570348604580198,-5.28598673848127e-05,0.6923343349343571,0
2024-07-26,2025-04-16,277.817132066232,98.81713206623198,2025-07-24,0.1987400801328703,13.0,7.3067346314467745,-0.08975903119677825,0.015015570313079811,0.01149893729092884,0.6176926294542924,0
2024-08-02,2025-04-24,274.75468205524817,95.75468205524817,2025-07-29,0.01,13.0,10.216440081380478,-3.0022279733863653,0.038689275590466365,0.03288272266811104,0.5669920458189857,0
2024-08-09,2025-05-01,270.120409798882,91.12040979888201,2025-07-31,0.01,13.0,8.628148821695182,-1.4929647536711494,0.03735715795352729,0.02919395628802539,0.5277315714719096,0
2024-08-16,2025-05-08,264.47185688491675,85.47185688491675,2025-08-01,0.01,13.0,7.404747990567754,-0.32957250841276325,0.03644904198599204,0.02363705471744562,0.49358014187980626,0
2024-08-23,2025-05-15,258.6266257773324,79.62662577733238,2025-08-03,0.01,13.0,6.348173616908308,0.675243774317361,0.035216173332345155,0.018796764139077923,0.464620217194435,0
2024-08-30,2025-05-22,255.13315201730268,76.13315201730268,2025-08-06,0.01,13.0,6.383669359342798,0.6423556577251117,0.03130661451839572,0.023408968936872054,0.4560353922612007,0
2024-09-09,2025-05-30,254.44504569058174,75.44504569058174,2025-08-13,0.01,13.0,6.5421839414717216,0.49287572335948465,0.017565258320518577,0.033239108626455745,0.4469176685363718,0
2024-09-16,2025-06-06,259.6639791331075,80.66397913310749,2025-08-26,0.01,13.0,7.1777598244146965,-0.10906131480080315,-0.0175936784239493,0.03126115512972168,0.4179842348814148,0
2024-09-23,2025-06-13,275.77583571585967,96.77583571585967,2025-09-18,0.01,13.0,6.221333162076637,0.8051620760457542,-0.021671390270804405,-0.03078694746943094,0.4285682026535007,0
2024-09-30,2025-06-23,279.1396645209163,100.13966452091631,2025-10-01,0.01,13.0,6.322246382534138,0.7126638645855402,0.0006967678030803393,-0.03987314054308802,0.42080899503853963,0
2024-10-07,2025-06-30,281.70330777272926,102.70330777272926,2025-10-11,0.01,13.0,7.281216490752453,-0.19449423687372575,0.01920672319590277,-0.03458063256918298,0.38644736380131184,0
2024-10-15,2025-07-08,180.0,1.0,2025-07-09,0.01,7.988494879077102,9.205083291579905,-2.0396634026920686,-0.017344112750727225,-0.02730740157660788,0.40397677707732516,0
2024-10-22,2025-07-15,234.98862736846056,55.988627368460556,2025-09-09,0.01,6.0,14.113821141935325,-6.70815013766613,0.03956956897050845,-0.0009091738285047224,0.44529277918290366,0
2024-10-29,2025-07-22,236.09977945604317,57.099779456043166,2025-09-17,0.01,6.0,16.05209407263401,-8.550616581492974,0.04162952407961518,0.006691004554606139,0.5324984212289281,0
2024-11-05,2025-07-29,242.9595486163674,63.959548616367414,2025-10-01,0.01,6.29264710547129,18.048874857580525,-10.442386125281448,-0.021529504682305745,0.038193962697125716,0.5923624318439251,0
2024-11-13,2025-08-05,254.29936935687408,75.29936935687408,2025-10-19,0.01,7.224981578003816,19.639838793615304,-11.943495453270831,0.01640021799229019,0.0419708830343688,0.6285833882832639,0
2024-11-20,2025-08-12,263.90937843957977,84.90937843957977,2025-11-05,0.01,8.000147045745734,21.034633888180295,-13.257517918663336,0.04100043987632107,-0.019993352729975822,0.6476837659998413,0
2024-11-27,2025-08-19,299.0,120.0,2025-12-17,0.01,10.304250708379314,24.79781316565972,-16.79679457419143,0.02590654498524758,0.03921727426985866,0.674058385475153,0
2024-12-05,2025-08-26,299.0,120.0,2025-12-24,0.3331123996862326,10.844118561140425,7.708614878346746,-0.10554132869912666,-0.005558565026845836,-0.006897662162403803,0.70988734184303,1
2024-12-12,2025-09-03,299.0,120.0,2026-01-01,0.99,11.462581678203,7.341168520493037,-0.0012759130953035995,9.222682435416034e-05,0.00027632050381836185,0.7546208130879382,1
2024-12-19,2025-09-10,299.0,120.0,2026-01-08,0.99,12.233752773018251,7.357099205973639,-0.001331420144383751,0.00023715636983017932,-0.00017778456128093338,0.7794674805881727,1
2024-12-27,2025-09-17,265.15831098495374,86.15831098495374,2025-12-12,0.99,10.805208065404475,7.333449060155585,-0.0014073419059493612,-0.0003120402543291346,0.00016158932421825575,0.7866981917499333,1
2025-01-06,2025-09-24,261.6414902756621,82.64149027566208,2025-12-16,0.99,11.146743399793198,7.342386734247716,-0.0014517081097034238,-6.524591641023832e-05,-0.00035131045484854514,0.8069873758310769,1
2025-01-14,2025-10-01,269.2490554620888,90.24905546208879,2025-12-30,0.99,12.210032212320366,7.363486865302661,-0.0014768124791033868,-3.608751242875525e-05,-0.0003363559085932187,0.8300931284545994,1
2025-01-22,2025-10-08,275.50137267911754,96.50137267911754,2026-01-13,0.99,13.0,7.388070855932461,-0.001523077674367709,-0.0003262151477790194,-2.641897219905694e-05,0.8471027306644408,1
2025-01-29,2025-10-15,274.0445668220777,95.04456682207768,2026-01-18,0.7486633096992737,13.0,7.4786514859177675,-0.00709317338945332,-0.0010908413579782165,-0.0003464516657576761,0.8617093607649937,1
2025-02-05,2025-10-22,274.18020869687643,95.18020869687643,2026-01-25,0.48348112419387645,13.0,7.66311641355007,-0.0424343926574256,-0.003613499017862432,-0.002960682494896395,0.877655413227006,1
2025-02-12,2025-10-29,273.9811551265689,94.98115512656892,2026-02-01,0.2661623762168472,13.0,8.117256313005095,-0.24346671825561106,-0.007879478662727344,-0.011837196531493004,0.8842633575928044,1
2025-02-20,2025-11-05,271.98283739522986,92.98283739522986,2026-02-06,0.06199042944477838,13.0,11.521090136576289,-3.1687546063595127,-0.014521295786539268,-0.03395687117296459,0.8997604530392473,1
2025-02-27,2025-11-12,268.16585444724814,89.16585444724814,2026-02-09,0.01,13.0,35.93395613633401,-27.329550261335438,-0.012627907482627432,-0.04010467814381302,0.9249219391194727,1
2025-03-06,2025-11-19,265.5070621229206,86.50706212292062,2026-02-14,0.017774569381157446,13.0,23.259400759197117,-14.689063271551465,-0.0036373582565270013,-0.04121830802910753,0.9268144725082879,1
2025-03-13,2025-11-26,265.17780473127476,86.17780473127476,2026-02-20,0.10323358694515777,13.0,9.890135011391239,-1.5989307511399118,0.007995340896324865,-0.027229093463337933,0.9179172056808127,1
2025-03-20,2025-12-04,265.42495911711507,86.42495911711507,2026-02-28,0.2764313274015427,13.0,8.220577068143594,-0.25126858151277304,0.007814199815022505,-0.00823701831074769,0.9261438783426179,1
2025-03-27,2025-12-11,266.18542307405346,87.18542307405346,2026-03-08,0.5905606621028886,13.0,7.702662676503108,-0.024579024563504623,0.001996117604800146,-0.0005068870952143921,0.9381122649377052,1
2025-04-03,2025-12-18,271.51903953514426,92.51903953514426,2026-03-21,0.99,13.0,7.5208209094008,-0.0019194179132810943,0.0001904384294770579,0.00013870571785210456,0.9288266744312484,1
2025-04-10,2025-12-26,270.0611154693219,91.06111546932192,2026-03-27,0.99,13.0,7.512997426250907,-0.0018472946257404442,0.00015432200101215133,0.00016502784275353549,0.9114913124786231,1
2025-04-17,2026-01-05,266.096209570155,87.096209570155,2026-04-02,0.99,13.0,7.50140975597407,-0.0017702814616471362,0.0001394485178775557,0.00015382272212710726,0.8947679296331817,1
