model,min_size,penalty,n_cp,change_idx,change_dates,error_msg
rbf,10,0.5,47,10|20|35|50|60|75|85|95|110|130|140|155|165|180|190|220|230|250|260|270|280|290|310|320|330|340|350|360|375|385|395|415|425|435|445|455|470|480|495|505|515|525|545|565|575|585|595,2022-12-20|2023-01-10|2023-02-07|2023-03-07|2023-03-23|2023-04-20|2023-05-09|2023-05-25|2023-06-26|2023-08-01|2023-08-17|2023-09-14|2023-10-03|2023-10-31|2023-11-16|2024-01-16|2024-02-01|2024-03-11|2024-03-27|2024-04-16|2024-05-02|2024-05-21|2024-06-27|2024-07-17|2024-08-05|2024-08-21|2024-09-10|2024-09-26|2024-10-24|2024-11-13|2024-12-03|2025-01-15|2025-02-04|2025-02-24|2025-03-12|2025-03-31|2025-04-28|2025-05-14|2025-06-11|2025-07-01|2025-07-17|2025-08-05|2025-09-10|2025-10-16|2025-11-04|2025-11-24|2025-12-11,
rbf,10,1.0,14,20|50|60|165|190|415|425|435|445|455|470|525|565|585,2023-01-10|2023-03-07|2023-03-23|2023-10-03|2023-11-16|2025-01-15|2025-02-04|2025-02-24|2025-03-12|2025-03-31|2025-04-28|2025-08-05|2025-10-16|2025-11-24,
rbf,10,2.0,0,,,
rbf,10,3.0,0,,,
rbf,10,5.0,0,,,
rbf,10,7.0,0,,,
rbf,10,10.0,0,,,
rbf,10,15.0,0,,,
rbf,10,20.0,0,,,
rbf,10,30.0,0,,,
rbf,10,50.0,0,,,
rbf,20,0.5,23,20|50|70|110|130|165|190|220|240|290|315|335|360|380|415|435|455|480|500|525|545|565|585,2023-01-10|2023-03-07|2023-04-12|2023-06-26|2023-08-01|2023-10-03|2023-11-16|2024-01-16|2024-02-21|2024-05-21|2024-07-09|2024-08-13|2024-09-26|2024-11-04|2025-01-15|2025-02-24|2025-03-31|2025-05-14|2025-06-23|2025-08-05|2025-09-10|2025-10-16|2025-11-24,
rbf,20,1.0,10,20|130|165|190|415|435|455|480|565|585,2023-01-10|2023-08-01|2023-10-03|2023-11-16|2025-01-15|2025-02-24|2025-03-31|2025-05-14|2025-10-16|2025-11-24,
rbf,20,2.0,0,,,
rbf,20,3.0,0,,,
rbf,20,5.0,0,,,
rbf,20,7.0,0,,,
rbf,20,10.0,0,,,
rbf,20,15.0,0,,,
rbf,20,20.0,0,,,
rbf,20,30.0,0,,,
rbf,20,50.0,0,,,
rbf,30,0.5,15,35|75|110|160|190|240|290|330|360|405|435|465|495|525|565,2023-02-07|2023-04-20|2023-06-26|2023-09-25|2023-11-16|2024-02-21|2024-05-21|2024-08-05|2024-09-26|2024-12-19|2025-02-24|2025-04-16|2025-06-11|2025-08-05|2025-10-16,
rbf,30,1.0,6,85|160|190|415|525|565,2023-05-09|2023-09-25|2023-11-16|2025-01-15|2025-08-05|2025-10-16,
rbf,30,2.0,0,,,
rbf,30,3.0,0,,,
rbf,30,5.0,0,,,
rbf,30,7.0,0,,,
rbf,30,10.0,0,,,
rbf,30,15.0,0,,,
rbf,30,20.0,0,,,
rbf,30,30.0,0,,,
rbf,30,50.0,0,,,
rbf,40,0.5,12,65|110|165|205|245|290|330|375|415|470|525|565,2023-04-03|2023-06-26|2023-10-03|2023-12-14|2024-02-29|2024-05-21|2024-08-05|2024-10-24|2025-01-15|2025-04-28|2025-08-05|2025-10-16,
rbf,40,1.0,6,85|165|205|415|525|565,2023-05-09|2023-10-03|2023-12-14|2025-01-15|2025-08-05|2025-10-16,
rbf,40,2.0,0,,,
rbf,40,3.0,0,,,
rbf,40,5.0,0,,,
rbf,40,7.0,0,,,
rbf,40,10.0,0,,,
rbf,40,15.0,0,,,
rbf,40,20.0,0,,,
rbf,40,30.0,0,,,
rbf,40,50.0,0,,,
rbf,60,0.5,8,85|165|225|290|350|415|480|545,2023-05-09|2023-10-03|2024-01-24|2024-05-21|2024-09-10|2025-01-15|2025-05-14|2025-09-10,
rbf,60,1.0,4,85|175|415|480,2023-05-09|2023-10-23|2025-01-15|2025-05-14,
rbf,60,2.0,0,,,
rbf,60,3.0,0,,,
rbf,60,5.0,0,,,
rbf,60,7.0,0,,,
rbf,60,10.0,0,,,
rbf,60,15.0,0,,,
rbf,60,20.0,0,,,
rbf,60,30.0,0,,,
rbf,60,50.0,0,,,
normal,10,0.5,59,10|20|30|40|50|60|70|80|90|100|110|120|130|140|150|160|170|180|190|200|210|220|230|240|250|260|270|280|295|305|315|325|335|345|355|365|375|385|395|405|415|425|435|445|455|465|475|485|495|505|515|525|535|545|555|565|575|585|595,2022-12-20|2023-01-10|2023-01-30|2023-02-15|2023-03-07|2023-03-23|2023-04-12|2023-05-01|2023-05-17|2023-06-06|2023-06-26|2023-07-13|2023-08-01|2023-08-17|2023-09-06|2023-09-25|2023-10-12|2023-10-31|2023-11-16|2023-12-06|2023-12-26|2024-01-16|2024-02-01|2024-02-21|2024-03-11|2024-03-27|2024-04-16|2024-05-02|2024-05-30|2024-06-18|2024-07-09|2024-07-25|2024-08-13|2024-08-29|2024-09-18|2024-10-07|2024-10-24|2024-11-13|2024-12-03|2024-12-19|2025-01-15|2025-02-04|2025-02-24|2025-03-12|2025-03-31|2025-04-16|2025-05-06|2025-05-22|2025-06-11|2025-07-01|2025-07-17|2025-08-05|2025-08-21|2025-09-10|2025-09-29|2025-10-16|2025-11-04|2025-11-24|2025-12-11,
normal,10,1.0,59,10|20|30|40|50|60|70|80|90|100|110|120|130|140|150|160|170|180|190|200|210|220|230|240|250|260|270|280|295|305|315|325|335|345|355|365|375|385|395|405|415|425|435|445|455|465|475|485|495|505|515|525|535|545|555|565|575|585|595,2022-12-20|2023-01-10|2023-01-30|2023-02-15|2023-03-07|2023-03-23|2023-04-12|2023-05-01|2023-05-17|2023-06-06|2023-06-26|2023-07-13|2023-08-01|2023-08-17|2023-09-06|2023-09-25|2023-10-12|2023-10-31|2023-11-16|2023-12-06|2023-12-26|2024-01-16|2024-02-01|2024-02-21|2024-03-11|2024-03-27|2024-04-16|2024-05-02|2024-05-30|2024-06-18|2024-07-09|2024-07-25|2024-08-13|2024-08-29|2024-09-18|2024-10-07|2024-10-24|2024-11-13|2024-12-03|2024-12-19|2025-01-15|2025-02-04|2025-02-24|2025-03-12|2025-03-31|2025-04-16|2025-05-06|2025-05-22|2025-06-11|2025-07-01|2025-07-17|2025-08-05|2025-08-21|2025-09-10|2025-09-29|2025-10-16|2025-11-04|2025-11-24|2025-12-11,
normal,10,2.0,59,10|20|30|40|50|60|70|80|90|100|110|120|130|140|150|160|170|180|190|200|210|220|230|240|250|260|270|280|295|305|315|325|335|345|355|365|375|385|395|405|415|425|435|445|455|465|475|485|495|505|515|525|535|545|555|565|575|585|595,2022-12-20|2023-01-10|2023-01-30|2023-02-15|2023-03-07|2023-03-23|2023-04-12|2023-05-01|2023-05-17|2023-06-06|2023-06-26|2023-07-13|2023-08-01|2023-08-17|2023-09-06|2023-09-25|2023-10-12|2023-10-31|2023-11-16|2023-12-06|2023-12-26|2024-01-16|2024-02-01|2024-02-21|2024-03-11|2024-03-27|2024-04-16|2024-05-02|2024-05-30|2024-06-18|2024-07-09|2024-07-25|2024-08-13|2024-08-29|2024-09-18|2024-10-07|2024-10-24|2024-11-13|2024-12-03|2024-12-19|2025-01-15|2025-02-04|2025-02-24|2025-03-12|2025-03-31|2025-04-16|2025-05-06|2025-05-22|2025-06-11|2025-07-01|2025-07-17|2025-08-05|2025-08-21|2025-09-10|2025-09-29|2025-10-16|2025-11-04|2025-11-24|2025-12-11,
normal,10,3.0,59,10|20|30|40|50|60|70|80|90|100|110|120|130|140|150|160|170|180|190|200|210|220|230|240|250|260|270|280|295|305|315|325|335|345|355|365|375|385|395|405|415|425|435|445|455|465|475|485|495|505|515|525|535|545|555|565|575|585|595,2022-12-20|2023-01-10|2023-01-30|2023-02-15|2023-03-07|2023-03-23|2023-04-12|2023-05-01|2023-05-17|2023-06-06|2023-06-26|2023-07-13|2023-08-01|2023-08-17|2023-09-06|2023-09-25|2023-10-12|2023-10-31|2023-11-16|2023-12-06|2023-12-26|2024-01-16|2024-02-01|2024-02-21|2024-03-11|2024-03-27|2024-04-16|2024-05-02|2024-05-30|2024-06-18|2024-07-09|2024-07-25|2024-08-13|2024-08-29|2024-09-18|2024-10-07|2024-10-24|2024-11-13|2024-12-03|2024-12-19|2025-01-15|2025-02-04|2025-02-24|2025-03-12|2025-03-31|2025-04-16|2025-05-06|2025-05-22|2025-06-11|2025-07-01|2025-07-17|2025-08-05|2025-08-21|2025-09-10|2025-09-29|2025-10-16|2025-11-04|2025-11-24|2025-12-11,
normal,10,5.0,59,10|20|30|40|50|60|70|80|90|100|110|120|130|140|150|160|170|180|190|200|210|220|230|240|250|260|270|280|295|305|315|325|335|345|355|365|375|385|395|405|415|425|435|445|455|465|475|485|495|505|515|525|535|545|555|565|575|585|595,2022-12-20|2023-01-10|2023-01-30|2023-02-15|2023-03-07|2023-03-23|2023-04-12|2023-05-01|2023-05-17|2023-06-06|2023-06-26|2023-07-13|2023-08-01|2023-08-17|2023-09-06|2023-09-25|2023-10-12|2023-10-31|2023-11-16|2023-12-06|2023-12-26|2024-01-16|2024-02-01|2024-02-21|2024-03-11|2024-03-27|2024-04-16|2024-05-02|2024-05-30|2024-06-18|2024-07-09|2024-07-25|2024-08-13|2024-08-29|2024-09-18|2024-10-07|2024-10-24|2024-11-13|2024-12-03|2024-12-19|2025-01-15|2025-02-04|2025-02-24|2025-03-12|2025-03-31|2025-04-16|2025-05-06|2025-05-22|2025-06-11|2025-07-01|2025-07-17|2025-08-05|2025-08-21|2025-09-10|2025-09-29|2025-10-16|2025-11-04|2025-11-24|2025-12-11,
normal,10,7.0,59,10|20|30|40|50|60|70|80|90|100|110|120|130|140|150|160|170|180|190|200|210|220|230|240|250|260|270|280|295|305|315|325|335|345|355|365|375|385|395|405|415|425|435|445|455|465|475|485|495|505|515|525|535|545|555|565|575|585|595,2022-12-20|2023-01-10|2023-01-30|2023-02-15|2023-03-07|2023-03-23|2023-04-12|2023-05-01|2023-05-17|2023-06-06|2023-06-26|2023-07-13|2023-08-01|2023-08-17|2023-09-06|2023-09-25|2023-10-12|2023-10-31|2023-11-16|2023-12-06|2023-12-26|2024-01-16|2024-02-01|2024-02-21|2024-03-11|2024-03-27|2024-04-16|2024-05-02|2024-05-30|2024-06-18|2024-07-09|2024-07-25|2024-08-13|2024-08-29|2024-09-18|2024-10-07|2024-10-24|2024-11-13|2024-12-03|2024-12-19|2025-01-15|2025-02-04|2025-02-24|2025-03-12|2025-03-31|2025-04-16|2025-05-06|2025-05-22|2025-06-11|2025-07-01|2025-07-17|2025-08-05|2025-08-21|2025-09-10|2025-09-29|2025-10-16|2025-11-04|2025-11-24|2025-12-11,
normal,10,10.0,59,10|20|30|40|50|60|70|80|90|100|110|120|130|140|150|160|170|180|190|200|210|220|230|240|250|260|270|280|295|305|315|325|335|345|355|365|375|385|395|405|415|425|435|445|455|465|475|485|495|505|515|525|535|545|555|565|575|585|595,2022-12-20|2023-01-10|2023-01-30|2023-02-15|2023-03-07|2023-03-23|2023-04-12|2023-05-01|2023-05-17|2023-06-06|2023-06-26|2023-07-13|2023-08-01|2023-08-17|2023-09-06|2023-09-25|2023-10-12|2023-10-31|2023-11-16|2023-12-06|2023-12-26|2024-01-16|2024-02-01|2024-02-21|2024-03-11|2024-03-27|2024-04-16|2024-05-02|2024-05-30|2024-06-18|2024-07-09|2024-07-25|2024-08-13|2024-08-29|2024-09-18|2024-10-07|2024-10-24|2024-11-13|2024-12-03|2024-12-19|2025-01-15|2025-02-04|2025-02-24|2025-03-12|2025-03-31|2025-04-16|2025-05-06|2025-05-22|2025-06-11|2025-07-01|2025-07-17|2025-08-05|2025-08-21|2025-09-10|2025-09-29|2025-10-16|2025-11-04|2025-11-24|2025-12-11,
normal,10,15.0,59,10|20|30|40|50|60|70|80|90|100|110|120|130|140|150|160|170|180|190|200|210|220|230|240|250|260|270|280|295|305|315|325|335|345|355|365|375|385|395|405|415|425|435|445|455|465|475|485|495|505|515|525|535|545|555|565|575|585|595,2022-12-20|2023-01-10|2023-01-30|2023-02-15|2023-03-07|2023-03-23|2023-04-12|2023-05-01|2023-05-17|2023-06-06|2023-06-26|2023-07-13|2023-08-01|2023-08-17|2023-09-06|2023-09-25|2023-10-12|2023-10-31|2023-11-16|2023-12-06|2023-12-26|2024-01-16|2024-02-01|2024-02-21|2024-03-11|2024-03-27|2024-04-16|2024-05-02|2024-05-30|2024-06-18|2024-07-09|2024-07-25|2024-08-13|2024-08-29|2024-09-18|2024-10-07|2024-10-24|2024-11-13|2024-12-03|2024-12-19|2025-01-15|2025-02-04|2025-02-24|2025-03-12|2025-03-31|2025-04-16|2025-05-06|2025-05-22|2025-06-11|2025-07-01|2025-07-17|2025-08-05|2025-08-21|2025-09-10|2025-09-29|2025-10-16|2025-11-04|2025-11-24|2025-12-11,
normal,10,20.0,59,10|20|30|40|50|60|70|80|90|100|110|120|130|140|150|160|170|180|190|200|210|220|230|240|250|260|270|280|295|305|315|325|335|345|355|365|375|385|395|405|415|425|435|445|455|465|475|485|495|505|515|525|535|545|555|565|575|585|595,2022-12-20|2023-01-10|2023-01-30|2023-02-15|2023-03-07|2023-03-23|2023-04-12|2023-05-01|2023-05-17|2023-06-06|2023-06-26|2023-07-13|2023-08-01|2023-08-17|2023-09-06|2023-09-25|2023-10-12|2023-10-31|2023-11-16|2023-12-06|2023-12-26|2024-01-16|2024-02-01|2024-02-21|2024-03-11|2024-03-27|2024-04-16|2024-05-02|2024-05-30|2024-06-18|2024-07-09|2024-07-25|2024-08-13|2024-08-29|2024-09-18|2024-10-07|2024-10-24|2024-11-13|2024-12-03|2024-12-19|2025-01-15|2025-02-04|2025-02-24|2025-03-12|2025-03-31|2025-04-16|2025-05-06|2025-05-22|2025-06-11|2025-07-01|2025-07-17|2025-08-05|2025-08-21|2025-09-10|2025-09-29|2025-10-16|2025-11-04|2025-11-24|2025-12-11,
normal,10,30.0,59,10|20|30|40|50|60|70|80|90|100|110|120|130|140|150|160|170|180|190|200|210|220|230|240|250|260|270|280|295|305|315|325|335|345|355|365|375|385|395|405|415|425|435|445|455|465|475|485|495|505|515|525|535|545|555|565|575|585|595,2022-12-20|2023-01-10|2023-01-30|2023-02-15|2023-03-07|2023-03-23|2023-04-12|2023-05-01|2023-05-17|2023-06-06|2023-06-26|2023-07-13|2023-08-01|2023-08-17|2023-09-06|2023-09-25|2023-10-12|2023-10-31|2023-11-16|2023-12-06|2023-12-26|2024-01-16|2024-02-01|2024-02-21|2024-03-11|2024-03-27|2024-04-16|2024-05-02|2024-05-30|2024-06-18|2024-07-09|2024-07-25|2024-08-13|2024-08-29|2024-09-18|2024-10-07|2024-10-24|2024-11-13|2024-12-03|2024-12-19|2025-01-15|2025-02-04|2025-02-24|2025-03-12|2025-03-31|2025-04-16|2025-05-06|2025-05-22|2025-06-11|2025-07-01|2025-07-17|2025-08-05|2025-08-21|2025-09-10|2025-09-29|2025-10-16|2025-11-04|2025-11-24|2025-12-11,
normal,10,50.0,59,10|20|30|40|50|60|70|80|90|100|110|120|130|140|150|160|170|180|190|200|210|220|230|240|250|260|270|280|295|305|315|325|335|345|355|365|375|385|395|405|415|425|435|445|455|465|475|485|495|505|515|525|535|545|555|565|575|585|595,2022-12-20|2023-01-10|2023-01-30|2023-02-15|2023-03-07|2023-03-23|2023-04-12|2023-05-01|2023-05-17|2023-06-06|2023-06-26|2023-07-13|2023-08-01|2023-08-17|2023-09-06|2023-09-25|2023-10-12|2023-10-31|2023-11-16|2023-12-06|2023-12-26|2024-01-16|2024-02-01|2024-02-21|2024-03-11|2024-03-27|2024-04-16|2024-05-02|2024-05-30|2024-06-18|2024-07-09|2024-07-25|2024-08-13|2024-08-29|2024-09-18|2024-10-07|2024-10-24|2024-11-13|2024-12-03|2024-12-19|2025-01-15|2025-02-04|2025-02-24|2025-03-12|2025-03-31|2025-04-16|2025-05-06|2025-05-22|2025-06-11|2025-07-01|2025-07-17|2025-08-05|2025-08-21|2025-09-10|2025-09-29|2025-10-16|2025-11-04|2025-11-24|2025-12-11,
normal,20,0.5,29,20|40|60|80|100|120|140|160|180|200|220|240|260|280|300|320|340|360|380|400|420|440|460|480|500|525|545|565|585,2023-01-10|2023-02-15|2023-03-23|2023-05-01|2023-06-06|2023-07-13|2023-08-17|2023-09-25|2023-10-31|2023-12-06|2024-01-16|2024-02-21|2024-03-27|2024-05-02|2024-06-10|2024-07-17|2024-08-21|2024-09-26|2024-11-04|2024-12-11|2025-01-27|2025-03-04|2025-04-08|2025-05-14|2025-06-23|2025-08-05|2025-09-10|2025-10-16|2025-11-24,
normal,20,1.0,29,20|40|60|80|100|120|140|160|180|200|220|240|260|280|300|320|340|360|380|400|420|440|460|480|500|525|545|565|585,2023-01-10|2023-02-15|2023-03-23|2023-05-01|2023-06-06|2023-07-13|2023-08-17|2023-09-25|2023-10-31|2023-12-06|2024-01-16|2024-02-21|2024-03-27|2024-05-02|2024-06-10|2024-07-17|2024-08-21|2024-09-26|2024-11-04|2024-12-11|2025-01-27|2025-03-04|2025-04-08|2025-05-14|2025-06-23|2025-08-05|2025-09-10|2025-10-16|2025-11-24,
normal,20,2.0,29,20|40|60|80|100|120|140|160|180|200|220|240|260|280|300|320|340|360|380|400|420|440|460|480|500|525|545|565|585,2023-01-10|2023-02-15|2023-03-23|2023-05-01|2023-06-06|2023-07-13|2023-08-17|2023-09-25|2023-10-31|2023-12-06|2024-01-16|2024-02-21|2024-03-27|2024-05-02|2024-06-10|2024-07-17|2024-08-21|2024-09-26|2024-11-04|2024-12-11|2025-01-27|2025-03-04|2025-04-08|2025-05-14|2025-06-23|2025-08-05|2025-09-10|2025-10-16|2025-11-24,
normal,20,3.0,28,20|40|60|80|100|120|140|160|180|200|220|240|275|295|315|335|355|375|395|415|435|455|475|500|525|545|565|585,2023-01-10|2023-02-15|2023-03-23|2023-05-01|2023-06-06|2023-07-13|2023-08-17|2023-09-25|2023-10-31|2023-12-06|2024-01-16|2024-02-21|2024-04-24|2024-05-30|2024-07-09|2024-08-13|2024-09-18|2024-10-24|2024-12-03|2025-01-15|2025-02-24|2025-03-31|2025-05-06|2025-06-23|2025-08-05|2025-09-10|2025-10-16|2025-11-24,
normal,20,5.0,28,20|40|60|80|100|120|140|160|180|200|220|240|275|295|315|335|355|375|395|415|435|455|475|500|525|545|565|585,2023-01-10|2023-02-15|2023-03-23|2023-05-01|2023-06-06|2023-07-13|2023-08-17|2023-09-25|2023-10-31|2023-12-06|2024-01-16|2024-02-21|2024-04-24|2024-05-30|2024-07-09|2024-08-13|2024-09-18|2024-10-24|2024-12-03|2025-01-15|2025-02-24|2025-03-31|2025-05-06|2025-06-23|2025-08-05|2025-09-10|2025-10-16|2025-11-24,
normal,20,7.0,28,20|40|60|80|100|120|140|160|180|200|220|240|275|295|315|335|355|375|395|415|435|455|475|500|525|545|565|585,2023-01-10|2023-02-15|2023-03-23|2023-05-01|2023-06-06|2023-07-13|2023-08-17|2023-09-25|2023-10-31|2023-12-06|2024-01-16|2024-02-21|2024-04-24|2024-05-30|2024-07-09|2024-08-13|2024-09-18|2024-10-24|2024-12-03|2025-01-15|2025-02-24|2025-03-31|2025-05-06|2025-06-23|2025-08-05|2025-09-10|2025-10-16|2025-11-24,
normal,20,10.0,28,20|40|60|80|100|120|140|160|180|200|220|240|275|295|315|335|355|375|395|415|435|455|475|500|525|545|565|585,2023-01-10|2023-02-15|2023-03-23|2023-05-01|2023-06-06|2023-07-13|2023-08-17|2023-09-25|2023-10-31|2023-12-06|2024-01-16|2024-02-21|2024-04-24|2024-05-30|2024-07-09|2024-08-13|2024-09-18|2024-10-24|2024-12-03|2025-01-15|2025-02-24|2025-03-31|2025-05-06|2025-06-23|2025-08-05|2025-09-10|2025-10-16|2025-11-24,
normal,20,15.0,28,20|40|60|80|100|120|140|160|180|200|220|240|275|295|315|335|355|375|395|415|435|455|475|500|525|545|565|585,2023-01-10|2023-02-15|2023-03-23|2023-05-01|2023-06-06|2023-07-13|2023-08-17|2023-09-25|2023-10-31|2023-12-06|2024-01-16|2024-02-21|2024-04-24|2024-05-30|2024-07-09|2024-08-13|2024-09-18|2024-10-24|2024-12-03|2025-01-15|2025-02-24|2025-03-31|2025-05-06|2025-06-23|2025-08-05|2025-09-10|2025-10-16|2025-11-24,
normal,20,20.0,28,20|40|60|80|100|120|140|160|180|200|220|240|275|295|315|335|355|375|395|415|435|455|475|500|525|545|565|585,2023-01-10|2023-02-15|2023-03-23|2023-05-01|2023-06-06|2023-07-13|2023-08-17|2023-09-25|2023-10-31|2023-12-06|2024-01-16|2024-02-21|2024-04-24|2024-05-30|2024-07-09|2024-08-13|2024-09-18|2024-10-24|2024-12-03|2025-01-15|2025-02-24|2025-03-31|2025-05-06|2025-06-23|2025-08-05|2025-09-10|2025-10-16|2025-11-24,
normal,20,30.0,28,20|40|60|80|100|120|140|160|180|200|220|240|275|295|315|335|355|375|395|415|435|455|475|500|525|545|565|585,2023-01-10|2023-02-15|2023-03-23|2023-05-01|2023-06-06|2023-07-13|2023-08-17|2023-09-25|2023-10-31|2023-12-06|2024-01-16|2024-02-21|2024-04-24|2024-05-30|2024-07-09|2024-08-13|2024-09-18|2024-10-24|2024-12-03|2025-01-15|2025-02-24|2025-03-31|2025-05-06|2025-06-23|2025-08-05|2025-09-10|2025-10-16|2025-11-24,
normal,20,50.0,28,20|40|60|80|100|120|140|160|180|200|220|240|275|295|315|335|355|375|395|415|435|455|475|500|525|545|565|585,2023-01-10|2023-02-15|2023-03-23|2023-05-01|2023-06-06|2023-07-13|2023-08-17|2023-09-25|2023-10-31|2023-12-06|2024-01-16|2024-02-21|2024-04-24|2024-05-30|2024-07-09|2024-08-13|2024-09-18|2024-10-24|2024-12-03|2025-01-15|2025-02-24|2025-03-31|2025-05-06|2025-06-23|2025-08-05|2025-09-10|2025-10-16|2025-11-24,
normal,30,0.5,18,30|60|90|120|155|185|215|245|280|320|350|380|410|440|470|500|530|560,2023-01-30|2023-03-23|2023-05-17|2023-07-13|2023-09-14|2023-11-08|2024-01-04|2024-02-29|2024-05-02|2024-07-17|2024-09-10|2024-11-04|2025-01-06|2025-03-04|2025-04-28|2025-06-23|2025-08-13|2025-10-07,
normal,30,1.0,18,30|60|90|120|155|185|215|245|280|320|350|380|410|440|470|500|530|560,2023-01-30|2023-03-23|2023-05-17|2023-07-13|2023-09-14|2023-11-08|2024-01-04|2024-02-29|2024-05-02|2024-07-17|2024-09-10|2024-11-04|2025-01-06|2025-03-04|2025-04-28|2025-06-23|2025-08-13|2025-10-07,
normal,30,2.0,18,30|60|90|120|155|185|215|245|280|320|350|380|410|440|470|500|530|560,2023-01-30|2023-03-23|2023-05-17|2023-07-13|2023-09-14|2023-11-08|2024-01-04|2024-02-29|2024-05-02|2024-07-17|2024-09-10|2024-11-04|2025-01-06|2025-03-04|2025-04-28|2025-06-23|2025-08-13|2025-10-07,
normal,30,3.0,18,30|60|90|120|155|185|215|245|280|320|350|380|410|440|470|500|530|560,2023-01-30|2023-03-23|2023-05-17|2023-07-13|2023-09-14|2023-11-08|2024-01-04|2024-02-29|2024-05-02|2024-07-17|2024-09-10|2024-11-04|2025-01-06|2025-03-04|2025-04-28|2025-06-23|2025-08-13|2025-10-07,
normal,30,5.0,18,30|60|90|120|155|185|215|245|280|320|350|380|410|440|470|500|530|560,2023-01-30|2023-03-23|2023-05-17|2023-07-13|2023-09-14|2023-11-08|2024-01-04|2024-02-29|2024-05-02|2024-07-17|2024-09-10|2024-11-04|2025-01-06|2025-03-04|2025-04-28|2025-06-23|2025-08-13|2025-10-07,
normal,30,7.0,18,30|60|90|120|155|185|215|245|280|320|350|380|410|440|470|500|530|560,2023-01-30|2023-03-23|2023-05-17|2023-07-13|2023-09-14|2023-11-08|2024-01-04|2024-02-29|2024-05-02|2024-07-17|2024-09-10|2024-11-04|2025-01-06|2025-03-04|2025-04-28|2025-06-23|2025-08-13|2025-10-07,
normal,30,10.0,18,30|60|90|120|155|185|215|245|280|320|350|380|410|440|470|500|530|560,2023-01-30|2023-03-23|2023-05-17|2023-07-13|2023-09-14|2023-11-08|2024-01-04|2024-02-29|2024-05-02|2024-07-17|2024-09-10|2024-11-04|2025-01-06|2025-03-04|2025-04-28|2025-06-23|2025-08-13|2025-10-07,
normal,30,15.0,18,30|60|90|120|155|185|215|245|280|320|350|380|410|440|470|500|530|560,2023-01-30|2023-03-23|2023-05-17|2023-07-13|2023-09-14|2023-11-08|2024-01-04|2024-02-29|2024-05-02|2024-07-17|2024-09-10|2024-11-04|2025-01-06|2025-03-04|2025-04-28|2025-06-23|2025-08-13|2025-10-07,
normal,30,20.0,18,30|60|90|120|155|185|215|245|280|320|350|380|410|440|470|500|530|560,2023-01-30|2023-03-23|2023-05-17|2023-07-13|2023-09-14|2023-11-08|2024-01-04|2024-02-29|2024-05-02|2024-07-17|2024-09-10|2024-11-04|2025-01-06|2025-03-04|2025-04-28|2025-06-23|2025-08-13|2025-10-07,
normal,30,30.0,18,30|60|90|120|155|185|215|245|280|320|350|380|410|440|470|500|530|560,2023-01-30|2023-03-23|2023-05-17|2023-07-13|2023-09-14|2023-11-08|2024-01-04|2024-02-29|2024-05-02|2024-07-17|2024-09-10|2024-11-04|2025-01-06|2025-03-04|2025-04-28|2025-06-23|2025-08-13|2025-10-07,
normal,30,50.0,18,30|60|90|120|155|185|215|245|280|320|350|380|410|440|470|500|530|560,2023-01-30|2023-03-23|2023-05-17|2023-07-13|2023-09-14|2023-11-08|2024-01-04|2024-02-29|2024-05-02|2024-07-17|2024-09-10|2024-11-04|2025-01-06|2025-03-04|2025-04-28|2025-06-23|2025-08-13|2025-10-07,
normal,40,0.5,14,40|80|120|165|205|245|285|325|365|405|445|485|525|565,2023-02-15|2023-05-01|2023-07-13|2023-10-03|2023-12-14|2024-02-29|2024-05-13|2024-07-25|2024-10-07|2024-12-19|2025-03-12|2025-05-22|2025-08-05|2025-10-16,
normal,40,1.0,14,40|80|120|165|205|245|285|325|365|405|445|485|525|565,2023-02-15|2023-05-01|2023-07-13|2023-10-03|2023-12-14|2024-02-29|2024-05-13|2024-07-25|2024-10-07|2024-12-19|2025-03-12|2025-05-22|2025-08-05|2025-10-16,
normal,40,2.0,14,40|80|120|165|205|245|285|325|365|405|445|485|525|565,2023-02-15|2023-05-01|2023-07-13|2023-10-03|2023-12-14|2024-02-29|2024-05-13|2024-07-25|2024-10-07|2024-12-19|2025-03-12|2025-05-22|2025-08-05|2025-10-16,
normal,40,3.0,14,40|80|120|165|205|245|285|325|365|405|445|485|525|565,2023-02-15|2023-05-01|2023-07-13|2023-10-03|2023-12-14|2024-02-29|2024-05-13|2024-07-25|2024-10-07|2024-12-19|2025-03-12|2025-05-22|2025-08-05|2025-10-16,
normal,40,5.0,14,40|80|120|165|205|245|285|325|365|405|445|485|525|565,2023-02-15|2023-05-01|2023-07-13|2023-10-03|2023-12-14|2024-02-29|2024-05-13|2024-07-25|2024-10-07|2024-12-19|2025-03-12|2025-05-22|2025-08-05|2025-10-16,
normal,40,7.0,14,40|80|120|165|205|245|285|325|365|405|445|485|525|565,2023-02-15|2023-05-01|2023-07-13|2023-10-03|2023-12-14|2024-02-29|2024-05-13|2024-07-25|2024-10-07|2024-12-19|2025-03-12|2025-05-22|2025-08-05|2025-10-16,
normal,40,10.0,14,40|80|120|165|205|245|285|325|365|405|445|485|525|565,2023-02-15|2023-05-01|2023-07-13|2023-10-03|2023-12-14|2024-02-29|2024-05-13|2024-07-25|2024-10-07|2024-12-19|2025-03-12|2025-05-22|2025-08-05|2025-10-16,
normal,40,15.0,14,40|80|120|165|205|245|285|325|365|405|445|485|525|565,2023-02-15|2023-05-01|2023-07-13|2023-10-03|2023-12-14|2024-02-29|2024-05-13|2024-07-25|2024-10-07|2024-12-19|2025-03-12|2025-05-22|2025-08-05|2025-10-16,
normal,40,20.0,13,40|80|120|180|225|280|320|365|405|445|485|525|565,2023-02-15|2023-05-01|2023-07-13|2023-10-31|2024-01-24|2024-05-02|2024-07-17|2024-10-07|2024-12-19|2025-03-12|2025-05-22|2025-08-05|2025-10-16,
normal,40,30.0,13,40|80|120|180|225|280|320|365|405|445|485|525|565,2023-02-15|2023-05-01|2023-07-13|2023-10-31|2024-01-24|2024-05-02|2024-07-17|2024-10-07|2024-12-19|2025-03-12|2025-05-22|2025-08-05|2025-10-16,
normal,40,50.0,13,40|80|120|180|225|280|320|365|405|445|485|525|565,2023-02-15|2023-05-01|2023-07-13|2023-10-31|2024-01-24|2024-05-02|2024-07-17|2024-10-07|2024-12-19|2025-03-12|2025-05-22|2025-08-05|2025-10-16,
normal,60,0.5,9,60|120|180|240|305|365|425|485|545,2023-03-23|2023-07-13|2023-10-31|2024-02-21|2024-06-18|2024-10-07|2025-02-04|2025-05-22|2025-09-10,
normal,60,1.0,9,60|120|180|240|305|365|425|485|545,2023-03-23|2023-07-13|2023-10-31|2024-02-21|2024-06-18|2024-10-07|2025-02-04|2025-05-22|2025-09-10,
normal,60,2.0,9,60|120|180|240|305|365|425|485|545,2023-03-23|2023-07-13|2023-10-31|2024-02-21|2024-06-18|2024-10-07|2025-02-04|2025-05-22|2025-09-10,
normal,60,3.0,9,60|120|180|240|305|365|425|485|545,2023-03-23|2023-07-13|2023-10-31|2024-02-21|2024-06-18|2024-10-07|2025-02-04|2025-05-22|2025-09-10,
normal,60,5.0,9,60|120|180|240|305|365|425|485|545,2023-03-23|2023-07-13|2023-10-31|2024-02-21|2024-06-18|2024-10-07|2025-02-04|2025-05-22|2025-09-10,
normal,60,7.0,9,60|120|180|240|305|365|425|485|545,2023-03-23|2023-07-13|2023-10-31|2024-02-21|2024-06-18|2024-10-07|2025-02-04|2025-05-22|2025-09-10,
normal,60,10.0,9,60|120|180|240|305|365|425|485|545,2023-03-23|2023-07-13|2023-10-31|2024-02-21|2024-06-18|2024-10-07|2025-02-04|2025-05-22|2025-09-10,
normal,60,15.0,9,60|120|180|240|305|365|425|485|545,2023-03-23|2023-07-13|2023-10-31|2024-02-21|2024-06-18|2024-10-07|2025-02-04|2025-05-22|2025-09-10,
normal,60,20.0,9,60|120|180|240|305|365|425|485|545,2023-03-23|2023-07-13|2023-10-31|2024-02-21|2024-06-18|2024-10-07|2025-02-04|2025-05-22|2025-09-10,
normal,60,30.0,9,60|120|180|240|305|365|425|485|545,2023-03-23|2023-07-13|2023-10-31|2024-02-21|2024-06-18|2024-10-07|2025-02-04|2025-05-22|2025-09-10,
normal,60,50.0,9,60|120|180|240|305|365|425|485|545,2023-03-23|2023-07-13|2023-10-31|2024-02-21|2024-06-18|2024-10-07|2025-02-04|2025-05-22|2025-09-10,
l2,10,0.5,56,10|20|30|40|50|60|70|85|95|110|120|130|140|155|165|175|185|200|210|220|230|240|250|260|270|280|290|300|310|320|330|340|350|360|370|380|395|405|415|425|435|450|460|470|480|490|500|510|520|530|545|555|565|575|585|595,2022-12-20|2023-01-10|2023-01-30|2023-02-15|2023-03-07|2023-03-23|2023-04-12|2023-05-09|2023-05-25|2023-06-26|2023-07-13|2023-08-01|2023-08-17|2023-09-14|2023-10-03|2023-10-23|2023-11-08|2023-12-06|2023-12-26|2024-01-16|2024-02-01|2024-02-21|2024-03-11|2024-03-27|2024-04-16|2024-05-02|2024-05-21|2024-06-10|2024-06-27|2024-07-17|2024-08-05|2024-08-21|2024-09-10|2024-09-26|2024-10-16|2024-11-04|2024-12-03|2024-12-19|2025-01-15|2025-02-04|2025-02-24|2025-03-20|2025-04-08|2025-04-28|2025-05-14|2025-06-03|2025-06-23|2025-07-09|2025-07-28|2025-08-13|2025-09-10|2025-09-29|2025-10-16|2025-11-04|2025-11-24|2025-12-11,
l2,10,1.0,56,10|20|30|40|50|60|70|85|95|110|120|130|140|155|165|175|185|200|210|220|230|240|250|260|270|280|290|300|310|320|330|340|350|360|370|380|395|405|415|425|435|450|460|470|480|490|500|510|520|530|545|555|565|575|585|595,2022-12-20|2023-01-10|2023-01-30|2023-02-15|2023-03-07|2023-03-23|2023-04-12|2023-05-09|2023-05-25|2023-06-26|2023-07-13|2023-08-01|2023-08-17|2023-09-14|2023-10-03|2023-10-23|2023-11-08|2023-12-06|2023-12-26|2024-01-16|2024-02-01|2024-02-21|2024-03-11|2024-03-27|2024-04-16|2024-05-02|2024-05-21|2024-06-10|2024-06-27|2024-07-17|2024-08-05|2024-08-21|2024-09-10|2024-09-26|2024-10-16|2024-11-04|2024-12-03|2024-12-19|2025-01-15|2025-02-04|2025-02-24|2025-03-20|2025-04-08|2025-04-28|2025-05-14|2025-06-03|2025-06-23|2025-07-09|2025-07-28|2025-08-13|2025-09-10|2025-09-29|2025-10-16|2025-11-04|2025-11-24|2025-12-11,
l2,10,2.0,54,10|20|30|40|50|60|70|85|95|110|120|130|140|155|165|175|185|200|210|220|230|240|250|260|270|280|290|300|310|320|335|350|360|380|395|405|415|425|435|450|460|470|480|490|500|510|520|530|545|555|565|575|585|595,2022-12-20|2023-01-10|2023-01-30|2023-02-15|2023-03-07|2023-03-23|2023-04-12|2023-05-09|2023-05-25|2023-06-26|2023-07-13|2023-08-01|2023-08-17|2023-09-14|2023-10-03|2023-10-23|2023-11-08|2023-12-06|2023-12-26|2024-01-16|2024-02-01|2024-02-21|2024-03-11|2024-03-27|2024-04-16|2024-05-02|2024-05-21|2024-06-10|2024-06-27|2024-07-17|2024-08-13|2024-09-10|2024-09-26|2024-11-04|2024-12-03|2024-12-19|2025-01-15|2025-02-04|2025-02-24|2025-03-20|2025-04-08|2025-04-28|2025-05-14|2025-06-03|2025-06-23|2025-07-09|2025-07-28|2025-08-13|2025-09-10|2025-09-29|2025-10-16|2025-11-04|2025-11-24|2025-12-11,
l2,10,3.0,53,10|20|30|50|60|70|85|95|110|120|130|140|155|165|175|185|200|210|220|230|240|250|260|270|280|290|300|310|320|335|350|360|380|395|405|415|425|435|450|460|470|480|490|500|510|520|530|545|555|565|575|585|595,2022-12-20|2023-01-10|2023-01-30|2023-03-07|2023-03-23|2023-04-12|2023-05-09|2023-05-25|2023-06-26|2023-07-13|2023-08-01|2023-08-17|2023-09-14|2023-10-03|2023-10-23|2023-11-08|2023-12-06|2023-12-26|2024-01-16|2024-02-01|2024-02-21|2024-03-11|2024-03-27|2024-04-16|2024-05-02|2024-05-21|2024-06-10|2024-06-27|2024-07-17|2024-08-13|2024-09-10|2024-09-26|2024-11-04|2024-12-03|2024-12-19|2025-01-15|2025-02-04|2025-02-24|2025-03-20|2025-04-08|2025-04-28|2025-05-14|2025-06-03|2025-06-23|2025-07-09|2025-07-28|2025-08-13|2025-09-10|2025-09-29|2025-10-16|2025-11-04|2025-11-24|2025-12-11,
l2,10,5.0,47,10|20|30|50|60|70|85|95|110|130|140|155|165|175|185|200|210|220|230|260|270|280|290|310|320|335|350|360|380|395|405|415|425|435|450|460|470|480|500|510|520|530|545|565|575|585|595,2022-12-20|2023-01-10|2023-01-30|2023-03-07|2023-03-23|2023-04-12|2023-05-09|2023-05-25|2023-06-26|2023-08-01|2023-08-17|2023-09-14|2023-10-03|2023-10-23|2023-11-08|2023-12-06|2023-12-26|2024-01-16|2024-02-01|2024-03-27|2024-04-16|2024-05-02|2024-05-21|2024-06-27|2024-07-17|2024-08-13|2024-09-10|2024-09-26|2024-11-04|2024-12-03|2024-12-19|2025-01-15|2025-02-04|2025-02-24|2025-03-20|2025-04-08|2025-04-28|2025-05-14|2025-06-23|2025-07-09|2025-07-28|2025-08-13|2025-09-10|2025-10-16|2025-11-04|2025-11-24|2025-12-11,
l2,10,7.0,39,10|20|30|45|75|85|95|110|130|140|155|175|185|220|230|260|270|280|290|310|320|335|360|380|395|405|415|425|435|450|460|470|480|520|530|545|565|575|585,2022-12-20|2023-01-10|2023-01-30|2023-02-27|2023-04-20|2023-05-09|2023-05-25|2023-06-26|2023-08-01|2023-08-17|2023-09-14|2023-10-23|2023-11-08|2024-01-16|2024-02-01|2024-03-27|2024-04-16|2024-05-02|2024-05-21|2024-06-27|2024-07-17|2024-08-13|2024-09-26|2024-11-04|2024-12-03|2024-12-19|2025-01-15|2025-02-04|2025-02-24|2025-03-20|2025-04-08|2025-04-28|2025-05-14|2025-07-28|2025-08-13|2025-09-10|2025-10-16|2025-11-04|2025-11-24,
l2,10,10.0,22,10|20|125|175|220|230|260|270|280|290|335|360|415|425|435|450|460|470|520|530|565|585,2022-12-20|2023-01-10|2023-07-24|2023-10-23|2024-01-16|2024-02-01|2024-03-27|2024-04-16|2024-05-02|2024-05-21|2024-08-13|2024-09-26|2025-01-15|2025-02-04|2025-02-24|2025-03-20|2025-04-08|2025-04-28|2025-07-28|2025-08-13|2025-10-16|2025-11-24,
l2,10,15.0,14,10|20|175|220|230|415|425|435|460|470|520|530|565|585,2022-12-20|2023-01-10|2023-10-23|2024-01-16|2024-02-01|2025-01-15|2025-02-04|2025-02-24|2025-04-08|2025-04-28|2025-07-28|2025-08-13|2025-10-16|2025-11-24,
l2,10,20.0,7,220|230|415|425|435|460|470,2024-01-16|2024-02-01|2025-01-15|2025-02-04|2025-02-24|2025-04-08|2025-04-28,
l2,10,30.0,0,,,
l2,10,50.0,0,,,
l2,20,0.5,27,30|50|70|90|110|130|155|175|195|220|240|270|290|310|335|355|375|395|415|435|460|480|500|520|540|565|585,2023-01-30|2023-03-07|2023-04-12|2023-05-17|2023-06-26|2023-08-01|2023-09-14|2023-10-23|2023-11-28|2024-01-16|2024-02-21|2024-04-16|2024-05-21|2024-06-27|2024-08-13|2024-09-18|2024-10-24|2024-12-03|2025-01-15|2025-02-24|2025-04-08|2025-05-14|2025-06-23|2025-07-28|2025-09-02|2025-10-16|2025-11-24,
l2,20,1.0,27,30|50|70|90|110|130|155|175|195|220|240|270|290|310|335|355|375|395|415|435|460|480|500|520|540|565|585,2023-01-30|2023-03-07|2023-04-12|2023-05-17|2023-06-26|2023-08-01|2023-09-14|2023-10-23|2023-11-28|2024-01-16|2024-02-21|2024-04-16|2024-05-21|2024-06-27|2024-08-13|2024-09-18|2024-10-24|2024-12-03|2025-01-15|2025-02-24|2025-04-08|2025-05-14|2025-06-23|2025-07-28|2025-09-02|2025-10-16|2025-11-24,
l2,20,2.0,26,30|50|75|95|120|155|175|195|220|240|270|290|310|335|355|375|395|415|435|460|480|500|520|540|565|585,2023-01-30|2023-03-07|2023-04-20|2023-05-25|2023-07-13|2023-09-14|2023-10-23|2023-11-28|2024-01-16|2024-02-21|2024-04-16|2024-05-21|2024-06-27|2024-08-13|2024-09-18|2024-10-24|2024-12-03|2025-01-15|2025-02-24|2025-04-08|2025-05-14|2025-06-23|2025-07-28|2025-09-02|2025-10-16|2025-11-24,
l2,20,3.0,26,30|50|75|95|120|155|175|195|220|240|270|290|310|335|355|375|395|415|435|460|480|500|520|540|565|585,2023-01-30|2023-03-07|2023-04-20|2023-05-25|2023-07-13|2023-09-14|2023-10-23|2023-11-28|2024-01-16|2024-02-21|2024-04-16|2024-05-21|2024-06-27|2024-08-13|2024-09-18|2024-10-24|2024-12-03|2025-01-15|2025-02-24|2025-04-08|2025-05-14|2025-06-23|2025-07-28|2025-09-02|2025-10-16|2025-11-24,
l2,20,5.0,25,30|50|75|95|120|155|175|195|220|240|270|290|335|355|375|395|415|435|460|480|500|520|540|565|585,2023-01-30|2023-03-07|2023-04-20|2023-05-25|2023-07-13|2023-09-14|2023-10-23|2023-11-28|2024-01-16|2024-02-21|2024-04-16|2024-05-21|2024-08-13|2024-09-18|2024-10-24|2024-12-03|2025-01-15|2025-02-24|2025-04-08|2025-05-14|2025-06-23|2025-07-28|2025-09-02|2025-10-16|2025-11-24,
l2,20,7.0,18,30|50|75|95|125|175|220|240|290|335|360|415|435|460|520|540|565|585,2023-01-30|2023-03-07|2023-04-20|2023-05-25|2023-07-24|2023-10-23|2024-01-16|2024-02-21|2024-05-21|2024-08-13|2024-09-26|2025-01-15|2025-02-24|2025-04-08|2025-07-28|2025-09-02|2025-10-16|2025-11-24,
l2,20,10.0,14,30|125|175|220|240|270|360|415|435|460|520|540|565|585,2023-01-30|2023-07-24|2023-10-23|2024-01-16|2024-02-21|2024-04-16|2024-09-26|2025-01-15|2025-02-24|2025-04-08|2025-07-28|2025-09-02|2025-10-16|2025-11-24,
l2,20,15.0,11,30|175|220|240|415|435|460|520|540|565|585,2023-01-30|2023-10-23|2024-01-16|2024-02-21|2025-01-15|2025-02-24|2025-04-08|2025-07-28|2025-09-02|2025-10-16|2025-11-24,
l2,20,20.0,0,,,
l2,20,30.0,0,,,
l2,20,50.0,0,,,
l2,30,0.5,17,30|65|95|125|175|210|240|270|300|335|365|405|435|470|510|545|575,2023-01-30|2023-04-03|2023-05-25|2023-07-24|2023-10-23|2023-12-26|2024-02-21|2024-04-16|2024-06-10|2024-08-13|2024-10-07|2024-12-19|2025-02-24|2025-04-28|2025-07-09|2025-09-10|2025-11-04,
l2,30,1.0,17,30|65|95|125|175|210|240|270|300|330|360|405|435|470|510|545|575,2023-01-30|2023-04-03|2023-05-25|2023-07-24|2023-10-23|2023-12-26|2024-02-21|2024-04-16|2024-06-10|2024-08-05|2024-09-26|2024-12-19|2025-02-24|2025-04-28|2025-07-09|2025-09-10|2025-11-04,
l2,30,2.0,17,30|65|95|125|175|210|240|270|300|330|360|405|435|470|510|545|575,2023-01-30|2023-04-03|2023-05-25|2023-07-24|2023-10-23|2023-12-26|2024-02-21|2024-04-16|2024-06-10|2024-08-05|2024-09-26|2024-12-19|2025-02-24|2025-04-28|2025-07-09|2025-09-10|2025-11-04,
l2,30,3.0,17,30|65|95|125|175|210|240|270|300|330|360|405|435|470|510|545|575,2023-01-30|2023-04-03|2023-05-25|2023-07-24|2023-10-23|2023-12-26|2024-02-21|2024-04-16|2024-06-10|2024-08-05|2024-09-26|2024-12-19|2025-02-24|2025-04-28|2025-07-09|2025-09-10|2025-11-04,
l2,30,5.0,15,30|95|125|175|210|240|290|330|360|405|435|470|510|545|575,2023-01-30|2023-05-25|2023-07-24|2023-10-23|2023-12-26|2024-02-21|2024-05-21|2024-08-05|2024-09-26|2024-12-19|2025-02-24|2025-04-28|2025-07-09|2025-09-10|2025-11-04,
l2,30,7.0,13,30|125|175|210|240|290|330|360|415|470|510|545|575,2023-01-30|2023-07-24|2023-10-23|2023-12-26|2024-02-21|2024-05-21|2024-08-05|2024-09-26|2025-01-15|2025-04-28|2025-07-09|2025-09-10|2025-11-04,
l2,30,10.0,10,30|125|175|210|240|270|360|415|470|575,2023-01-30|2023-07-24|2023-10-23|2023-12-26|2024-02-21|2024-04-16|2024-09-26|2025-01-15|2025-04-28|2025-11-04,
l2,30,15.0,4,30|175|210|240,2023-01-30|2023-10-23|2023-12-26|2024-02-21,
l2,30,20.0,0,,,
l2,30,30.0,0,,,
l2,30,50.0,0,,,
l2,40,0.5,13,40|85|125|175|215|255|295|335|375|415|470|520|565,2023-02-15|2023-05-09|2023-07-24|2023-10-23|2024-01-04|2024-03-19|2024-05-30|2024-08-13|2024-10-24|2025-01-15|2025-04-28|2025-07-28|2025-10-16,
l2,40,1.0,13,40|85|125|175|215|255|295|335|375|415|470|520|565,2023-02-15|2023-05-09|2023-07-24|2023-10-23|2024-01-04|2024-03-19|2024-05-30|2024-08-13|2024-10-24|2025-01-15|2025-04-28|2025-07-28|2025-10-16,
l2,40,2.0,13,40|85|125|175|215|255|295|335|375|415|470|520|565,2023-02-15|2023-05-09|2023-07-24|2023-10-23|2024-01-04|2024-03-19|2024-05-30|2024-08-13|2024-10-24|2025-01-15|2025-04-28|2025-07-28|2025-10-16,
l2,40,3.0,13,40|85|125|175|215|255|295|335|375|415|470|520|565,2023-02-15|2023-05-09|2023-07-24|2023-10-23|2024-01-04|2024-03-19|2024-05-30|2024-08-13|2024-10-24|2025-01-15|2025-04-28|2025-07-28|2025-10-16,
l2,40,5.0,10,40|125|175|220|270|360|415|470|520|565,2023-02-15|2023-07-24|2023-10-23|2024-01-16|2024-04-16|2024-09-26|2025-01-15|2025-04-28|2025-07-28|2025-10-16,
l2,40,7.0,9,40|125|175|220|270|360|415|470|530,2023-02-15|2023-07-24|2023-10-23|2024-01-16|2024-04-16|2024-09-26|2025-01-15|2025-04-28|2025-08-13,
l2,40,10.0,7,125|175|220|270|360|415|470,2023-07-24|2023-10-23|2024-01-16|2024-04-16|2024-09-26|2025-01-15|2025-04-28,
l2,40,15.0,0,,,
l2,40,20.0,0,,,
l2,40,30.0,0,,,
l2,40,50.0,0,,,
l2,60,0.5,8,70|175|235|295|355|415|475|535,2023-04-12|2023-10-23|2024-02-12|2024-05-30|2024-09-18|2025-01-15|2025-05-06|2025-08-21,
l2,60,1.0,8,85|175|235|295|355|415|475|535,2023-05-09|2023-10-23|2024-02-12|2024-05-30|2024-09-18|2025-01-15|2025-05-06|2025-08-21,
l2,60,2.0,8,85|175|235|295|355|415|475|535,2023-05-09|2023-10-23|2024-02-12|2024-05-30|2024-09-18|2025-01-15|2025-05-06|2025-08-21,
l2,60,3.0,8,85|175|235|295|355|415|475|535,2023-05-09|2023-10-23|2024-02-12|2024-05-30|2024-09-18|2025-01-15|2025-05-06|2025-08-21,
l2,60,5.0,8,85|175|235|295|355|415|475|535,2023-05-09|2023-10-23|2024-02-12|2024-05-30|2024-09-18|2025-01-15|2025-05-06|2025-08-21,
l2,60,7.0,8,85|175|235|295|355|415|475|535,2023-05-09|2023-10-23|2024-02-12|2024-05-30|2024-09-18|2025-01-15|2025-05-06|2025-08-21,
l2,60,10.0,5,85|175|240|410|470,2023-05-09|2023-10-23|2024-02-21|2025-01-06|2025-04-28,
l2,60,15.0,0,,,
l2,60,20.0,0,,,
l2,60,30.0,0,,,
l2,60,50.0,0,,,
