model,min_size,penalty,n_cp,n_segments,min_segment_length,max_segment_length,mean_segment_length,gaussian_nll,n_params,bic_score,change_idx,change_dates,error_msg
normal,40,5,14,15,40,45,40.4,937.7817111504418,975,8122.271408718465,40|80|120|165|205|245|285|325|365|405|445|485|525|565,2023-02-15|2023-05-01|2023-07-13|2023-10-03|2023-12-14|2024-02-29|2024-05-13|2024-07-25|2024-10-07|2024-12-19|2025-03-12|2025-05-22|2025-08-05|2025-10-16,
normal,40,7,14,15,40,45,40.4,937.7817111504418,975,8122.271408718465,40|80|120|165|205|245|285|325|365|405|445|485|525|565,2023-02-15|2023-05-01|2023-07-13|2023-10-03|2023-12-14|2024-02-29|2024-05-13|2024-07-25|2024-10-07|2024-12-19|2025-03-12|2025-05-22|2025-08-05|2025-10-16,
normal,40,10,14,15,40,45,40.4,937.7817111504418,975,8122.271408718465,40|80|120|165|205|245|285|325|365|405|445|485|525|565,2023-02-15|2023-05-01|2023-07-13|2023-10-03|2023-12-14|2024-02-29|2024-05-13|2024-07-25|2024-10-07|2024-12-19|2025-03-12|2025-05-22|2025-08-05|2025-10-16,
normal,40,15,14,15,40,45,40.4,937.7817111504418,975,8122.271408718465,40|80|120|165|205|245|285|325|365|405|445|485|525|565,2023-02-15|2023-05-01|2023-07-13|2023-10-03|2023-12-14|2024-02-29|2024-05-13|2024-07-25|2024-10-07|2024-12-19|2025-03-12|2025-05-22|2025-08-05|2025-10-16,
normal,40,20,13,14,40,60,43.285714285714285,952.4932813860145,910,7735.2473500951055,40|80|120|180|225|280|320|365|405|445|485|525|565,2023-02-15|2023-05-01|2023-07-13|2023-10-31|2024-01-24|2024-05-02|2024-07-17|2024-10-07|2024-12-19|2025-03-12|2025-05-22|2025-08-05|2025-10-16,
normal,40,30,13,14,40,60,43.285714285714285,952.4932813860145,910,7735.2473500951055,40|80|120|180|225|280|320|365|405|445|485|525|565,2023-02-15|2023-05-01|2023-07-13|2023-10-31|2024-01-24|2024-05-02|2024-07-17|2024-10-07|2024-12-19|2025-03-12|2025-05-22|2025-08-05|2025-10-16,
normal,40,50,13,14,40,60,43.285714285714285,952.4932813860145,910,7735.2473500951055,40|80|120|180|225|280|320|365|405|445|485|525|565,2023-02-15|2023-05-01|2023-07-13|2023-10-31|2024-01-24|2024-05-02|2024-07-17|2024-10-07|2024-12-19|2025-03-12|2025-05-22|2025-08-05|2025-10-16,
normal,60,5,9,10,60,65,60.6,1315.822561230935,650,6796.117113406925,60|120|180|240|305|365|425|485|545,2023-03-23|2023-07-13|2023-10-31|2024-02-21|2024-06-18|2024-10-07|2025-02-04|2025-05-22|2025-09-10,
normal,60,7,9,10,60,65,60.6,1315.822561230935,650,6796.117113406925,60|120|180|240|305|365|425|485|545,2023-03-23|2023-07-13|2023-10-31|2024-02-21|2024-06-18|2024-10-07|2025-02-04|2025-05-22|2025-09-10,
normal,60,10,9,10,60,65,60.6,1315.822561230935,650,6796.117113406925,60|120|180|240|305|365|425|485|545,2023-03-23|2023-07-13|2023-10-31|2024-02-21|2024-06-18|2024-10-07|2025-02-04|2025-05-22|2025-09-10,
normal,60,15,9,10,60,65,60.6,1315.822561230935,650,6796.117113406925,60|120|180|240|305|365|425|485|545,2023-03-23|2023-07-13|2023-10-31|2024-02-21|2024-06-18|2024-10-07|2025-02-04|2025-05-22|2025-09-10,
normal,60,20,9,10,60,65,60.6,1315.822561230935,650,6796.117113406925,60|120|180|240|305|365|425|485|545,2023-03-23|2023-07-13|2023-10-31|2024-02-21|2024-06-18|2024-10-07|2025-02-04|2025-05-22|2025-09-10,
normal,60,30,9,10,60,65,60.6,1315.822561230935,650,6796.117113406925,60|120|180|240|305|365|425|485|545,2023-03-23|2023-07-13|2023-10-31|2024-02-21|2024-06-18|2024-10-07|2025-02-04|2025-05-22|2025-09-10,
normal,60,50,9,10,60,65,60.6,1315.822561230935,650,6796.117113406925,60|120|180|240|305|365|425|485|545,2023-03-23|2023-07-13|2023-10-31|2024-02-21|2024-06-18|2024-10-07|2025-02-04|2025-05-22|2025-09-10,
normal,80,5,6,7,80,101,86.57142857142857,1606.9677378456227,455,6129.065869352784,85|165|245|330|410|505,2023-05-09|2023-10-03|2024-02-29|2024-08-05|2025-01-06|2025-07-01,
normal,80,7,6,7,80,101,86.57142857142857,1606.9677378456227,455,6129.065869352784,85|165|245|330|410|505,2023-05-09|2023-10-03|2024-02-29|2024-08-05|2025-01-06|2025-07-01,
normal,80,10,6,7,80,101,86.57142857142857,1606.9677378456227,455,6129.065869352784,85|165|245|330|410|505,2023-05-09|2023-10-03|2024-02-29|2024-08-05|2025-01-06|2025-07-01,
normal,80,15,6,7,80,101,86.57142857142857,1606.9677378456227,455,6129.065869352784,85|165|245|330|410|505,2023-05-09|2023-10-03|2024-02-29|2024-08-05|2025-01-06|2025-07-01,
normal,80,20,6,7,80,101,86.57142857142857,1606.9677378456227,455,6129.065869352784,85|165|245|330|410|505,2023-05-09|2023-10-03|2024-02-29|2024-08-05|2025-01-06|2025-07-01,
normal,80,30,6,7,80,101,86.57142857142857,1606.9677378456227,455,6129.065869352784,85|165|245|330|410|505,2023-05-09|2023-10-03|2024-02-29|2024-08-05|2025-01-06|2025-07-01,
normal,80,50,6,7,80,101,86.57142857142857,1606.9677378456227,455,6129.065869352784,85|165|245|330|410|505,2023-05-09|2023-10-03|2024-02-29|2024-08-05|2025-01-06|2025-07-01,
normal,120,5,4,5,120,125,121.2,1857.6771864040543,325,5797.590368280636,120|245|365|485,2023-07-13|2024-02-29|2024-10-07|2025-05-22,
normal,120,7,4,5,120,125,121.2,1857.6771864040543,325,5797.590368280636,120|245|365|485,2023-07-13|2024-02-29|2024-10-07|2025-05-22,
normal,120,10,4,5,120,125,121.2,1857.6771864040543,325,5797.590368280636,120|245|365|485,2023-07-13|2024-02-29|2024-10-07|2025-05-22,
normal,120,15,4,5,120,125,121.2,1857.6771864040543,325,5797.590368280636,120|245|365|485,2023-07-13|2024-02-29|2024-10-07|2025-05-22,
normal,120,20,4,5,120,125,121.2,1857.6771864040543,325,5797.590368280636,120|245|365|485,2023-07-13|2024-02-29|2024-10-07|2025-05-22,
normal,120,30,3,4,140,180,151.5,1873.331976638059,260,5412.45274965414,180|320|465,2023-10-31|2024-07-17|2025-04-16,
normal,120,50,3,4,140,180,151.5,1873.331976638059,260,5412.45274965414,180|320|465,2023-10-31|2024-07-17|2025-04-16,
rbf,40,5,0,1,606,606,606.0,2595.9336838669064,65,5608.314566828319,,,
rbf,40,7,0,1,606,606,606.0,2595.9336838669064,65,5608.314566828319,,,
rbf,40,10,0,1,606,606,606.0,2595.9336838669064,65,5608.314566828319,,,
rbf,40,15,0,1,606,606,606.0,2595.9336838669064,65,5608.314566828319,,,
rbf,40,20,0,1,606,606,606.0,2595.9336838669064,65,5608.314566828319,,,
rbf,40,30,0,1,606,606,606.0,2595.9336838669064,65,5608.314566828319,,,
rbf,40,50,0,1,606,606,606.0,2595.9336838669064,65,5608.314566828319,,,
rbf,60,5,0,1,606,606,606.0,2595.9336838669064,65,5608.314566828319,,,
rbf,60,7,0,1,606,606,606.0,2595.9336838669064,65,5608.314566828319,,,
rbf,60,10,0,1,606,606,606.0,2595.9336838669064,65,5608.314566828319,,,
rbf,60,15,0,1,606,606,606.0,2595.9336838669064,65,5608.314566828319,,,
rbf,60,20,0,1,606,606,606.0,2595.9336838669064,65,5608.314566828319,,,
rbf,60,30,0,1,606,606,606.0,2595.9336838669064,65,5608.314566828319,,,
rbf,60,50,0,1,606,606,606.0,2595.9336838669064,65,5608.314566828319,,,
rbf,80,5,0,1,606,606,606.0,2595.9336838669064,65,5608.314566828319,,,
rbf,80,7,0,1,606,606,606.0,2595.9336838669064,65,5608.314566828319,,,
rbf,80,10,0,1,606,606,606.0,2595.9336838669064,65,5608.314566828319,,,
rbf,80,15,0,1,606,606,606.0,2595.9336838669064,65,5608.314566828319,,,
rbf,80,20,0,1,606,606,606.0,2595.9336838669064,65,5608.314566828319,,,
rbf,80,30,0,1,606,606,606.0,2595.9336838669064,65,5608.314566828319,,,
rbf,80,50,0,1,606,606,606.0,2595.9336838669064,65,5608.314566828319,,,
rbf,120,5,0,1,606,606,606.0,2595.9336838669064,65,5608.314566828319,,,
rbf,120,7,0,1,606,606,606.0,2595.9336838669064,65,5608.314566828319,,,
rbf,120,10,0,1,606,606,606.0,2595.9336838669064,65,5608.314566828319,,,
rbf,120,15,0,1,606,606,606.0,2595.9336838669064,65,5608.314566828319,,,
rbf,120,20,0,1,606,606,606.0,2595.9336838669064,65,5608.314566828319,,,
rbf,120,30,0,1,606,606,606.0,2595.9336838669064,65,5608.314566828319,,,
rbf,120,50,0,1,606,606,606.0,2595.9336838669064,65,5608.314566828319,,,
