segment_id,feature,mean,std,var,min,max,median
0,dlog_SOLVPN,-0.0699515700475215,1.024178748215043,1.0489421082953327,-2.363074524774126,2.2215676850920008,-0.171820646703937
0,dlog_COPPER,0.00704599517215567,0.7669995532256577,0.5882883146483585,-2.262809224335162,1.5638946737964723,0.1359116355794645
0,dlog_GOLD,0.024370663748304815,1.04005312796741,1.0817105089947934,-2.4525833491024867,3.651618475802812,0.0689137587703044
0,dlog_SILVER,0.01048164630799237,0.9406974475915917,0.8849116879053354,-2.840830958656168,3.806352661700506,-0.0283255045271285
0,dlog_DXY,-0.10445777623735426,1.1191656586180045,1.2525317714298718,-2.5769857950771557,2.7610092815854435,-0.2034324365603362
0,dlog_OIL,-0.07260091600126088,1.1595623303948701,1.3445847980707821,-2.692411115672765,3.0573758233189645,-0.0072752516225683
0,dlog_GAS,-0.1042398801366666,0.8627522099023565,0.7443413756913998,-3.862531374875236,3.004737228492368,-0.022649436245191
0,d_UST10Y,-0.04336978509770083,1.2901500282488394,1.6644870953904811,-3.652287617781666,2.7218200146693734,0.0904576330677834
0,d_VIX,-0.007696163258580957,0.7196970867201359,0.5179638966334508,-1.8414366311734465,2.003799306980869,-0.0778321783357529
0,d_PJM_LMP,-0.20316597861919247,1.1332105365462575,1.284166120139457,-8.050004727971467,1.2450375954697517,-0.1264242178340509
1,dlog_SOLVPN,-0.1298579072271341,0.9164806743219471,0.839936826405611,-2.564672303032568,2.1856575216242784,-0.0033628232349406
1,dlog_COPPER,-0.11018318839006251,0.6669209456302682,0.4447835477203711,-1.929392443461672,1.2839696878429434,-0.22228668678650104
1,dlog_GOLD,-0.17316992891098532,0.6817691216184681,0.46480913519241757,-1.586991165353414,2.1915732842613305,-0.2393591242508846
1,dlog_SILVER,-0.1588683285462139,0.8039432786064538,0.6463247952164941,-2.837793550476252,1.9372011586778437,-0.2036708983375604
1,dlog_DXY,0.137584754893327,0.8696853797359531,0.7563526597264688,-2.6974822227280773,2.0605745575101326,0.1507521532181462
1,dlog_OIL,0.04352876240394321,0.9716338682948631,0.9440723740176393,-2.795617319904494,1.8500830146127212,0.16270686950998844
1,dlog_GAS,0.04127796026720708,0.5225219906260503,0.2730292306878102,-1.7412731031634876,1.642787528900658,-0.0040673230231989006
1,d_UST10Y,0.25662026793082665,1.0500748241324338,1.1026571362767619,-2.230371299773362,2.2641917743908366,0.29475595462071147
1,d_VIX,0.029204798656145777,0.5170671409527111,0.26735842825301087,-1.3441579985700307,1.3677452420230118,-0.02868254604355435
1,d_PJM_LMP,0.03941764899234911,0.5958397818458655,0.3550250456301286,-0.8122212492520737,4.434524714590778,-0.0236394924846134
2,dlog_SOLVPN,0.20163640474249225,0.9873854819485541,0.9749300899627785,-1.870640223364686,3.5708053650430864,0.0649241458947058
2,dlog_COPPER,0.00885717551310422,0.5689793446948831,0.3237374946894186,-1.36539121225385,1.468568376341498,-0.0512410616490263
2,dlog_GOLD,-0.08730331198504653,0.6849766114048353,0.46919295817165085,-2.3896430258266683,1.8990708592355523,-0.113710291363514
2,dlog_SILVER,-0.08306539652490981,0.8274870108310417,0.6847347530940925,-2.0216899016421763,2.8035382309995205,-0.1171059800177257
2,dlog_DXY,-0.01849968641941627,1.0106635528911754,1.0214408171426135,-3.4317754736281367,2.147070390878272,0.1319010973947318
2,dlog_OIL,-0.08498014361057671,1.086823158790243,1.1811845784828017,-2.373558435517541,1.746643713904949,0.0672908719287735
2,dlog_GAS,-0.295215243101806,1.8815119362933121,3.540087166414209,-14.112426933555742,2.1651030102619866,-0.022649436245191
2,d_UST10Y,-0.24698033311561682,1.2274246700183449,1.506571320569643,-3.1456277803304347,2.3949427001846897,-0.350826741486514
2,d_VIX,-0.03851247250199369,0.40252160126925274,0.1620236394883633,-0.9509609402324456,1.0901943773141298,-0.0373560105657073
2,d_PJM_LMP,-0.1073900702908628,0.8484376446070389,0.71984643678634,-5.2114851385878085,1.131473020392736,-0.0648179728856928
3,dlog_SOLVPN,-0.021987934933230653,0.9095442190564907,0.8272706864190815,-3.436885870574989,2.6281361752393018,-0.05249836462356185
3,dlog_COPPER,-0.027640303145816957,0.7835397478187065,0.6139345364118022,-2.8626506116491424,2.2426846947553347,-0.0264918548834205
3,dlog_GOLD,0.02461138348282521,0.9132748880775918,0.8340710211931378,-2.478092497875183,2.836687203801196,0.14121864775679743
3,dlog_SILVER,0.014813931168734933,1.0489069988453175,1.1002058922266906,-2.3284647831799585,3.728375818194474,0.0362588777563387
3,dlog_DXY,0.06697688915853466,0.8224510539736389,0.6764257361823496,-1.934241738503675,3.639824324494024,0.08856751104363844
3,dlog_OIL,0.06468184579366776,0.9443677984932546,0.8918305388309964,-3.267686508278273,2.509290674346033,0.06854982096576105
3,dlog_GAS,0.1477637097463269,0.8346005311333493,0.6965580465680687,-2.3140304135806984,4.618828463277652,0.057614078795025406
3,d_UST10Y,0.048828845664298286,0.8888985473885058,0.7901406275493957,-2.2467151654975863,2.99966573198134,0.09045763306777979
3,d_VIX,0.0300589176025538,1.1797877548079507,1.3918991463947854,-6.299597395559875,8.757537014897018,-0.043138320247141704
3,d_PJM_LMP,0.07147398539680341,0.6926303653049359,0.47973682294244907,-3.290075070020224,4.088127389544744,0.0489770395798727
4,dlog_SOLVPN,-0.0754303038334761,1.443867427393138,2.0847531478868784,-3.958027690938735,3.7258816098376526,0.17852337362921844
4,dlog_COPPER,0.22824016044387818,0.9234019486087592,0.8526711586944535,-2.784163232042311,2.7522767429191584,0.369493888409155
4,dlog_GOLD,0.19073105752360692,1.1781821627276332,1.388113208569563,-4.3309538064321815,2.6580395925951503,0.22937901078797066
4,dlog_SILVER,0.012823124493502766,1.0037808230629086,1.00757594074885,-3.7970770625758816,2.0070892544697565,0.048032855310689904
4,dlog_DXY,-0.365333032667432,1.336786804117646,1.7869989596630698,-4.467273478636948,2.1870310102383117,-0.182941776259959
4,dlog_OIL,-0.07134244352757871,0.9476429795866105,0.8980272167597891,-3.309322769218573,2.146947443912416,-0.0120938931179964
4,dlog_GAS,-0.11185034341454804,1.3308427438803057,1.771142408938861,-8.134159275562507,3.29724111581917,-0.022649436245191
4,d_UST10Y,-0.08578371899186311,0.9995495113981263,0.9990992257362331,-2.2630590312218253,3.293855315017531,-0.17104421851995155
4,d_VIX,-0.0265623658270279,1.9643614549370143,3.858715925642264,-10.838710495486398,4.900736457379833,-0.07494102349503384
4,d_PJM_LMP,-0.06662701199149626,1.2703200576385798,1.6137130488388847,-6.903865845578483,2.721078757358116,0.0069889349472406995
5,dlog_SOLVPN,0.09404776444762641,0.8826394762370646,0.7790524450120399,-3.1352535065166154,2.2696629220338123,0.05020035409349925
5,dlog_COPPER,-0.0018654201082587353,1.5695516913908572,2.4634925119479005,-13.665032067947724,6.720731681997905,0.061854587947015004
5,dlog_GOLD,0.02618164572730953,1.2456443786674316,1.551629918105772,-5.241509488250494,2.862334657837485,0.00808183959927245
5,dlog_SILVER,0.11410812234414656,1.1378146694798161,1.2946222220834633,-4.6356685837538745,4.595795753081378,0.04142417942884205
5,dlog_DXY,0.06053436367744694,0.9812007193510555,0.9627548516550286,-2.785077254793514,3.240143489135745,0.002241666381767
5,dlog_OIL,0.007807583861551322,0.9485324810702054,0.8997138676451994,-4.330584151260235,2.613623391050804,0.0500822583991465
5,dlog_GAS,0.04357025100869644,0.617792738251608,0.3816678674364198,-3.536719914557065,2.724084088996264,0.04274405851447665
5,d_UST10Y,-0.047864348171865245,0.6744951213627065,0.45494366874209213,-1.805430790943296,1.822907399836532,-0.05663715845031565
5,d_VIX,-0.021964862737181005,0.6575003248732707,0.43230667720845645,-2.049599779705106,2.68032953970877,-0.0547029396100121
5,d_PJM_LMP,0.0922714525313177,1.3090041799362149,1.7134919430904827,-5.066440458836087,4.013893412105427,0.1117800734686241
